Test_Number,Experiment_ID,Profile,Start_X,Start_Y,Goal_X,Goal_Y,Euclidean_Distance,Dijkstra_Success,Dijkstra_Path_Length,Dijkstra_Cost,AStar_Success,AStar_Path_Length,AStar_Cost,Safety_Success,Safety_Path_Length,Safety_Cost,Balanced_Success,Balanced_Path_Length,Balanced_Cost
1,1,Offensive,205.56,302.24,49.24,28.01,315.65,1,29,38.8127,1,29,38.8127,1,48,73.3985,1,33,13.3987
1,1,Neutral,205.56,302.24,49.24,28.01,315.65,1,29,48.146,1,29,48.146,1,48,74.9651,1,34,16.7504
1,1,Defensive,205.56,302.24,49.24,28.01,315.65,1,29,66.8127,1,29,66.8127,1,48,78.0985,1,34,25.1256
1,1,Dynamic,205.56,302.24,49.24,28.01,315.65,1,29,40.146,1,29,40.146,1,48,73.5318,1,33,18.3691
1,2,Offensive,334.36,479.35,219.77,294.78,217.25,1,22,21.2572,1,22,21.3181,1,22,4.6718,1,21,3.4989
1,2,Neutral,334.36,479.35,219.77,294.78,217.25,1,22,28.2572,1,22,28.3181,1,22,5.3718,1,22,2.9885
1,2,Defensive,334.36,479.35,219.77,294.78,217.25,1,21,42.0605,1,21,42.0605,1,22,6.7718,1,22,3.4633
1,2,Dynamic,334.36,479.35,219.77,294.78,217.25,1,22,21.2572,1,22,21.3181,1,22,4.6718,1,21,3.4989
1,3,Offensive,377.32,240.16,42.88,177.65,340.23,1,38,43.41,1,38,43.5157,1,38,67.7995,1,39,12.6952
1,3,Neutral,377.32,240.16,42.88,177.65,340.23,1,37,55.687,1,37,55.687,1,38,69.0329,1,40,15.1514
1,3,Defensive,377.32,240.16,42.88,177.65,340.23,1,34,77.9095,1,34,77.9095,1,38,71.4995,1,40,21.9706
1,3,Dynamic,377.32,240.16,42.88,177.65,340.23,1,38,44.7433,1,38,44.8491,1,38,67.9329,1,39,17.7279
1,4,Offensive,143.13,37.26,420.82,412.04,466.44,1,44,52.4112,1,43,52.7202,1,51,45.5114,1,43,18.5894
1,4,Neutral,143.13,37.26,420.82,412.04,466.44,1,43,66.4761,1,43,66.4761,1,51,47.178,1,43,24.0887
1,4,Defensive,143.13,37.26,420.82,412.04,466.44,1,43,94.4761,1,43,94.4761,1,51,50.5114,1,50,26.3678
1,4,Dynamic,143.13,37.26,420.82,412.04,466.44,1,44,52.7445,1,43,53.0536,1,51,45.5447,1,43,19.7207
1,5,Offensive,109.06,433.6,474.21,71.61,514.17,1,55,54.0,1,52,56.9345,1,55,5.4,1,53,18.1077
1,5,Neutral,109.06,433.6,474.21,71.61,514.17,1,49,70.0266,1,49,70.0908,1,55,7.2,1,55,15.1191
1,5,Defensive,109.06,433.6,474.21,71.61,514.17,1,47,101.5843,1,47,101.5843,1,55,10.8,1,55,22.2876
1,5,Dynamic,109.06,433.6,474.21,71.61,514.17,1,55,54.0,1,55,54.0847,1,55,5.4,1,54,12.603
1,6,Offensive,323.05,308.0,378.14,404.0,110.69,1,11,11.7729,1,11,11.8329,1,11,18.7285,1,11,3.1556
1,6,Neutral,323.05,308.0,378.14,404.0,110.69,1,11,15.1062,1,11,15.1062,1,11,19.0619,1,11,3.0992
1,6,Defensive,323.05,308.0,378.14,404.0,110.69,1,11,21.7729,1,11,21.7729,1,11,19.7285,1,11,4.6488
1,6,Dynamic,323.05,308.0,378.14,404.0,110.69,1,11,12.1062,1,11,12.1662,1,11,18.7619,1,11,3.8368
1,7,Offensive,392.46,356.66,33.27,354.66,359.19,1,37,37.5147,1,39,39.7,1,37,18.7473,1,37,14.5661
1,7,Neutral,392.46,356.66,33.27,354.66,359.19,1,37,49.5147,1,37,49.5147,1,37,19.9473,1,40,12.8173
1,7,Defensive,392.46,356.66,33.27,354.66,359.19,1,37,73.5147,1,37,73.5147,1,37,22.3473,1,40,14.2587
1,7,Dynamic,392.46,356.66,33.27,354.66,359.19,1,37,37.8481,1,39,40.0333,1,37,18.7806,1,39,12.1278
1,8,Offensive,343.38,197.98,293.21,85.3,123.34,1,16,16.4629,1,15,16.5318,1,18,13.1795,1,16,7.24
1,8,Neutral,343.38,197.98,293.21,85.3,123.34,1,13,20.5549,1,13,20.5549,1,18,13.7461,1,17,7.7345
1,8,Defensive,343.38,197.98,293.21,85.3,123.34,1,13,28.5549,1,13,28.5549,1,18,14.8795,1,28,7.7537
1,8,Dynamic,343.38,197.98,293.21,85.3,123.34,1,16,16.4629,1,15,16.5318,1,18,13.1795,1,18,7.3567
1,9,Offensive,131.58,77.85,160.37,47.7,41.69,1,4,8.9124,1,4,8.9124,1,16,15.8083,1,4,5.9424
1,9,Neutral,131.58,77.85,160.37,47.7,41.69,1,4,9.9124,1,4,9.9124,1,16,16.3083,1,4,7.9233
1,9,Defensive,131.58,77.85,160.37,47.7,41.69,1,4,11.9124,1,4,11.9124,1,16,17.3083,1,15,4.6479
1,9,Dynamic,131.58,77.85,160.37,47.7,41.69,1,4,9.5791,1,4,9.5791,1,16,15.8083,1,13,4.245
1,10,Offensive,93.68,311.45,131.48,430.89,125.28,1,14,24.1889,1,14,24.1889,1,48,24.5133,1,14,11.766
1,10,Neutral,93.68,311.45,131.48,430.89,125.28,1,14,28.5222,1,14,28.5222,1,48,26.08,1,14,15.688
1,10,Defensive,93.68,311.45,131.48,430.89,125.28,1,14,37.1889,1,14,37.1889,1,48,29.2133,1,27,13.6925
1,10,Dynamic,93.68,311.45,131.48,430.89,125.28,1,14,25.1889,1,14,25.1889,1,48,24.5467,1,14,13.689
1,11,Offensive,184.31,377.03,73.63,103.45,295.11,1,28,29.2271,1,28,29.2271,1,56,6.2123,1,28,5.4096
1,11,Neutral,184.31,377.03,73.63,103.45,295.11,1,28,38.2271,1,28,38.2271,1,56,8.0456,1,28,7.2128
1,11,Defensive,184.31,377.03,73.63,103.45,295.11,1,28,56.2271,1,28,56.2271,1,56,11.7123,1,28,10.8192
1,11,Dynamic,184.31,377.03,73.63,103.45,295.11,1,28,29.2271,1,28,29.2271,1,56,6.2123,1,28,5.4096
1,12,Offensive,394.19,38.17,260.57,232.55,235.88,1,21,22.5257,1,21,23.2396,1,29,2.8,1,21,5.1335
1,12,Neutral,394.19,38.17,260.57,232.55,235.88,1,21,29.1923,1,21,29.1923,1,29,3.7333,1,21,6.0972
1,12,Defensive,394.19,38.17,260.57,232.55,235.88,1,21,42.5257,1,21,42.5257,1,29,5.6,1,21,8.4904
1,12,Dynamic,394.19,38.17,260.57,232.55,235.88,1,21,22.5257,1,21,23.2396,1,29,2.8,1,21,5.1335
1,13,Offensive,124.39,346.87,308.83,463.11,218.01,1,23,35.7544,1,23,36.1209,1,40,66.0995,1,23,16.2195
1,13,Neutral,124.39,346.87,308.83,463.11,218.01,1,19,41.9606,1,20,42.2,1,40,67.3995,1,23,21.626
1,13,Defensive,124.39,346.87,308.83,463.11,218.01,1,19,53.9606,1,19,53.9606,1,40,69.9995,1,30,23.7906
1,13,Dynamic,124.39,346.87,308.83,463.11,218.01,1,23,38.0877,1,23,38.4542,1,40,66.2329,1,23,22.8708
1,14,Offensive,221.65,358.22,132.52,51.76,319.15,1,35,45.082,1,35,45.082,1,55,81.9889,1,40,16.7544
1,14,Neutral,221.65,358.22,132.52,51.76,319.15,1,35,56.4153,1,35,56.4153,1,55,83.7889,1,59,19.693
1,14,Defensive,221.65,358.22,132.52,51.76,319.15,1,34,78.8853,1,34,78.8853,1,50,87.1011,1,48,26.4974
1,14,Dynamic,221.65,358.22,132.52,51.76,319.15,1,35,46.4153,1,35,46.4153,1,55,82.1222,1,40,22.2042
1,15,Offensive,150.31,412.98,395.95,145.47,363.19,1,35,43.5352,1,35,43.8248,1,45,71.7314,1,33,16.8235
1,15,Neutral,150.31,412.98,395.95,145.47,363.19,1,35,54.8685,1,35,54.8685,1,45,73.1981,1,35,18.695
1,15,Defensive,150.31,412.98,395.95,145.47,363.19,1,33,76.7773,1,33,76.7773,1,45,76.1314,1,35,28.0425
1,15,Dynamic,150.31,412.98,395.95,145.47,363.19,1,35,44.8685,1,35,45.1581,1,45,71.8647,1,35,19.0022
1,16,Offensive,20.35,169.67,297.19,314.01,312.21,1,31,33.9521,1,31,34.1373,1,32,38.5179,1,31,10.4705
1,16,Neutral,20.35,169.67,297.19,314.01,312.21,1,31,43.9521,1,31,43.9521,1,32,39.5512,1,31,13.4864
1,16,Defensive,20.35,169.67,297.19,314.01,312.21,1,31,63.9521,1,31,63.9521,1,32,41.6179,1,31,19.4698
1,16,Dynamic,20.35,169.67,297.19,314.01,312.21,1,31,34.2854,1,31,34.4707,1,32,38.5512,1,31,11.2053
1,17,Offensive,231.48,447.12,273.88,409.29,56.83,1,5,4.8702,1,5,4.8702,1,5,9.1025,1,5,0.9302
1,17,Neutral,231.48,447.12,273.88,409.29,56.83,1,5,6.2036,1,5,6.2036,1,5,9.2358,1,5,1.2403
1,17,Defensive,231.48,447.12,273.88,409.29,56.83,1,5,8.8702,1,5,8.8702,1,5,9.5025,1,5,1.8605
1,17,Dynamic,231.48,447.12,273.88,409.29,56.83,1,5,4.8702,1,5,4.8702,1,5,9.1025,1,5,0.9302
1,18,Offensive,235.22,55.26,437.36,115.76,211.0,1,21,20.0,1,21,20.1645,1,21,2.0,1,21,1.6559
1,18,Neutral,235.22,55.26,437.36,115.76,211.0,1,21,26.6667,1,21,26.6667,1,21,2.6667,1,21,2.0469
1,18,Defensive,235.22,55.26,437.36,115.76,211.0,1,21,40.0,1,21,40.0,1,21,4.0,1,21,2.8771
1,18,Dynamic,235.22,55.26,437.36,115.76,211.0,1,21,20.0,1,21,20.1645,1,21,2.0,1,21,1.6559
1,19,Offensive,472.74,77.68,33.48,124.9,441.79,1,46,47.7941,1,46,47.988,1,48,17.799,1,48,11.6407
1,19,Neutral,472.74,77.68,33.48,124.9,441.79,1,46,62.7941,1,46,62.7941,1,48,19.3657,1,48,14.5804
1,19,Defensive,472.74,77.68,33.48,124.9,441.79,1,46,92.7941,1,46,92.7941,1,48,22.499,1,48,21.8706
1,19,Dynamic,472.74,77.68,33.48,124.9,441.79,1,46,47.7941,1,46,47.988,1,48,17.799,1,48,11.6407
1,20,Offensive,63.59,297.54,61.43,430.04,132.52,1,17,20.6088,1,17,20.6088,1,57,21.6745,1,21,5.9576
1,20,Neutral,63.59,297.54,61.43,430.04,132.52,1,17,25.9421,1,17,25.9421,1,57,23.5412,1,20,7.5343
1,20,Defensive,63.59,297.54,61.43,430.04,132.52,1,17,36.6088,1,17,36.6088,1,57,27.2745,1,20,11.3987
1,20,Dynamic,63.59,297.54,61.43,430.04,132.52,1,17,20.9421,1,17,20.9421,1,57,21.7079,1,21,6.4934
1,21,Offensive,136.3,85.19,343.22,458.74,427.03,1,43,44.7779,1,43,45.76,1,67,12.1078,1,43,11.8359
1,21,Neutral,136.3,85.19,343.22,458.74,427.03,1,43,58.7779,1,43,58.7779,1,67,14.3078,1,43,15.1823
1,21,Defensive,136.3,85.19,343.22,458.74,427.03,1,38,85.9687,1,38,85.9687,1,67,18.7078,1,43,20.4917
1,21,Dynamic,136.3,85.19,343.22,458.74,427.03,1,43,44.7779,1,43,45.76,1,67,12.1078,1,43,11.8359
1,22,Offensive,152.27,284.99,262.99,467.93,213.84,1,29,29.2349,1,29,29.5049,1,30,9.0328,1,22,11.3248
1,22,Neutral,152.27,284.99,262.99,467.93,213.84,1,19,36.6566,1,19,36.7575,1,30,9.9994,1,23,13.7239
1,22,Defensive,152.27,284.99,262.99,467.93,213.84,1,19,48.6566,1,19,48.6566,1,30,11.9328,1,30,7.993
1,22,Dynamic,152.27,284.99,262.99,467.93,213.84,1,29,29.2349,1,29,29.5049,1,30,9.0328,1,22,13.3828
1,23,Offensive,146.16,252.37,218.55,236.9,74.03,1,8,7.9025,1,8,7.9025,1,8,9.7253,1,8,1.0516
1,23,Neutral,146.16,252.37,218.55,236.9,74.03,1,8,10.2359,1,8,10.2359,1,8,9.9587,1,8,1.4021
1,23,Defensive,146.16,252.37,218.55,236.9,74.03,1,8,14.9025,1,8,14.9025,1,8,10.4253,1,8,2.1032
1,23,Dynamic,146.16,252.37,218.55,236.9,74.03,1,8,7.9025,1,8,7.9025,1,8,9.7253,1,8,1.0516
1,24,Offensive,188.91,129.87,35.83,291.79,222.82,1,21,22.8746,1,21,23.0988,1,23,30.0557,1,23,5.3837
1,24,Neutral,188.91,129.87,35.83,291.79,222.82,1,21,29.5412,1,21,29.7655,1,23,30.789,1,23,6.5789
1,24,Defensive,188.91,129.87,35.83,291.79,222.82,1,18,42.0999,1,18,42.0999,1,23,32.2557,1,23,8.7313
1,24,Dynamic,188.91,129.87,35.83,291.79,222.82,1,21,23.2079,1,21,23.4321,1,23,30.089,1,23,6.1392
1,25,Offensive,120.05,91.6,415.01,142.48,299.32,1,37,36.7618,1,37,37.2996,1,39,3.8,1,37,6.3215
1,25,Neutral,120.05,91.6,415.01,142.48,299.32,1,37,48.7618,1,37,48.7618,1,39,5.0667,1,37,8.4287
1,25,Defensive,120.05,91.6,415.01,142.48,299.32,1,30,69.0241,1,30,69.0241,1,39,7.6,1,38,11.7264
1,25,Dynamic,120.05,91.6,415.01,142.48,299.32,1,37,36.7618,1,37,37.2996,1,39,3.8,1,37,6.3215
1,26,Offensive,220.15,423.08,173.27,448.3,53.24,1,6,11.8055,1,6,11.8055,1,16,21.489,1,6,6.8893
1,26,Neutral,220.15,423.08,173.27,448.3,53.24,1,6,13.4722,1,6,13.4722,1,16,21.989,1,16,4.6656
1,26,Defensive,220.15,423.08,173.27,448.3,53.24,1,6,16.8055,1,6,16.8055,1,16,22.989,1,16,5.207
1,26,Dynamic,220.15,423.08,173.27,448.3,53.24,1,6,12.8055,1,6,12.8055,1,16,21.5223,1,18,6.8579
1,27,Offensive,295.7,318.36,190.03,377.95,121.32,1,11,16.6568,1,11,16.6568,1,28,35.8551,1,11,7.0001
1,27,Neutral,295.7,318.36,190.03,377.95,121.32,1,11,19.9901,1,11,19.9901,1,28,36.7551,1,11,9.3334
1,27,Defensive,295.7,318.36,190.03,377.95,121.32,1,11,26.6568,1,11,26.6568,1,28,38.5551,1,19,13.4245
1,27,Dynamic,295.7,318.36,190.03,377.95,121.32,1,11,17.6568,1,11,17.6568,1,28,35.8884,1,11,8.9885
1,28,Offensive,163.86,457.35,343.79,358.49,205.3,1,21,20.0,1,21,20.0847,1,21,2.0,1,20,2.9297
1,28,Neutral,163.86,457.35,343.79,358.49,205.3,1,21,26.6667,1,21,26.6667,1,21,2.6667,1,21,2.2972
1,28,Defensive,163.86,457.35,343.79,358.49,205.3,1,20,39.3981,1,20,39.3981,1,21,4.0,1,21,3.4458
1,28,Dynamic,163.86,457.35,343.79,358.49,205.3,1,21,20.0,1,21,20.0847,1,21,2.0,1,20,2.9297
1,29,Offensive,298.32,441.13,166.71,404.63,136.57,1,14,26.4371,1,14,26.4371,1,40,74.5388,1,14,14.0111
1,29,Neutral,298.32,441.13,166.71,404.63,136.57,1,14,30.7704,1,14,30.7704,1,40,75.8388,1,14,18.6814
1,29,Defensive,298.32,441.13,166.71,404.63,136.57,1,14,39.4371,1,14,39.4371,1,40,78.4388,1,31,23.0363
1,29,Dynamic,298.32,441.13,166.71,404.63,136.57,1,14,28.4371,1,14,28.4371,1,40,74.6721,1,14,20.2263
1,30,Offensive,91.39,120.77,106.93,339.17,218.95,1,22,26.0691,1,22,26.0691,1,54,21.2657,1,22,7.2936
1,30,Neutral,91.39,120.77,106.93,339.17,218.95,1,22,33.0691,1,22,33.0691,1,54,23.0323,1,22,8.7432
1,30,Defensive,91.39,120.77,106.93,339.17,218.95,1,22,47.0691,1,22,47.0691,1,54,26.5657,1,24,12.0054
1,30,Dynamic,91.39,120.77,106.93,339.17,218.95,1,22,26.4025,1,22,26.4025,1,54,21.2657,1,24,6.5502
1,31,Offensive,137.56,269.5,346.93,147.76,242.19,1,22,24.2396,1,22,24.2396,1,32,3.1,1,22,6.0969
1,31,Neutral,137.56,269.5,346.93,147.76,242.19,1,22,31.2396,1,22,31.2396,1,32,4.1333,1,22,7.3548
1,31,Defensive,137.56,269.5,346.93,147.76,242.19,1,22,45.2396,1,22,45.2396,1,32,6.2,1,23,8.4195
1,31,Dynamic,137.56,269.5,346.93,147.76,242.19,1,22,24.2396,1,22,24.2396,1,32,3.1,1,23,5.1507
1,32,Offensive,434.87,98.05,92.84,196.43,355.9,1,37,37.6534,1,35,38.3023,1,40,14.5277,1,35,8.3203
1,32,Neutral,434.87,98.05,92.84,196.43,355.9,1,35,49.6357,1,35,49.6357,1,40,15.8277,1,35,11.0938
1,32,Defensive,434.87,98.05,92.84,196.43,355.9,1,35,72.3023,1,35,72.3023,1,40,18.4277,1,38,12.9491
1,32,Dynamic,434.87,98.05,92.84,196.43,355.9,1,37,37.6534,1,35,38.3023,1,40,14.5277,1,35,8.3203
1,33,Offensive,229.86,88.32,176.43,418.16,334.14,1,34,41.3768,1,34,41.6068,1,51,66.4014,1,34,13.3177
1,33,Neutral,229.86,88.32,176.43,418.16,334.14,1,34,52.3768,1,34,52.3768,1,51,68.068,1,41,19.342
1,33,Defensive,229.86,88.32,176.43,418.16,334.14,1,34,74.3768,1,34,74.3768,1,51,71.4014,1,53,22.4753
1,33,Dynamic,229.86,88.32,176.43,418.16,334.14,1,34,42.3768,1,34,42.6068,1,51,66.4347,1,34,15.8441
1,34,Offensive,332.54,155.96,447.38,125.44,118.83,1,12,11.0,1,12,11.0,1,12,1.1,1,12,0.3907
1,34,Neutral,332.54,155.96,447.38,125.44,118.83,1,12,14.6667,1,12,14.6667,1,12,1.4667,1,12,0.5209
1,34,Defensive,332.54,155.96,447.38,125.44,118.83,1,12,22.0,1,12,22.0,1,12,2.2,1,12,0.7814
1,34,Dynamic,332.54,155.96,447.38,125.44,118.83,1,12,11.0,1,12,11.0,1,12,1.1,1,12,0.3907
1,35,Offensive,163.89,311.95,337.6,31.55,329.85,1,31,35.7891,1,31,35.7891,1,48,11.7946,1,31,9.1093
1,35,Neutral,163.89,311.95,337.6,31.55,329.85,1,31,45.7891,1,31,45.7891,1,41,13.1402,1,38,9.5105
1,35,Defensive,163.89,311.95,337.6,31.55,329.85,1,31,65.7891,1,31,65.7891,1,41,15.8069,1,38,12.5775
1,35,Dynamic,163.89,311.95,337.6,31.55,329.85,1,31,35.7891,1,31,35.7891,1,48,11.7946,1,31,9.1093
1,36,Offensive,54.39,27.56,186.2,275.09,280.44,1,26,31.6175,1,26,31.6175,1,44,45.251,1,28,10.7332
1,36,Neutral,54.39,27.56,186.2,275.09,280.44,1,26,39.9508,1,26,39.9508,1,44,46.6843,1,27,12.408
1,36,Defensive,54.39,27.56,186.2,275.09,280.44,1,26,56.6175,1,26,56.6175,1,44,49.551,1,26,18.2154
1,36,Dynamic,54.39,27.56,186.2,275.09,280.44,1,26,31.9508,1,26,31.9508,1,44,45.2843,1,28,11.5807
1,37,Offensive,320.67,25.08,433.06,376.37,368.82,1,36,40.5103,1,36,40.8896,1,38,51.7081,1,36,10.622
1,37,Neutral,320.67,25.08,433.06,376.37,368.82,1,36,52.1769,1,36,52.1769,1,38,52.9414,1,36,14.1627
1,37,Defensive,320.67,25.08,433.06,376.37,368.82,1,36,75.5103,1,36,75.5103,1,38,55.4081,1,36,19.8205
1,37,Dynamic,320.67,25.08,433.06,376.37,368.82,1,36,41.5103,1,36,41.8896,1,38,51.8081,1,36,14.2119
1,38,Offensive,165.38,285.32,139.95,88.64,198.32,1,24,28.7264,1,24,28.7264,1,48,40.4054,1,25,9.794
1,38,Neutral,165.38,285.32,139.95,88.64,198.32,1,24,36.3931,1,24,36.3931,1,48,41.9721,1,26,10.4803
1,38,Defensive,165.38,285.32,139.95,88.64,198.32,1,23,51.3692,1,23,51.3692,1,48,45.1054,1,26,14.8251
1,38,Dynamic,165.38,285.32,139.95,88.64,198.32,1,24,29.0597,1,24,29.0597,1,48,40.4387,1,25,10.3747
1,39,Offensive,268.31,293.61,90.09,128.3,243.09,1,22,28.3451,1,22,28.3451,1,55,43.4134,1,24,8.0088
1,39,Neutral,268.31,293.61,90.09,128.3,243.09,1,18,34.2572,1,18,34.2572,1,55,45.2134,1,24,10.6783
1,39,Defensive,268.31,293.61,90.09,128.3,243.09,1,18,45.5905,1,18,45.5905,1,50,48.5256,1,25,15.1559
1,39,Dynamic,268.31,293.61,90.09,128.3,243.09,1,22,29.0118,1,22,29.0118,1,55,43.4467,1,24,8.9854
1,40,Offensive,45.64,329.02,98.75,98.62,236.45,1,24,25.2271,1,24,25.2271,1,50,5.6123,1,24,4.4997
1,40,Neutral,45.64,329.02,98.75,98.62,236.45,1,24,32.8937,1,24,32.8937,1,50,7.2456,1,24,5.9996
1,40,Defensive,45.64,329.02,98.75,98.62,236.45,1,24,48.2271,1,24,48.2271,1,50,10.5123,1,24,8.1009
1,40,Dynamic,45.64,329.02,98.75,98.62,236.45,1,24,25.2271,1,24,25.2271,1,50,5.6123,1,24,4.4997
1,41,Offensive,29.08,373.03,291.64,60.5,408.18,1,37,39.0442,1,37,40.4611,1,38,28.9472,1,37,10.6495
1,41,Neutral,29.08,373.03,291.64,60.5,408.18,1,37,51.0442,1,37,51.0442,1,38,30.1805,1,37,11.3097
1,41,Defensive,29.08,373.03,291.64,60.5,408.18,1,37,75.0442,1,37,75.0442,1,38,32.6472,1,37,15.9209
1,41,Dynamic,29.08,373.03,291.64,60.5,408.18,1,37,39.3775,1,37,40.7944,1,38,28.9805,1,37,11.3232
1,42,Offensive,148.32,213.17,27.5,201.22,121.41,1,13,12.0,1,13,12.3201,1,13,1.2,1,13,1.039
1,42,Neutral,148.32,213.17,27.5,201.22,121.41,1,13,16.0,1,13,16.0,1,13,1.6,1,13,1.0646
1,42,Defensive,148.32,213.17,27.5,201.22,121.41,1,13,24.0,1,13,24.0,1,13,2.4,1,13,0.963
1,42,Dynamic,148.32,213.17,27.5,201.22,121.41,1,13,12.0,1,13,12.3201,1,13,1.2,1,13,1.039
1,43,Offensive,97.69,327.84,352.8,420.31,271.35,1,29,28.9489,1,29,30.1163,1,30,2.9,1,27,10.5316
1,43,Neutral,97.69,327.84,352.8,420.31,271.35,1,29,38.2822,1,29,38.2822,1,30,3.8667,1,29,9.0322
1,43,Defensive,97.69,327.84,352.8,420.31,271.35,1,28,56.7522,1,28,56.7522,1,30,5.8,1,29,11.7391
1,43,Dynamic,97.69,327.84,352.8,420.31,271.35,1,29,28.9489,1,29,30.1163,1,30,2.9,1,30,7.558
1,44,Offensive,237.49,70.49,300.79,407.61,343.01,1,34,33.3387,1,35,35.0045,1,41,4.0,1,34,8.2611
1,44,Neutral,237.49,70.49,300.79,407.61,343.01,1,34,44.3387,1,34,44.3387,1,35,5.2456,1,36,6.7477
1,44,Defensive,237.49,70.49,300.79,407.61,343.01,1,34,66.3387,1,34,66.3387,1,35,7.5123,1,36,10.1216
1,44,Dynamic,237.49,70.49,300.79,407.61,343.01,1,34,33.3387,1,35,35.0045,1,41,4.0,1,34,8.2611
1,45,Offensive,243.99,163.33,440.38,211.19,202.13,1,21,26.1861,1,21,26.1861,1,21,63.8609,1,21,7.546
1,45,Neutral,243.99,163.33,440.38,211.19,202.13,1,21,32.8528,1,21,32.8528,1,21,64.5276,1,21,10.0613
1,45,Defensive,243.99,163.33,440.38,211.19,202.13,1,21,46.1861,1,21,46.1861,1,21,65.8609,1,21,15.0919
1,45,Dynamic,243.99,163.33,440.38,211.19,202.13,1,21,27.5194,1,21,27.5194,1,21,63.9943,1,21,12.7126
1,46,Offensive,85.08,344.02,300.87,452.97,241.73,1,23,35.1339,1,23,35.78,1,35,47.1153,1,25,15.4301
1,46,Neutral,85.08,344.02,300.87,452.97,241.73,1,23,42.4673,1,23,42.4673,1,35,48.2486,1,27,19.4746
1,46,Defensive,85.08,344.02,300.87,452.97,241.73,1,23,57.1339,1,23,57.1339,1,35,50.5153,1,35,17.3113
1,46,Dynamic,85.08,344.02,300.87,452.97,241.73,1,23,36.8006,1,23,37.4466,1,35,47.1486,1,25,18.5733
1,47,Offensive,392.57,390.67,470.18,97.98,302.81,1,31,30.0,1,31,30.0,1,31,3.0,1,31,3.7171
1,47,Neutral,392.57,390.67,470.18,97.98,302.81,1,31,40.0,1,31,40.0,1,31,4.0,1,31,4.5889
1,47,Defensive,392.57,390.67,470.18,97.98,302.81,1,31,60.0,1,31,60.0,1,31,6.0,1,31,6.8834
1,47,Dynamic,392.57,390.67,470.18,97.98,302.81,1,31,30.0,1,31,30.0,1,31,3.0,1,31,3.7171
1,48,Offensive,58.82,452.91,65.5,143.09,309.89,1,32,36.3806,1,32,36.3806,1,91,12.3451,1,34,9.7947
1,48,Neutral,58.82,452.91,65.5,143.09,309.89,1,32,46.7139,1,32,46.7139,1,91,15.3451,1,40,12.5334
1,48,Defensive,58.82,452.91,65.5,143.09,309.89,1,32,67.3806,1,32,67.3806,1,91,21.3451,1,40,17.6676
1,48,Dynamic,58.82,452.91,65.5,143.09,309.89,1,32,36.3806,1,32,36.3806,1,91,12.3451,1,34,9.7947
1,49,Offensive,348.02,289.38,173.67,194.11,198.68,1,19,19.568,1,19,19.719,1,22,17.165,1,18,4.2802
1,49,Neutral,348.02,289.38,173.67,194.11,198.68,1,19,25.568,1,19,25.568,1,22,17.865,1,19,4.354
1,49,Defensive,348.02,289.38,173.67,194.11,198.68,1,18,37.1143,1,18,37.1143,1,22,19.265,1,19,6.233
1,49,Dynamic,348.02,289.38,173.67,194.11,198.68,1,19,19.9013,1,19,20.0523,1,22,17.1983,1,18,4.8451
1,50,Offensive,260.43,425.0,336.25,52.26,380.37,1,38,37.0363,1,38,37.2239,1,38,4.0631,1,38,9.2487
1,50,Neutral,260.43,425.0,336.25,52.26,380.37,1,38,49.3696,1,38,49.3696,1,38,5.2965,1,39,10.0093
1,50,Defensive,260.43,425.0,336.25,52.26,380.37,1,38,74.0363,1,38,74.0363,1,38,7.7631,1,39,15.014
1,50,Dynamic,260.43,425.0,336.25,52.26,380.37,1,38,37.0363,1,38,37.2239,1,38,4.0631,1,38,9.2487
1,51,Offensive,235.36,329.17,401.68,363.58,169.84,1,18,18.8449,1,18,18.9237,1,18,20.1493,1,18,2.8885
1,51,Neutral,235.36,329.17,401.68,363.58,169.84,1,18,24.5116,1,18,24.5116,1,18,20.716,1,18,3.8514
1,51,Defensive,235.36,329.17,401.68,363.58,169.84,1,18,35.8449,1,18,35.8449,1,18,21.8493,1,18,5.7771
1,51,Dynamic,235.36,329.17,401.68,363.58,169.84,1,18,19.1783,1,18,19.257,1,18,20.1826,1,18,3.5681
1,52,Offensive,349.89,153.29,442.42,76.42,120.29,1,12,11.0,1,12,11.2194,1,12,1.1,1,12,0.6516
1,52,Neutral,349.89,153.29,442.42,76.42,120.29,1,12,14.6667,1,12,14.6667,1,12,1.4667,1,12,0.8688
1,52,Defensive,349.89,153.29,442.42,76.42,120.29,1,11,21.84,1,11,21.84,1,12,2.2,1,12,1.3031
1,52,Dynamic,349.89,153.29,442.42,76.42,120.29,1,12,11.0,1,12,11.2194,1,12,1.1,1,12,0.6516
1,53,Offensive,126.18,236.41,347.59,311.64,233.85,1,23,24.935,1,23,25.1203,1,25,31.2662,1,25,4.8214
1,53,Neutral,126.18,236.41,347.59,311.64,233.85,1,23,32.2684,1,23,32.2684,1,25,32.0662,1,25,6.4286
1,53,Defensive,126.18,236.41,347.59,311.64,233.85,1,23,46.935,1,23,46.935,1,25,33.6662,1,25,9.2774
1,53,Dynamic,126.18,236.41,347.59,311.64,233.85,1,23,25.2684,1,23,25.4536,1,25,31.2995,1,25,5.5909
1,54,Offensive,25.29,271.06,152.71,382.12,169.03,1,18,25.3266,1,21,25.6863,1,22,50.9082,1,21,7.4329
1,54,Neutral,25.29,271.06,152.71,382.12,169.03,1,18,30.9933,1,18,30.9933,1,22,51.6082,1,21,9.9105
1,54,Defensive,25.29,271.06,152.71,382.12,169.03,1,17,41.6786,1,17,41.6786,1,22,53.0082,1,21,14.245
1,54,Dynamic,25.29,271.06,152.71,382.12,169.03,1,18,26.3266,1,21,26.353,1,22,50.9749,1,21,9.1535
1,55,Offensive,286.24,232.63,203.44,360.27,152.14,1,17,20.3398,1,17,20.3398,1,17,44.9985,1,17,6.1874
1,55,Neutral,286.24,232.63,203.44,360.27,152.14,1,17,25.6732,1,17,25.6732,1,17,45.5318,1,17,7.5685
1,55,Defensive,286.24,232.63,203.44,360.27,152.14,1,17,36.3398,1,17,36.3398,1,17,46.5985,1,17,10.2227
1,55,Dynamic,286.24,232.63,203.44,360.27,152.14,1,17,21.0065,1,17,21.0065,1,17,45.0651,1,17,7.4802
1,56,Offensive,393.06,133.52,451.08,380.25,253.46,1,26,39.4903,1,26,39.7797,1,52,118.4453,1,50,17.9479
1,56,Neutral,393.06,133.52,451.08,380.25,253.46,1,26,47.8236,1,26,47.8236,1,52,120.1453,1,51,22.8639
1,56,Defensive,393.06,133.52,451.08,380.25,253.46,1,26,64.4903,1,26,64.4903,1,52,123.5453,1,52,30.016
1,56,Dynamic,393.06,133.52,451.08,380.25,253.46,1,26,41.8236,1,26,42.113,1,52,118.6453,1,50,27.2664
1,57,Offensive,441.6,366.81,228.66,118.42,327.18,1,30,35.106,1,29,35.535,1,33,50.115,1,29,12.3073
1,57,Neutral,441.6,366.81,228.66,118.42,327.18,1,29,44.5043,1,29,44.5043,1,33,51.1816,1,30,13.8256
1,57,Defensive,441.6,366.81,228.66,118.42,327.18,1,29,63.1709,1,29,63.1709,1,33,53.315,1,32,17.3301
1,57,Dynamic,441.6,366.81,228.66,118.42,327.18,1,30,35.7726,1,29,36.2016,1,33,50.1816,1,29,13.7232
1,58,Offensive,212.06,184.91,453.97,291.93,264.52,1,25,32.5759,1,25,32.9739,1,25,88.1586,1,25,11.8669
1,58,Neutral,212.06,184.91,453.97,291.93,264.52,1,25,40.5759,1,25,40.5759,1,25,88.9586,1,25,15.2617
1,58,Defensive,212.06,184.91,453.97,291.93,264.52,1,25,56.5759,1,25,56.5759,1,25,90.5586,1,25,22.019
1,58,Dynamic,212.06,184.91,453.97,291.93,264.52,1,25,33.9092,1,25,34.3072,1,25,88.292,1,25,17.4067
1,59,Offensive,243.71,70.42,114.86,334.95,294.24,1,28,28.6397,1,28,28.6397,1,29,14.0024,1,28,4.2524
1,59,Neutral,243.71,70.42,114.86,334.95,294.24,1,28,37.6397,1,28,37.6397,1,29,14.9357,1,28,5.6699
1,59,Defensive,243.71,70.42,114.86,334.95,294.24,1,27,55.3968,1,27,55.3968,1,29,16.8024,1,28,8.5048
1,59,Dynamic,243.71,70.42,114.86,334.95,294.24,1,28,28.6397,1,28,28.6397,1,29,14.0024,1,28,4.2524
1,60,Offensive,354.62,443.92,173.91,327.25,215.1,1,23,24.554,1,23,24.554,1,34,4.9992,1,22,7.0917
1,60,Neutral,354.62,443.92,173.91,327.25,215.1,1,23,31.8873,1,23,31.8873,1,34,6.0992,1,23,7.0518
1,60,Defensive,354.62,443.92,173.91,327.25,215.1,1,22,46.3573,1,22,46.3573,1,34,8.2992,1,23,8.6144
1,60,Dynamic,354.62,443.92,173.91,327.25,215.1,1,23,24.554,1,23,24.554,1,34,4.9992,1,22,7.0917
1,61,Offensive,108.82,107.29,350.63,314.83,318.67,1,35,38.9825,1,35,38.9825,1,54,24.3441,1,36,9.0897
1,61,Neutral,108.82,107.29,350.63,314.83,318.67,1,35,50.3158,1,35,50.3158,1,54,26.1108,1,37,11.3714
1,61,Defensive,108.82,107.29,350.63,314.83,318.67,1,30,72.3857,1,30,72.3857,1,54,29.6441,1,37,17.057
1,61,Dynamic,108.82,107.29,350.63,314.83,318.67,1,35,39.3158,1,35,39.3158,1,54,24.3775,1,36,9.7245
1,62,Offensive,293.28,392.53,397.34,284.68,149.86,1,12,11.0,1,12,11.0,1,12,1.1,1,12,0.5049
1,62,Neutral,293.28,392.53,397.34,284.68,149.86,1,12,14.6667,1,12,14.6667,1,12,1.4667,1,12,0.6732
1,62,Defensive,293.28,392.53,397.34,284.68,149.86,1,12,22.0,1,12,22.0,1,12,2.2,1,12,1.0097
1,62,Dynamic,293.28,392.53,397.34,284.68,149.86,1,12,11.0,1,12,11.0,1,12,1.1,1,12,0.5049
1,63,Offensive,460.2,257.82,317.86,409.22,207.8,1,19,23.0737,1,19,23.0737,1,20,49.8613,1,19,6.5148
1,63,Neutral,460.2,257.82,317.86,409.22,207.8,1,19,29.0737,1,19,29.0737,1,20,50.4947,1,19,8.6863
1,63,Defensive,460.2,257.82,317.86,409.22,207.8,1,18,40.6061,1,18,40.6061,1,20,51.7613,1,19,12.7867
1,63,Dynamic,460.2,257.82,317.86,409.22,207.8,1,19,23.7403,1,19,23.7403,1,20,49.928,1,19,8.071
1,64,Offensive,259.48,95.44,260.99,290.21,194.78,1,25,26.8126,1,26,27.9467,1,31,21.3168,1,27,7.2139
1,64,Neutral,259.48,95.44,260.99,290.21,194.78,1,25,34.8126,1,25,34.8126,1,31,22.3168,1,27,9.1799
1,64,Defensive,259.48,95.44,260.99,290.21,194.78,1,23,49.5514,1,23,49.5514,1,31,24.3168,1,29,11.009
1,64,Dynamic,259.48,95.44,260.99,290.21,194.78,1,25,27.1459,1,26,28.28,1,31,21.3501,1,27,7.8739
1,65,Offensive,437.14,429.83,116.23,240.16,372.77,1,33,34.1864,1,33,36.5829,1,33,25.0637,1,33,6.6632
1,65,Neutral,437.14,429.83,116.23,240.16,372.77,1,33,44.853,1,33,44.853,1,33,26.1304,1,33,8.8842
1,65,Defensive,437.14,429.83,116.23,240.16,372.77,1,33,66.1864,1,33,66.1864,1,33,28.2637,1,33,12.3006
1,65,Dynamic,437.14,429.83,116.23,240.16,372.77,1,33,34.5197,1,33,36.9162,1,33,25.097,1,33,7.4566
1,66,Offensive,281.84,214.24,276.6,443.8,229.63,1,24,23.6721,1,24,23.6721,1,24,9.0208,1,24,2.462
1,66,Neutral,281.84,214.24,276.6,443.8,229.63,1,24,31.3387,1,24,31.3387,1,24,9.7874,1,24,3.2827
1,66,Defensive,281.84,214.24,276.6,443.8,229.63,1,24,46.6721,1,24,46.6721,1,24,11.3208,1,24,4.9241
1,66,Dynamic,281.84,214.24,276.6,443.8,229.63,1,24,23.6721,1,24,23.6721,1,24,9.0208,1,24,2.462
1,67,Offensive,419.71,103.39,471.18,470.6,370.79,1,41,40.0632,1,41,40.0632,1,42,4.1,1,43,7.4584
1,67,Neutral,419.71,103.39,471.18,470.6,370.79,1,41,53.3965,1,41,53.3965,1,42,5.4667,1,43,9.1273
1,67,Defensive,419.71,103.39,471.18,470.6,370.79,1,40,80.027,1,40,80.027,1,42,8.2,1,41,10.5009
1,67,Dynamic,419.71,103.39,471.18,470.6,370.79,1,41,40.0632,1,41,40.0632,1,42,4.1,1,43,7.4584
1,68,Offensive,317.23,63.34,392.19,185.29,143.15,1,13,12.0,1,13,12.0,1,13,1.2,1,13,0.516
1,68,Neutral,317.23,63.34,392.19,185.29,143.15,1,13,16.0,1,13,16.0,1,13,1.6,1,13,0.6881
1,68,Defensive,317.23,63.34,392.19,185.29,143.15,1,13,24.0,1,13,24.0,1,13,2.4,1,13,1.0321
1,68,Dynamic,317.23,63.34,392.19,185.29,143.15,1,13,12.0,1,13,12.0,1,13,1.2,1,13,0.516
1,69,Offensive,178.89,281.52,142.6,190.62,97.88,1,10,12.0285,1,10,12.2898,1,10,31.1851,1,10,3.5466
1,69,Neutral,178.89,281.52,142.6,190.62,97.88,1,10,15.0285,1,10,15.0285,1,10,31.4851,1,10,4.7288
1,69,Defensive,178.89,281.52,142.6,190.62,97.88,1,10,21.0285,1,10,21.0285,1,10,32.0851,1,10,7.0932
1,69,Dynamic,178.89,281.52,142.6,190.62,97.88,1,10,12.3618,1,10,12.6231,1,10,31.2184,1,10,4.4554
1,70,Offensive,443.65,117.35,437.37,274.45,157.22,1,17,18.719,1,17,18.8435,1,17,28.7898,1,17,3.7085
1,70,Neutral,443.65,117.35,437.37,274.45,157.22,1,17,24.0523,1,17,24.0523,1,17,29.3231,1,17,4.9447
1,70,Defensive,443.65,117.35,437.37,274.45,157.22,1,17,34.719,1,17,34.719,1,17,30.3898,1,17,7.417
1,70,Dynamic,443.65,117.35,437.37,274.45,157.22,1,17,19.0523,1,17,19.1768,1,17,28.8231,1,17,4.5223
1,71,Offensive,309.0,254.08,465.08,166.85,178.8,1,17,16.0,1,17,16.4319,1,17,1.6,1,17,1.3414
1,71,Neutral,309.0,254.08,465.08,166.85,178.8,1,17,21.3333,1,17,21.3333,1,17,2.1333,1,17,1.7886
1,71,Defensive,309.0,254.08,465.08,166.85,178.8,1,17,32.0,1,17,32.0,1,17,3.2,1,17,2.2059
1,71,Dynamic,309.0,254.08,465.08,166.85,178.8,1,17,16.0,1,17,16.4319,1,17,1.6,1,17,1.3414
1,72,Offensive,27.97,345.0,226.33,231.41,228.59,1,21,21.8429,1,21,21.8429,1,21,20.4289,1,21,3.2676
1,72,Neutral,27.97,345.0,226.33,231.41,228.59,1,21,28.5096,1,21,28.5096,1,21,21.0956,1,21,4.3568
1,72,Defensive,27.97,345.0,226.33,231.41,228.59,1,21,41.8429,1,21,41.8429,1,21,22.4289,1,21,6.5352
1,72,Dynamic,27.97,345.0,226.33,231.41,228.59,1,21,22.1762,1,21,22.1762,1,21,20.4623,1,21,3.8819
1,73,Offensive,427.65,101.03,98.61,28.23,337.0,1,34,33.0,1,34,33.3128,1,34,3.3,1,34,4.2576
1,73,Neutral,427.65,101.03,98.61,28.23,337.0,1,34,44.0,1,34,44.0,1,34,4.4,1,34,5.6768
1,73,Defensive,427.65,101.03,98.61,28.23,337.0,1,34,66.0,1,34,66.0,1,34,6.6,1,34,8.2741
1,73,Dynamic,427.65,101.03,98.61,28.23,337.0,1,34,33.0,1,34,33.3128,1,34,3.3,1,34,4.2576
1,74,Offensive,321.78,98.78,217.25,320.03,244.69,1,24,33.9202,1,24,34.0626,1,31,86.9455,1,24,13.4496
1,74,Neutral,321.78,98.78,217.25,320.03,244.69,1,24,41.5869,1,24,41.5869,1,31,87.9455,1,24,17.9328
1,74,Defensive,321.78,98.78,217.25,320.03,244.69,1,24,56.9202,1,24,56.9202,1,31,89.9455,1,30,24.1863
1,74,Dynamic,321.78,98.78,217.25,320.03,244.69,1,24,35.2536,1,24,35.3959,1,31,87.0788,1,24,19.32
1,75,Offensive,140.27,453.16,303.92,299.77,224.3,1,21,35.207,1,21,35.2711,1,35,86.9873,1,26,17.3022
1,75,Neutral,140.27,453.16,303.92,299.77,224.3,1,21,41.8737,1,21,41.9378,1,35,88.1207,1,35,16.0504
1,75,Defensive,140.27,453.16,303.92,299.77,224.3,1,20,54.924,1,20,54.924,1,35,90.3873,1,35,22.7565
1,75,Dynamic,140.27,453.16,303.92,299.77,224.3,1,21,37.207,1,21,37.2711,1,35,87.1207,1,34,18.0032
1,76,Offensive,310.93,80.19,349.18,210.98,136.27,1,15,14.4319,1,15,14.6195,1,16,3.338,1,15,2.6164
1,76,Neutral,310.93,80.19,349.18,210.98,136.27,1,15,19.0986,1,15,19.0986,1,16,3.838,1,15,1.6323
1,76,Defensive,310.93,80.19,349.18,210.98,136.27,1,15,28.4319,1,15,28.4319,1,16,4.838,1,15,2.4484
1,76,Dynamic,310.93,80.19,349.18,210.98,136.27,1,15,14.4319,1,15,14.6195,1,16,3.338,1,15,2.6164
1,77,Offensive,379.11,387.16,378.42,67.36,319.8,1,33,32.6731,1,33,32.6731,1,33,9.9306,1,33,4.2771
1,77,Neutral,379.11,387.16,378.42,67.36,319.8,1,33,43.3397,1,33,43.3397,1,33,10.9972,1,33,5.7028
1,77,Defensive,379.11,387.16,378.42,67.36,319.8,1,33,64.6731,1,33,64.6731,1,33,13.1306,1,33,8.376
1,77,Dynamic,379.11,387.16,378.42,67.36,319.8,1,33,32.6731,1,33,32.6731,1,33,9.9306,1,33,4.2771
1,78,Offensive,206.36,296.07,421.58,298.75,215.23,1,23,22.0945,1,23,22.2484,1,23,3.1454,1,23,4.3569
1,78,Neutral,206.36,296.07,421.58,298.75,215.23,1,23,29.4279,1,23,29.4279,1,23,3.8788,1,23,2.8289
1,78,Defensive,206.36,296.07,421.58,298.75,215.23,1,23,44.0945,1,23,44.0945,1,23,5.3454,1,23,3.8524
1,78,Dynamic,206.36,296.07,421.58,298.75,215.23,1,23,22.0945,1,23,22.2484,1,23,3.1454,1,23,4.3569
1,79,Offensive,281.27,256.64,347.08,51.03,215.89,1,21,22.5257,1,21,22.5257,1,25,2.4,1,21,3.8971
1,79,Neutral,281.27,256.64,347.08,51.03,215.89,1,21,29.1923,1,21,29.1923,1,25,3.2,1,21,5.1962
1,79,Defensive,281.27,256.64,347.08,51.03,215.89,1,21,42.5257,1,21,42.5257,1,25,4.8,1,21,7.7943
1,79,Dynamic,281.27,256.64,347.08,51.03,215.89,1,21,22.5257,1,21,22.5257,1,25,2.4,1,21,3.8971
1,80,Offensive,466.23,32.94,275.56,94.85,200.47,1,20,20.5055,1,20,20.5055,1,20,16.9549,1,20,2.8395
1,80,Neutral,466.23,32.94,275.56,94.85,200.47,1,20,26.8388,1,20,26.8388,1,20,17.5882,1,20,3.786
1,80,Defensive,466.23,32.94,275.56,94.85,200.47,1,20,39.5055,1,20,39.5055,1,20,18.8549,1,20,5.5472
1,80,Dynamic,466.23,32.94,275.56,94.85,200.47,1,20,20.8388,1,20,20.8388,1,20,16.9882,1,20,3.3414
1,81,Offensive,165.55,320.2,450.13,221.49,301.21,1,30,44.3086,1,30,44.3086,1,39,131.3462,1,30,18.3697
1,81,Neutral,165.55,320.2,450.13,221.49,301.21,1,30,53.9752,1,30,53.9752,1,39,132.6129,1,30,24.4929
1,81,Defensive,165.55,320.2,450.13,221.49,301.21,1,30,73.3086,1,30,73.3086,1,39,135.1462,1,31,36.5627
1,81,Dynamic,165.55,320.2,450.13,221.49,301.21,1,30,45.6419,1,30,45.6419,1,39,131.4796,1,30,27.7299
1,82,Offensive,359.12,204.3,130.99,423.04,316.06,1,35,43.7196,1,35,44.0847,1,43,40.9979,1,36,14.429
1,82,Neutral,359.12,204.3,130.99,423.04,316.06,1,35,55.0529,1,35,55.0529,1,43,42.3979,1,43,11.6942
1,82,Defensive,359.12,204.3,130.99,423.04,316.06,1,32,77.2394,1,32,77.2394,1,43,45.1979,1,43,16.4102
1,82,Dynamic,359.12,204.3,130.99,423.04,316.06,1,35,45.3863,1,35,45.7514,1,43,41.0979,1,36,19.231
1,83,Offensive,53.71,177.43,310.32,41.09,290.58,1,29,40.2632,1,29,40.6354,1,40,87.1789,1,32,14.9943
1,83,Neutral,53.71,177.43,310.32,41.09,290.58,1,29,49.5965,1,29,49.5965,1,40,88.4789,1,38,18.1821
1,83,Defensive,53.71,177.43,310.32,41.09,290.58,1,29,68.2632,1,29,68.2632,1,40,91.0789,1,39,26.0763
1,83,Dynamic,53.71,177.43,310.32,41.09,290.58,1,29,41.2632,1,29,41.6354,1,40,87.2455,1,32,17.1973
1,84,Offensive,397.53,101.13,33.46,26.89,371.56,1,37,44.1368,1,37,44.2302,1,46,64.2918,1,47,11.4414
1,84,Neutral,397.53,101.13,33.46,26.89,371.56,1,37,56.1368,1,37,56.1368,1,46,65.7918,1,47,14.4831
1,84,Defensive,397.53,101.13,33.46,26.89,371.56,1,37,80.1368,1,37,80.1368,1,46,68.7918,1,47,21.7247
1,84,Dynamic,397.53,101.13,33.46,26.89,371.56,1,37,45.4702,1,37,45.5636,1,46,64.4251,1,47,16.1093
1,85,Offensive,237.66,116.54,284.57,377.46,265.1,1,27,28.8139,1,28,29.948,1,29,13.6088,1,27,6.8464
1,85,Neutral,237.66,116.54,284.57,377.46,265.1,1,27,37.4806,1,27,37.4806,1,29,14.5422,1,28,7.5712
1,85,Defensive,237.66,116.54,284.57,377.46,265.1,1,27,54.8139,1,27,54.8139,1,29,16.4088,1,30,8.6745
1,85,Dynamic,237.66,116.54,284.57,377.46,265.1,1,29,29.0809,1,30,30.215,1,29,13.6088,1,29,5.5053
1,86,Offensive,122.08,53.33,376.66,469.31,487.71,1,44,47.0791,1,44,48.0613,1,62,20.8415,1,44,13.4248
1,86,Neutral,122.08,53.33,376.66,469.31,487.71,1,44,61.4124,1,44,61.4124,1,62,22.8749,1,44,17.8997
1,86,Defensive,122.08,53.33,376.66,469.31,487.71,1,43,89.8824,1,43,89.8824,1,62,26.9415,1,44,24.5653
1,86,Dynamic,122.08,53.33,376.66,469.31,487.71,1,44,47.4124,1,44,48.3946,1,62,20.8415,1,44,14.1546
1,87,Offensive,216.61,358.24,239.4,306.95,56.12,1,11,12.2013,1,11,12.2013,1,11,23.0132,1,11,4.0456
1,87,Neutral,216.61,358.24,239.4,306.95,56.12,1,9,15.5017,1,9,15.5017,1,11,23.3465,1,11,4.6384
1,87,Defensive,216.61,358.24,239.4,306.95,56.12,1,9,20.8351,1,9,20.8351,1,11,24.0132,1,11,4.9129
1,87,Dynamic,216.61,358.24,239.4,306.95,56.12,1,11,12.5347,1,11,12.5347,1,11,23.0465,1,11,4.6232
1,88,Offensive,159.8,230.23,280.47,95.35,180.98,1,23,23.3853,1,23,23.3853,1,24,10.9588,1,22,4.664
1,88,Neutral,159.8,230.23,280.47,95.35,180.98,1,23,30.7187,1,23,30.7187,1,24,11.7255,1,23,5.1586
1,88,Defensive,159.8,230.23,280.47,95.35,180.98,1,22,44.7604,1,22,44.7604,1,24,13.2588,1,23,5.5734
1,88,Dynamic,159.8,230.23,280.47,95.35,180.98,1,23,23.3853,1,23,23.3853,1,24,10.9588,1,22,4.664
1,89,Offensive,476.67,352.52,51.41,148.04,471.86,1,44,57.1064,1,45,57.2696,1,88,31.3187,1,47,20.252
1,89,Neutral,476.67,352.52,51.41,148.04,471.86,1,43,71.1706,1,44,71.4397,1,88,34.2187,1,47,26.8932
1,89,Defensive,476.67,352.52,51.41,148.04,471.86,1,43,99.1706,1,43,99.1706,1,88,40.0187,1,47,40.3188
1,89,Dynamic,476.67,352.52,51.41,148.04,471.86,1,54,58.0683,1,45,58.2696,1,88,31.3187,1,47,22.8092
1,90,Offensive,279.99,479.64,291.2,79.84,399.96,1,41,40.3529,1,41,40.4855,1,44,4.3,1,41,9.9545
1,90,Neutral,279.99,479.64,291.2,79.84,399.96,1,41,53.6862,1,41,53.7341,1,44,5.7333,1,41,12.4301
1,90,Defensive,279.99,479.64,291.2,79.84,399.96,1,41,80.3529,1,41,80.3529,1,44,8.6,1,50,15.5584
1,90,Dynamic,279.99,479.64,291.2,79.84,399.96,1,41,40.3529,1,41,40.4855,1,44,4.3,1,41,9.9545
1,91,Offensive,453.45,345.29,470.4,209.84,136.5,1,20,36.8602,1,20,36.8602,1,57,117.5068,1,22,19.5162
1,91,Neutral,453.45,345.29,470.4,209.84,136.5,1,20,43.1935,1,20,43.1935,1,57,119.3734,1,24,25.779
1,91,Defensive,453.45,345.29,470.4,209.84,136.5,1,15,53.6083,1,15,53.6083,1,57,123.1068,1,28,35.0794
1,91,Dynamic,453.45,345.29,470.4,209.84,136.5,1,20,39.5269,1,20,39.5269,1,57,117.6734,1,25,27.8392
1,92,Offensive,269.43,373.07,150.54,209.14,202.51,1,18,17.0,1,18,17.0,1,18,1.7,1,18,2.3524
1,92,Neutral,269.43,373.07,150.54,209.14,202.51,1,18,22.6667,1,18,22.6667,1,18,2.2667,1,18,2.3808
1,92,Defensive,269.43,373.07,150.54,209.14,202.51,1,18,34.0,1,18,34.0,1,18,3.4,1,18,2.5486
1,92,Dynamic,269.43,373.07,150.54,209.14,202.51,1,18,17.0,1,18,17.0,1,18,1.7,1,18,2.3524
1,93,Offensive,87.8,413.88,53.88,159.37,256.76,1,29,40.3342,1,29,40.3342,1,89,58.9007,1,34,15.161
1,93,Neutral,87.8,413.88,53.88,159.37,256.76,1,29,49.6676,1,29,49.6676,1,89,61.8341,1,34,20.2147
1,93,Defensive,87.8,413.88,53.88,159.37,256.76,1,29,68.3342,1,29,68.3342,1,89,67.7007,1,35,28.7037
1,93,Dynamic,87.8,413.88,53.88,159.37,256.76,1,29,41.0009,1,29,41.0009,1,89,58.9674,1,34,16.6986
1,94,Offensive,303.8,408.48,146.26,153.4,299.81,1,26,25.0,1,26,25.0,1,26,2.5,1,26,2.9955
1,94,Neutral,303.8,408.48,146.26,153.4,299.81,1,26,33.3333,1,26,33.3333,1,26,3.3333,1,26,3.3112
1,94,Defensive,303.8,408.48,146.26,153.4,299.81,1,26,50.0,1,26,50.0,1,26,5.0,1,26,4.9668
1,94,Dynamic,303.8,408.48,146.26,153.4,299.81,1,26,25.0,1,26,25.0,1,26,2.5,1,26,2.9955
1,95,Offensive,327.52,182.5,116.4,167.35,211.67,1,22,22.1265,1,22,22.1265,1,22,13.365,1,22,2.6354
1,95,Neutral,327.52,182.5,116.4,167.35,211.67,1,22,29.1265,1,22,29.1265,1,22,14.065,1,22,3.5138
1,95,Defensive,327.52,182.5,116.4,167.35,211.67,1,22,43.1265,1,22,43.1265,1,22,15.465,1,22,5.2708
1,95,Dynamic,327.52,182.5,116.4,167.35,211.67,1,22,22.1265,1,22,22.1265,1,22,13.365,1,22,2.6354
1,96,Offensive,28.72,371.92,51.94,295.93,79.47,1,9,10.8346,1,9,10.8346,1,9,29.1461,1,9,3.0759
1,96,Neutral,28.72,371.92,51.94,295.93,79.47,1,9,13.5013,1,9,13.5013,1,9,29.4128,1,9,4.1011
1,96,Defensive,28.72,371.92,51.94,295.93,79.47,1,9,18.8346,1,9,18.8346,1,9,29.9461,1,9,6.1517
1,96,Dynamic,28.72,371.92,51.94,295.93,79.47,1,9,11.1679,1,9,11.1679,1,9,29.1794,1,9,3.6719
1,97,Offensive,464.73,443.7,467.11,390.59,53.16,1,7,16.2483,1,7,16.2483,1,11,75.7096,1,10,8.2507
1,97,Neutral,464.73,443.7,467.11,390.59,53.16,1,7,18.2483,1,7,18.2483,1,11,76.0429,1,10,11.0009
1,97,Defensive,464.73,443.7,467.11,390.59,53.16,1,6,21.7148,1,6,21.7148,1,11,76.7096,1,11,15.5357
1,97,Dynamic,464.73,443.7,467.11,390.59,53.16,1,9,17.7899,1,9,17.7899,1,11,75.8096,1,10,12.0447
1,98,Offensive,361.54,161.13,459.88,49.89,148.47,1,13,12.0,1,13,12.0,1,13,1.2,1,13,0.5398
1,98,Neutral,361.54,161.13,459.88,49.89,148.47,1,13,16.0,1,13,16.0,1,13,1.6,1,13,0.7197
1,98,Defensive,361.54,161.13,459.88,49.89,148.47,1,13,24.0,1,13,24.0,1,13,2.4,1,13,1.0796
1,98,Dynamic,361.54,161.13,459.88,49.89,148.47,1,13,12.0,1,13,12.0,1,13,1.2,1,13,0.5398
1,99,Offensive,390.57,61.4,118.8,188.79,300.14,1,31,31.1483,1,31,31.1483,1,32,9.3882,1,31,5.0526
1,99,Neutral,390.57,61.4,118.8,188.79,300.14,1,31,41.1483,1,31,41.1483,1,32,10.4215,1,31,5.9863
1,99,Defensive,390.57,61.4,118.8,188.79,300.14,1,31,61.1483,1,31,61.1483,1,32,12.4882,1,31,8.9794
1,99,Dynamic,390.57,61.4,118.8,188.79,300.14,1,31,31.1483,1,31,31.1483,1,32,9.3882,1,31,5.0526
1,100,Offensive,433.48,33.47,471.06,100.03,76.44,1,8,7.0,1,8,7.0,1,8,0.7,1,8,0.1571
1,100,Neutral,433.48,33.47,471.06,100.03,76.44,1,8,9.3333,1,8,9.3333,1,8,0.9333,1,8,0.2095
1,100,Defensive,433.48,33.47,471.06,100.03,76.44,1,8,14.0,1,8,14.0,1,8,1.4,1,8,0.3142
1,100,Dynamic,433.48,33.47,471.06,100.03,76.44,1,8,7.0,1,8,7.0,1,8,0.7,1,8,0.1571
2,1,Offensive,129.02,109.92,422.47,266.79,332.75,1,31,32.1908,1,31,32.1908,1,56,5.5,1,31,6.2196
2,1,Neutral,129.02,109.92,422.47,266.79,332.75,1,31,42.1908,1,31,42.1908,1,55,7.3314,1,31,7.7468
2,1,Defensive,129.02,109.92,422.47,266.79,332.75,1,31,62.1908,1,31,62.1908,1,55,10.9314,1,31,11.6202
2,1,Dynamic,129.02,109.92,422.47,266.79,332.75,1,31,32.1908,1,31,32.1908,1,56,5.5,1,31,6.2196
2,2,Offensive,37.98,430.67,395.25,388.68,359.73,1,38,37.5345,1,38,37.562,1,64,7.7142,1,37,14.6942
2,2,Neutral,37.98,430.67,395.25,388.68,359.73,1,37,49.7779,1,37,49.7779,1,64,9.8142,1,38,7.6559
2,2,Defensive,37.98,430.67,395.25,388.68,359.73,1,37,73.7779,1,37,73.7779,1,39,12.5901,1,38,11.143
2,2,Dynamic,37.98,430.67,395.25,388.68,359.73,1,38,37.5345,1,38,37.562,1,64,7.7142,1,40,7.2532
2,3,Offensive,227.26,70.47,397.28,176.72,200.49,1,20,21.1402,1,23,23.5875,1,22,17.4882,1,22,4.9467
2,3,Neutral,227.26,70.47,397.28,176.72,200.49,1,20,27.4736,1,20,27.4736,1,22,18.1882,1,23,4.2686
2,3,Defensive,227.26,70.47,397.28,176.72,200.49,1,20,40.1402,1,20,40.1402,1,22,19.5882,1,23,6.4029
2,3,Dynamic,227.26,70.47,397.28,176.72,200.49,1,20,21.4736,1,23,23.9208,1,22,17.5215,1,22,5.4596
2,4,Offensive,138.6,453.48,187.61,96.62,360.2,1,42,42.3184,1,39,43.025,1,47,6.0142,1,43,9.7351
2,4,Neutral,138.6,453.48,187.61,96.62,360.2,1,38,54.9027,1,38,54.9159,1,47,7.5476,1,43,12.7493
2,4,Defensive,138.6,453.48,187.61,96.62,360.2,1,38,79.5694,1,38,79.5694,1,47,10.6142,1,45,14.5732
2,4,Dynamic,138.6,453.48,187.61,96.62,360.2,1,42,42.3184,1,39,43.3583,1,47,6.0142,1,43,9.7351
2,5,Offensive,386.26,59.92,413.95,359.58,300.94,1,31,31.7989,1,31,31.7989,1,60,6.5924,1,31,9.2516
2,5,Neutral,386.26,59.92,413.95,359.58,300.94,1,31,41.7989,1,31,41.7989,1,60,8.559,1,33,10.8604
2,5,Defensive,386.26,59.92,413.95,359.58,300.94,1,31,61.7989,1,31,61.7989,1,60,12.4924,1,39,13.0815
2,5,Dynamic,386.26,59.92,413.95,359.58,300.94,1,31,31.7989,1,31,31.7989,1,60,6.5924,1,33,8.4611
2,6,Offensive,251.84,187.48,274.03,230.14,48.09,1,6,5.339,1,6,5.339,1,6,3.8904,1,6,0.4106
2,6,Neutral,251.84,187.48,274.03,230.14,48.09,1,6,7.0057,1,6,7.0057,1,6,4.0571,1,6,0.5475
2,6,Defensive,251.84,187.48,274.03,230.14,48.09,1,6,10.339,1,6,10.339,1,6,4.3904,1,6,0.8212
2,6,Dynamic,251.84,187.48,274.03,230.14,48.09,1,6,5.339,1,6,5.339,1,6,3.8904,1,6,0.4106
2,7,Offensive,456.95,303.36,33.5,169.21,444.2,1,43,46.8804,1,43,46.8804,1,66,27.5261,1,47,19.9785
2,7,Neutral,456.95,303.36,33.5,169.21,444.2,1,43,60.8804,1,43,60.8804,1,65,29.6909,1,50,25.562
2,7,Defensive,456.95,303.36,33.5,169.21,444.2,1,43,88.8804,1,43,88.8804,1,65,33.9576,1,55,35.0464
2,7,Dynamic,456.95,303.36,33.5,169.21,444.2,1,43,47.2137,1,43,47.2137,1,66,27.5595,1,47,21.9789
2,8,Offensive,113.34,328.83,37.07,333.54,76.41,1,9,10.0529,1,9,10.0529,1,9,21.3287,1,9,2.2555
2,8,Neutral,113.34,328.83,37.07,333.54,76.41,1,9,12.7195,1,9,12.7195,1,9,21.5953,1,9,3.0073
2,8,Defensive,113.34,328.83,37.07,333.54,76.41,1,9,18.0529,1,9,18.0529,1,9,22.1287,1,9,4.5109
2,8,Dynamic,113.34,328.83,37.07,333.54,76.41,1,9,10.0529,1,9,10.0529,1,9,21.3287,1,9,2.2555
2,9,Offensive,428.81,421.25,370.67,309.88,125.63,1,13,12.0,1,13,12.0,1,13,1.2,1,13,0.4768
2,9,Neutral,428.81,421.25,370.67,309.88,125.63,1,13,16.0,1,13,16.0,1,13,1.6,1,13,0.6357
2,9,Defensive,428.81,421.25,370.67,309.88,125.63,1,13,24.0,1,13,24.0,1,13,2.4,1,13,0.9536
2,9,Dynamic,428.81,421.25,370.67,309.88,125.63,1,13,12.0,1,13,12.0,1,13,1.2,1,13,0.4768
2,10,Offensive,211.38,436.21,292.6,82.38,363.04,1,36,42.3559,1,36,42.3559,1,63,55.392,1,38,11.4404
2,10,Neutral,211.38,436.21,292.6,82.38,363.04,1,36,54.0226,1,36,54.0226,1,63,57.4586,1,39,14.1526
2,10,Defensive,211.38,436.21,292.6,82.38,363.04,1,36,77.3559,1,36,77.3559,1,40,60.5679,1,41,19.7099
2,10,Dynamic,211.38,436.21,292.6,82.38,363.04,1,36,43.6893,1,36,43.6893,1,63,55.492,1,38,15.2686
2,11,Offensive,263.24,359.37,282.28,189.95,170.49,1,18,17.0,1,18,17.0,1,18,1.7,1,18,0.9648
2,11,Neutral,263.24,359.37,282.28,189.95,170.49,1,18,22.6667,1,18,22.6667,1,18,2.2667,1,18,1.2864
2,11,Defensive,263.24,359.37,282.28,189.95,170.49,1,18,34.0,1,18,34.0,1,18,3.4,1,18,1.9297
2,11,Dynamic,263.24,359.37,282.28,189.95,170.49,1,18,17.0,1,18,17.0,1,18,1.7,1,18,0.9648
2,12,Offensive,216.3,457.84,103.24,88.21,386.53,1,44,46.5202,1,44,47.2056,1,63,29.5013,1,45,12.253
2,12,Neutral,216.3,457.84,103.24,88.21,386.53,1,44,60.8535,1,44,60.8535,1,62,31.566,1,46,14.1665
2,12,Defensive,216.3,457.84,103.24,88.21,386.53,1,38,88.545,1,38,88.545,1,62,35.6327,1,45,20.2557
2,12,Dynamic,216.3,457.84,103.24,88.21,386.53,1,44,46.8535,1,44,47.539,1,63,29.5346,1,45,13.0706
2,13,Offensive,267.76,364.4,104.91,20.04,380.93,1,35,34.0131,1,35,34.6986,1,36,3.5,1,36,6.2351
2,13,Neutral,267.76,364.4,104.91,20.04,380.93,1,35,45.3465,1,35,45.3465,1,35,4.6647,1,35,7.5547
2,13,Defensive,267.76,364.4,104.91,20.04,380.93,1,35,68.0131,1,35,68.0131,1,35,6.9314,1,35,9.7889
2,13,Dynamic,267.76,364.4,104.91,20.04,380.93,1,35,34.0131,1,35,34.6986,1,36,3.5,1,36,6.2351
2,14,Offensive,297.8,440.93,168.92,330.47,169.74,1,17,24.5176,1,17,24.7372,1,21,66.3049,1,17,9.6695
2,14,Neutral,297.8,440.93,168.92,330.47,169.74,1,17,29.8509,1,17,29.8509,1,21,66.9715,1,17,12.8927
2,14,Defensive,297.8,440.93,168.92,330.47,169.74,1,17,40.5176,1,17,40.5176,1,21,68.3049,1,17,19.3391
2,14,Dynamic,297.8,440.93,168.92,330.47,169.74,1,19,25.7814,1,17,26.4039,1,21,66.3715,1,19,10.3738
2,15,Offensive,412.37,459.26,65.42,464.39,346.98,1,37,36.5345,1,37,36.7593,1,69,8.2142,1,38,7.1665
2,15,Neutral,412.37,459.26,65.42,464.39,346.98,1,36,48.4446,1,36,48.4446,1,38,9.9235,1,38,9.2721
2,15,Defensive,412.37,459.26,65.42,464.39,346.98,1,36,71.7779,1,36,71.7779,1,38,12.3901,1,39,11.6049
2,15,Dynamic,412.37,459.26,65.42,464.39,346.98,1,37,36.5345,1,37,36.7593,1,69,8.2142,1,38,7.1665
2,16,Offensive,359.55,162.95,92.31,67.61,283.74,1,27,26.0,1,27,26.0696,1,27,2.6,1,27,2.712
2,16,Neutral,359.55,162.95,92.31,67.61,283.74,1,27,34.6667,1,27,34.6876,1,27,3.4667,1,27,3.616
2,16,Defensive,359.55,162.95,92.31,67.61,283.74,1,27,52.0,1,27,52.0,1,27,5.2,1,27,5.029
2,16,Dynamic,359.55,162.95,92.31,67.61,283.74,1,27,26.0,1,27,26.0696,1,27,2.6,1,27,2.712
2,17,Offensive,230.9,294.53,266.67,388.1,100.17,1,10,9.0,1,10,9.3131,1,10,0.9,1,10,0.5736
2,17,Neutral,230.9,294.53,266.67,388.1,100.17,1,10,12.0,1,10,12.0,1,10,1.2,1,10,0.7648
2,17,Defensive,230.9,294.53,266.67,388.1,100.17,1,10,18.0,1,10,18.0,1,10,1.8,1,10,0.5268
2,17,Dynamic,230.9,294.53,266.67,388.1,100.17,1,10,9.0,1,10,9.3131,1,10,0.9,1,10,0.5736
2,18,Offensive,298.58,285.5,293.55,157.43,128.17,1,14,13.0,1,14,13.0,1,14,1.3,1,14,0.5515
2,18,Neutral,298.58,285.5,293.55,157.43,128.17,1,14,17.3333,1,14,17.3333,1,14,1.7333,1,14,0.7354
2,18,Defensive,298.58,285.5,293.55,157.43,128.17,1,14,26.0,1,14,26.0,1,14,2.6,1,14,1.1031
2,18,Dynamic,298.58,285.5,293.55,157.43,128.17,1,14,13.0,1,14,13.0,1,14,1.3,1,14,0.5515
2,19,Offensive,32.62,152.19,141.36,202.99,120.01,1,19,28.8415,1,19,28.8415,1,32,41.9854,1,22,11.3264
2,19,Neutral,32.62,152.19,141.36,202.99,120.01,1,16,34.3402,1,16,34.3402,1,31,43.0168,1,34,12.4297
2,19,Defensive,32.62,152.19,141.36,202.99,120.01,1,15,44.2572,1,15,44.2572,1,31,45.0168,1,30,11.2962
2,19,Dynamic,32.62,152.19,141.36,202.99,120.01,1,20,29.6133,1,20,29.6133,1,32,42.0187,1,22,12.8715
2,20,Offensive,153.32,136.95,249.36,138.59,96.05,1,10,9.952,1,10,9.9652,1,10,10.4204,1,10,1.4457
2,20,Neutral,153.32,136.95,249.36,138.59,96.05,1,10,12.952,1,10,12.952,1,10,10.7204,1,10,1.7023
2,20,Defensive,153.32,136.95,249.36,138.59,96.05,1,10,18.952,1,10,18.952,1,10,11.3204,1,10,2.462
2,20,Dynamic,153.32,136.95,249.36,138.59,96.05,1,10,9.952,1,10,9.9652,1,10,10.4204,1,10,1.4457
2,21,Offensive,273.03,337.56,471.0,212.98,233.9,1,24,23.7548,1,24,23.7548,1,33,3.2,1,24,4.9948
2,21,Neutral,273.03,337.56,471.0,212.98,233.9,1,24,31.4214,1,24,31.4214,1,33,4.2667,1,24,4.6371
2,21,Defensive,273.03,337.56,471.0,212.98,233.9,1,24,46.7548,1,24,46.7548,1,33,6.4,1,24,5.1288
2,21,Dynamic,273.03,337.56,471.0,212.98,233.9,1,24,23.7548,1,24,23.7548,1,33,3.2,1,24,4.9948
2,22,Offensive,447.86,205.74,208.62,143.99,247.07,1,31,33.7849,1,31,33.8059,1,33,26.1232,1,32,6.537
2,22,Neutral,447.86,205.74,208.62,143.99,247.07,1,31,43.7849,1,31,43.7849,1,33,27.1898,1,32,8.716
2,22,Defensive,447.86,205.74,208.62,143.99,247.07,1,25,61.8617,1,25,61.8617,1,33,29.3232,1,32,12.6685
2,22,Dynamic,447.86,205.74,208.62,143.99,247.07,1,31,34.1183,1,31,34.1392,1,33,26.1565,1,32,7.2173
2,23,Offensive,447.81,49.58,432.2,432.81,383.55,1,40,43.1632,1,40,43.2324,1,54,24.1242,1,41,10.7322
2,23,Neutral,447.81,49.58,432.2,432.81,383.55,1,40,56.1632,1,40,56.1632,1,54,25.8909,1,41,13.7475
2,23,Defensive,447.81,49.58,432.2,432.81,383.55,1,40,82.1632,1,40,82.1632,1,54,29.4242,1,44,18.5411
2,23,Dynamic,447.81,49.58,432.2,432.81,383.55,1,40,43.4965,1,40,43.5657,1,54,24.1576,1,41,11.2802
2,24,Offensive,187.71,261.84,479.09,270.87,291.52,1,30,35.2135,1,30,35.2135,1,43,36.7562,1,30,9.2199
2,24,Neutral,187.71,261.84,479.09,270.87,291.52,1,30,44.8801,1,30,44.8801,1,43,38.1562,1,30,12.1758
2,24,Defensive,187.71,261.84,479.09,270.87,291.52,1,30,64.2135,1,30,64.2135,1,43,40.9562,1,31,17.2704
2,24,Dynamic,187.71,261.84,479.09,270.87,291.52,1,30,35.5468,1,30,35.5468,1,43,36.7895,1,30,10.1039
2,25,Offensive,333.51,187.09,354.25,187.09,20.75,1,3,2.0,1,3,2.0,1,3,0.2,1,3,0.0071
2,25,Neutral,333.51,187.09,354.25,187.09,20.75,1,3,2.6667,1,3,2.6667,1,3,0.2667,1,3,0.0094
2,25,Defensive,333.51,187.09,354.25,187.09,20.75,1,3,4.0,1,3,4.0,1,3,0.4,1,3,0.0141
2,25,Dynamic,333.51,187.09,354.25,187.09,20.75,1,3,2.0,1,3,2.0,1,3,0.2,1,3,0.0071
2,26,Offensive,473.81,239.79,274.75,147.34,219.48,1,22,26.5266,1,27,26.5285,1,28,2.7,1,27,3.7534
2,26,Neutral,473.81,239.79,274.75,147.34,219.48,1,22,33.5266,1,22,33.5266,1,28,3.6,1,27,4.0126
2,26,Defensive,473.81,239.79,274.75,147.34,219.48,1,22,47.5266,1,22,47.5266,1,28,5.4,1,27,6.0189
2,26,Dynamic,473.81,239.79,274.75,147.34,219.48,1,27,26.5285,1,27,26.5285,1,28,2.7,1,27,3.7534
2,27,Offensive,181.92,377.05,25.2,361.88,157.45,1,17,25.2426,1,17,25.2426,1,46,19.6764,1,17,11.4099
2,27,Neutral,181.92,377.05,25.2,361.88,157.45,1,17,30.5759,1,17,30.5759,1,46,21.1764,1,17,15.2132
2,27,Defensive,181.92,377.05,25.2,361.88,157.45,1,17,41.2426,1,17,41.2426,1,46,24.1764,1,41,14.5168
2,27,Dynamic,181.92,377.05,25.2,361.88,157.45,1,17,25.9092,1,17,25.9092,1,46,19.6764,1,17,13.9871
2,28,Offensive,316.07,345.37,282.44,279.96,73.55,1,8,8.7142,1,8,9.0047,1,8,17.8419,1,8,2.1562
2,28,Neutral,316.07,345.37,282.44,279.96,73.55,1,8,11.0475,1,8,11.0475,1,8,18.0752,1,8,2.8749
2,28,Defensive,316.07,345.37,282.44,279.96,73.55,1,8,15.7142,1,8,15.7142,1,8,18.5419,1,8,4.3123
2,28,Dynamic,316.07,345.37,282.44,279.96,73.55,1,8,9.0475,1,8,9.338,1,8,17.8752,1,8,2.804
2,29,Offensive,309.49,31.81,467.59,248.09,267.9,1,28,29.2194,1,28,29.4696,1,30,13.9484,1,29,11.3704
2,29,Neutral,309.49,31.81,467.59,248.09,267.9,1,28,38.2194,1,28,38.2194,1,30,14.9151,1,28,6.7781
2,29,Defensive,309.49,31.81,467.59,248.09,267.9,1,28,56.2194,1,28,56.2194,1,30,16.8484,1,28,10.1671
2,29,Dynamic,309.49,31.81,467.59,248.09,267.9,1,28,29.2194,1,28,29.4696,1,30,13.9484,1,28,5.652
2,30,Offensive,202.69,103.46,425.66,75.12,224.76,1,24,25.3041,1,24,25.5246,1,25,24.9535,1,26,5.5674
2,30,Neutral,202.69,103.46,425.66,75.12,224.76,1,24,32.9707,1,24,32.9707,1,25,25.7535,1,26,7.4232
2,30,Defensive,202.69,103.46,425.66,75.12,224.76,1,24,48.3041,1,24,48.3041,1,25,27.3535,1,26,11.1348
2,30,Dynamic,202.69,103.46,425.66,75.12,224.76,1,24,25.6374,1,24,25.8579,1,25,24.9869,1,26,6.2544
2,31,Offensive,113.33,99.79,275.43,223.92,204.17,1,20,19.0131,1,20,19.0131,1,21,2.0,1,20,2.4454
2,31,Neutral,113.33,99.79,275.43,223.92,204.17,1,20,25.3465,1,20,25.3465,1,20,2.6647,1,20,3.2606
2,31,Defensive,113.33,99.79,275.43,223.92,204.17,1,20,38.0131,1,20,38.0131,1,20,3.9314,1,20,3.0431
2,31,Dynamic,113.33,99.79,275.43,223.92,204.17,1,20,19.0131,1,20,19.0131,1,21,2.0,1,20,2.4454
2,32,Offensive,396.8,311.24,269.93,336.25,129.31,1,14,13.3796,1,14,13.4854,1,21,2.0,1,14,1.046
2,32,Neutral,396.8,311.24,269.93,336.25,129.31,1,14,17.7129,1,14,17.7129,1,21,2.6667,1,14,1.3947
2,32,Defensive,396.8,311.24,269.93,336.25,129.31,1,14,26.3796,1,14,26.3796,1,21,4.0,1,14,2.0921
2,32,Dynamic,396.8,311.24,269.93,336.25,129.31,1,14,13.3796,1,14,13.4854,1,21,2.0,1,14,1.046
2,33,Offensive,154.01,105.55,183.11,47.74,64.72,1,7,6.0,1,7,6.0,1,7,0.6,1,7,0.1097
2,33,Neutral,154.01,105.55,183.11,47.74,64.72,1,7,8.0,1,7,8.0,1,7,0.8,1,7,0.1462
2,33,Defensive,154.01,105.55,183.11,47.74,64.72,1,7,12.0,1,7,12.0,1,7,1.2,1,7,0.2193
2,33,Dynamic,154.01,105.55,183.11,47.74,64.72,1,7,6.0,1,7,6.0,1,7,0.6,1,7,0.1097
2,34,Offensive,173.8,459.31,408.85,99.14,430.08,1,37,38.125,1,37,38.2137,1,62,10.1736,1,37,8.1673
2,34,Neutral,173.8,459.31,408.85,99.14,430.08,1,37,50.125,1,37,50.125,1,62,12.207,1,38,9.441
2,34,Defensive,173.8,459.31,408.85,99.14,430.08,1,37,74.125,1,37,74.125,1,40,15.4112,1,39,13.0419
2,34,Dynamic,173.8,459.31,408.85,99.14,430.08,1,37,38.125,1,37,38.2137,1,62,10.1736,1,37,8.1673
2,35,Offensive,356.2,463.05,307.99,150.39,316.36,1,33,33.0045,1,33,33.1899,1,35,3.4,1,32,9.0268
2,35,Neutral,356.2,463.05,307.99,150.39,316.36,1,33,43.6712,1,33,43.6712,1,35,4.5333,1,33,9.901
2,35,Defensive,356.2,463.05,307.99,150.39,316.36,1,32,64.9772,1,32,64.9772,1,35,6.8,1,34,12.0604
2,35,Dynamic,356.2,463.05,307.99,150.39,316.36,1,33,33.0045,1,33,33.1899,1,35,3.4,1,32,9.0268
2,36,Offensive,329.42,303.97,352.98,310.59,24.47,1,4,5.1523,1,4,5.1523,1,27,12.664,1,4,2.1765
2,36,Neutral,329.42,303.97,352.98,310.59,24.47,1,4,6.1523,1,4,6.1523,1,27,13.5307,1,4,2.902
2,36,Defensive,329.42,303.97,352.98,310.59,24.47,1,4,8.1523,1,4,8.1523,1,6,14.1627,1,6,2.7855
2,36,Dynamic,329.42,303.97,352.98,310.59,24.47,1,4,5.4857,1,4,5.4857,1,27,12.664,1,4,2.7064
2,37,Offensive,171.46,76.21,64.24,258.53,211.51,1,26,25.2858,1,21,25.8241,1,27,4.0142,1,20,8.9044
2,37,Neutral,171.46,76.21,64.24,258.53,211.51,1,21,32.4907,1,21,32.4907,1,27,4.8809,1,21,9.5888
2,37,Defensive,171.46,76.21,64.24,258.53,211.51,1,20,45.635,1,20,45.635,1,27,6.6142,1,21,14.3832
2,37,Dynamic,171.46,76.21,64.24,258.53,211.51,1,26,25.2858,1,21,26.4907,1,27,4.0142,1,20,10.2193
2,38,Offensive,21.04,401.44,252.0,269.85,265.81,1,30,37.7258,1,30,37.7258,1,39,41.7042,1,36,10.1465
2,38,Neutral,21.04,401.44,252.0,269.85,265.81,1,29,47.1003,1,29,47.1003,1,39,42.9709,1,37,11.7478
2,38,Defensive,21.04,401.44,252.0,269.85,265.81,1,27,65.4771,1,27,65.4771,1,39,45.5042,1,38,15.7536
2,38,Dynamic,21.04,401.44,252.0,269.85,265.81,1,30,39.0591,1,30,39.0591,1,39,41.7375,1,36,11.091
2,39,Offensive,132.27,341.1,404.92,102.08,362.59,1,32,37.5506,1,32,37.8507,1,42,15.8248,1,32,12.4449
2,39,Neutral,132.27,341.1,404.92,102.08,362.59,1,32,47.884,1,32,47.884,1,42,17.1914,1,41,11.7837
2,39,Defensive,132.27,341.1,404.92,102.08,362.59,1,32,68.5506,1,32,68.5506,1,42,19.9248,1,42,16.8353
2,39,Dynamic,132.27,341.1,404.92,102.08,362.59,1,32,38.2173,1,32,38.5174,1,42,15.8248,1,41,10.5089
2,40,Offensive,45.71,160.83,196.64,281.21,193.05,1,17,31.584,1,17,31.584,1,36,81.0854,1,33,11.4936
2,40,Neutral,45.71,160.83,196.64,281.21,193.05,1,17,36.9173,1,17,36.9173,1,35,82.2501,1,33,15.3248
2,40,Defensive,45.71,160.83,196.64,281.21,193.05,1,17,47.584,1,17,47.584,1,35,84.5168,1,33,21.8643
2,40,Dynamic,45.71,160.83,196.64,281.21,193.05,1,17,33.584,1,17,33.584,1,36,81.2187,1,33,17.6582
2,41,Offensive,302.2,266.6,122.16,276.11,180.29,1,21,24.1049,1,21,24.1049,1,23,29.9177,1,21,11.0488
2,41,Neutral,302.2,266.6,122.16,276.11,180.29,1,21,30.7716,1,21,30.7716,1,23,30.651,1,25,7.7251
2,41,Defensive,302.2,266.6,122.16,276.11,180.29,1,19,43.2055,1,19,43.2055,1,23,32.1177,1,24,9.9087
2,41,Dynamic,302.2,266.6,122.16,276.11,180.29,1,21,24.4383,1,21,24.4383,1,23,29.951,1,21,13.268
2,42,Offensive,223.13,417.95,440.58,178.09,323.76,1,34,41.982,1,34,41.982,1,37,88.6891,1,36,17.5656
2,42,Neutral,223.13,417.95,440.58,178.09,323.76,1,34,52.982,1,34,52.982,1,37,89.8891,1,36,20.137
2,42,Defensive,223.13,417.95,440.58,178.09,323.76,1,33,74.7583,1,33,74.7583,1,37,92.2891,1,37,26.3617
2,42,Dynamic,223.13,417.95,440.58,178.09,323.76,1,34,43.3153,1,34,43.3153,1,37,88.8224,1,36,24.8579
2,43,Offensive,234.99,126.41,74.83,210.98,181.11,1,20,19.2858,1,20,19.5093,1,21,3.4142,1,22,10.1602
2,43,Neutral,234.99,126.41,74.83,210.98,181.11,1,20,25.6191,1,20,25.8426,1,21,4.0809,1,23,10.5284
2,43,Defensive,234.99,126.41,74.83,210.98,181.11,1,20,38.2858,1,20,38.2858,1,21,5.4142,1,23,14.9747
2,43,Dynamic,234.99,126.41,74.83,210.98,181.11,1,20,19.2858,1,20,19.5093,1,21,3.4142,1,22,11.456
2,44,Offensive,397.57,431.53,169.6,233.27,302.12,1,29,33.8456,1,33,34.1609,1,41,4.0,1,30,10.2069
2,44,Neutral,397.57,431.53,169.6,233.27,302.12,1,29,43.1789,1,29,43.1789,1,41,5.3333,1,39,6.7619
2,44,Defensive,397.57,431.53,169.6,233.27,302.12,1,29,61.8456,1,29,61.8456,1,41,8.0,1,39,10.1072
2,44,Dynamic,397.57,431.53,169.6,233.27,302.12,1,33,33.8753,1,33,34.1609,1,41,4.0,1,39,5.0781
2,45,Offensive,25.44,96.46,118.46,33.93,112.08,1,10,9.0,1,10,9.0,1,10,0.9,1,10,0.2808
2,45,Neutral,25.44,96.46,118.46,33.93,112.08,1,10,12.0,1,10,12.0,1,10,1.2,1,10,0.3744
2,45,Defensive,25.44,96.46,118.46,33.93,112.08,1,10,18.0,1,10,18.0,1,10,1.8,1,10,0.5616
2,45,Dynamic,25.44,96.46,118.46,33.93,112.08,1,10,9.0,1,10,9.0,1,10,0.9,1,10,0.2808
2,46,Offensive,94.65,264.1,221.01,439.41,216.11,1,29,40.9798,1,29,41.0074,1,38,81.5624,1,29,18.0382
2,46,Neutral,94.65,264.1,221.01,439.41,216.11,1,24,49.7751,1,24,49.7751,1,38,82.7957,1,36,15.9189
2,46,Defensive,94.65,264.1,221.01,439.41,216.11,1,24,65.1085,1,24,65.1085,1,38,85.2624,1,36,22.4312
2,46,Dynamic,94.65,264.1,221.01,439.41,216.11,1,29,42.3132,1,29,42.3407,1,38,81.6624,1,29,24.8637
2,47,Offensive,269.77,242.3,429.46,51.11,249.1,1,20,26.7795,1,20,26.7795,1,34,77.9846,1,20,9.2802
2,47,Neutral,269.77,242.3,429.46,51.11,249.1,1,20,33.1128,1,20,33.1128,1,34,79.0846,1,20,12.3736
2,47,Defensive,269.77,242.3,429.46,51.11,249.1,1,20,45.7795,1,20,45.7795,1,34,81.2846,1,20,18.5603
2,47,Dynamic,269.77,242.3,429.46,51.11,249.1,1,20,28.1128,1,20,28.1128,1,34,78.118,1,20,14.4574
2,48,Offensive,128.83,473.59,67.27,176.12,303.77,1,34,38.9397,1,34,38.9397,1,59,32.4006,1,34,10.193
2,48,Neutral,128.83,473.59,67.27,176.12,303.77,1,34,49.9397,1,34,49.9397,1,58,34.332,1,34,13.5907
2,48,Defensive,128.83,473.59,67.27,176.12,303.77,1,31,70.1582,1,31,70.1582,1,58,38.132,1,34,19.8562
2,48,Dynamic,128.83,473.59,67.27,176.12,303.77,1,34,39.6064,1,34,39.6064,1,59,32.4339,1,34,11.6018
2,49,Offensive,34.83,239.17,221.25,126.98,217.57,1,24,23.2858,1,24,24.0285,1,25,3.8142,1,24,3.7345
2,49,Neutral,34.83,239.17,221.25,126.98,217.57,1,24,30.9524,1,24,30.9524,1,25,4.6142,1,24,4.9794
2,49,Defensive,34.83,239.17,221.25,126.98,217.57,1,24,46.2858,1,24,46.2858,1,25,6.2142,1,24,6.1349
2,49,Dynamic,34.83,239.17,221.25,126.98,217.57,1,24,23.2858,1,24,24.0285,1,25,3.8142,1,24,3.7345
2,50,Offensive,452.27,393.77,133.95,417.92,319.23,1,38,48.1397,1,38,48.1672,1,81,72.6064,1,39,15.1752
2,50,Neutral,452.27,393.77,133.95,417.92,319.23,1,36,60.0945,1,36,60.0945,1,81,75.273,1,39,19.8853
2,50,Defensive,452.27,393.77,133.95,417.92,319.23,1,33,81.4495,1,33,81.4495,1,81,80.6064,1,52,23.5164
2,50,Dynamic,452.27,393.77,133.95,417.92,319.23,1,38,49.1397,1,38,49.1672,1,81,72.673,1,39,17.4104
2,51,Offensive,124.15,63.05,420.54,160.27,311.93,1,31,47.3728,1,31,47.3859,1,35,174.4366,1,31,20.5204
2,51,Neutral,124.15,63.05,420.54,160.27,311.93,1,31,57.3728,1,31,57.3728,1,35,175.5699,1,31,27.3605
2,51,Defensive,124.15,63.05,420.54,160.27,311.93,1,31,77.3728,1,31,77.3728,1,35,177.8366,1,31,41.0407
2,51,Dynamic,124.15,63.05,420.54,160.27,311.93,1,31,49.3728,1,31,49.3859,1,35,174.6366,1,31,37.036
2,52,Offensive,211.57,281.49,233.96,292.06,24.77,1,3,4.7388,1,3,4.7388,1,3,27.5879,1,3,2.9643
2,52,Neutral,211.57,281.49,233.96,292.06,24.77,1,3,5.4055,1,3,5.4055,1,3,27.6546,1,3,3.9524
2,52,Defensive,211.57,281.49,233.96,292.06,24.77,1,3,6.7388,1,3,6.7388,1,3,27.7879,1,3,5.4976
2,52,Dynamic,211.57,281.49,233.96,292.06,24.77,1,3,5.0721,1,3,5.0721,1,3,27.6212,1,3,3.854
2,53,Offensive,479.47,218.08,211.57,244.51,269.2,1,32,31.6284,1,31,32.6527,1,33,4.1984,1,31,6.8871
2,53,Neutral,479.47,218.08,211.57,244.51,269.2,1,32,41.9617,1,32,41.9617,1,33,5.265,1,31,8.3299
2,53,Defensive,479.47,218.08,211.57,244.51,269.2,1,31,62.1217,1,31,62.1217,1,33,7.3984,1,39,10.38
2,53,Dynamic,479.47,218.08,211.57,244.51,269.2,1,32,31.6284,1,31,32.6527,1,33,4.1984,1,31,6.8871
2,54,Offensive,48.8,133.52,107.93,213.0,99.07,1,11,17.8143,1,11,17.8143,1,38,25.0168,1,13,9.3336
2,54,Neutral,48.8,133.52,107.93,213.0,99.07,1,9,20.7077,1,9,20.7077,1,37,26.2482,1,11,10.8063
2,54,Defensive,48.8,133.52,107.93,213.0,99.07,1,9,26.041,1,9,26.041,1,37,28.6482,1,11,16.2094
2,54,Dynamic,48.8,133.52,107.93,213.0,99.07,1,11,18.8143,1,11,18.8143,1,38,25.0501,1,10,11.3018
2,55,Offensive,443.93,442.71,425.97,427.71,23.4,1,3,4.5147,1,3,4.5147,1,5,15.6748,1,3,2.5247
2,55,Neutral,443.93,442.71,425.97,427.71,23.4,1,3,5.1814,1,3,5.1814,1,5,15.8082,1,3,3.3663
2,55,Defensive,443.93,442.71,425.97,427.71,23.4,1,3,6.5147,1,3,6.5147,1,5,16.0748,1,5,3.9576
2,55,Dynamic,443.93,442.71,425.97,427.71,23.4,1,3,4.848,1,3,4.848,1,5,15.6748,1,4,2.3267
2,56,Offensive,475.4,146.81,53.9,74.22,427.71,1,43,42.0,1,43,42.726,1,43,4.2,1,43,7.3716
2,56,Neutral,475.4,146.81,53.9,74.22,427.71,1,43,56.0,1,43,56.0,1,43,5.6,1,44,9.0547
2,56,Defensive,475.4,146.81,53.9,74.22,427.71,1,43,84.0,1,43,84.0,1,43,8.4,1,43,12.5122
2,56,Dynamic,475.4,146.81,53.9,74.22,427.71,1,43,42.0,1,43,42.726,1,43,4.2,1,43,7.3716
2,57,Offensive,255.62,229.07,227.34,154.44,79.81,1,8,7.0,1,8,7.0,1,8,0.7,1,8,0.1515
2,57,Neutral,255.62,229.07,227.34,154.44,79.81,1,8,9.3333,1,8,9.3333,1,8,0.9333,1,8,0.202
2,57,Defensive,255.62,229.07,227.34,154.44,79.81,1,8,14.0,1,8,14.0,1,8,1.4,1,8,0.303
2,57,Dynamic,255.62,229.07,227.34,154.44,79.81,1,8,7.0,1,8,7.0,1,8,0.7,1,8,0.1515
2,58,Offensive,130.69,319.72,396.21,306.18,265.86,1,27,35.877,1,27,35.877,1,61,66.4852,1,27,12.2912
2,58,Neutral,130.69,319.72,396.21,306.18,265.86,1,27,44.5437,1,27,44.5437,1,61,68.4852,1,27,16.3883
2,58,Defensive,130.69,319.72,396.21,306.18,265.86,1,27,61.877,1,27,61.877,1,61,72.4852,1,27,24.4175
2,58,Dynamic,130.69,319.72,396.21,306.18,265.86,1,27,37.2103,1,27,37.2103,1,61,66.5852,1,27,18.9742
2,59,Offensive,155.05,109.61,422.1,88.11,267.92,1,28,27.6311,1,28,27.8516,1,28,9.0109,1,29,4.691
2,59,Neutral,155.05,109.61,422.1,88.11,267.92,1,28,36.6311,1,28,36.6311,1,28,9.9109,1,29,6.2546
2,59,Defensive,155.05,109.61,422.1,88.11,267.92,1,28,54.6311,1,28,54.6311,1,28,11.7109,1,29,9.3819
2,59,Dynamic,155.05,109.61,422.1,88.11,267.92,1,28,27.6311,1,28,27.8516,1,28,9.0109,1,29,4.691
2,60,Offensive,339.46,174.45,172.98,352.66,243.88,1,21,20.5855,1,21,20.5855,1,22,5.0165,1,21,3.1328
2,60,Neutral,339.46,174.45,172.98,352.66,243.88,1,21,27.2522,1,21,27.2522,1,22,5.7165,1,21,3.3657
2,60,Defensive,339.46,174.45,172.98,352.66,243.88,1,21,40.5855,1,21,40.5855,1,22,7.1165,1,21,4.3797
2,60,Dynamic,339.46,174.45,172.98,352.66,243.88,1,21,20.5855,1,21,20.5855,1,22,5.0165,1,21,3.1328
2,61,Offensive,396.66,332.84,70.25,449.75,346.71,1,35,35.6592,1,34,35.9053,1,65,17.5151,1,34,7.4045
2,61,Neutral,396.66,332.84,70.25,449.75,346.71,1,33,46.8154,1,33,46.8154,1,37,19.491,1,34,9.8726
2,61,Defensive,396.66,332.84,70.25,449.75,346.71,1,33,68.1487,1,33,68.1487,1,37,21.891,1,35,12.1532
2,61,Dynamic,396.66,332.84,70.25,449.75,346.71,1,35,35.6592,1,34,35.9053,1,65,17.5151,1,34,7.4045
2,62,Offensive,40.96,365.11,278.27,256.4,261.03,1,30,30.8498,1,30,30.8498,1,31,14.6441,1,29,6.4842
2,62,Neutral,40.96,365.11,278.27,256.4,261.03,1,29,40.2243,1,29,40.2243,1,31,15.6441,1,29,7.6528
2,62,Defensive,40.96,365.11,278.27,256.4,261.03,1,29,58.891,1,29,58.891,1,31,17.6441,1,30,10.3534
2,62,Dynamic,40.96,365.11,278.27,256.4,261.03,1,30,30.8498,1,30,30.8498,1,31,14.6441,1,29,6.4842
2,63,Offensive,321.27,224.56,471.67,274.64,158.51,1,17,22.2813,1,17,22.2813,1,28,35.2562,1,17,9.8556
2,63,Neutral,321.27,224.56,471.67,274.64,158.51,1,17,27.6147,1,17,27.6147,1,28,36.1562,1,17,13.1408
2,63,Defensive,321.27,224.56,471.67,274.64,158.51,1,17,38.2813,1,17,38.2813,1,28,37.9562,1,18,12.8967
2,63,Dynamic,321.27,224.56,471.67,274.64,158.51,1,17,22.6147,1,17,22.6147,1,28,35.2895,1,16,11.0585
2,64,Offensive,370.32,76.94,211.19,357.21,322.3,1,29,34.8908,1,29,37.5849,1,44,56.187,1,29,10.8181
2,64,Neutral,370.32,76.94,211.19,357.21,322.3,1,29,44.2242,1,29,44.228,1,44,57.6204,1,29,14.4242
2,64,Defensive,370.32,76.94,211.19,357.21,322.3,1,29,62.8908,1,29,62.8908,1,44,60.487,1,29,20.2525
2,64,Dynamic,370.32,76.94,211.19,357.21,322.3,1,29,35.8908,1,29,39.2516,1,44,56.2537,1,29,13.2648
2,65,Offensive,398.53,373.51,439.13,449.06,85.77,1,8,8.433,1,8,8.433,1,9,11.4803,1,8,1.6056
2,65,Neutral,398.53,373.51,439.13,449.06,85.77,1,8,10.7663,1,8,10.7663,1,9,11.7469,1,8,2.1408
2,65,Defensive,398.53,373.51,439.13,449.06,85.77,1,8,15.433,1,8,15.433,1,9,12.2803,1,8,3.2112
2,65,Dynamic,398.53,373.51,439.13,449.06,85.77,1,8,8.433,1,8,8.433,1,9,11.4803,1,8,1.6056
2,66,Offensive,304.4,210.31,373.67,184.76,73.83,1,8,7.0,1,8,7.0,1,8,0.7,1,8,0.1515
2,66,Neutral,304.4,210.31,373.67,184.76,73.83,1,8,9.3333,1,8,9.3333,1,8,0.9333,1,8,0.202
2,66,Defensive,304.4,210.31,373.67,184.76,73.83,1,8,14.0,1,8,14.0,1,8,1.4,1,8,0.303
2,66,Dynamic,304.4,210.31,373.67,184.76,73.83,1,8,7.0,1,8,7.0,1,8,0.7,1,8,0.1515
2,67,Offensive,239.04,349.49,361.02,130.59,250.59,1,22,21.0,1,22,21.0887,1,22,2.1,1,22,1.7192
2,67,Neutral,239.04,349.49,361.02,130.59,250.59,1,22,28.0,1,22,28.0,1,22,2.8,1,22,2.2922
2,67,Defensive,239.04,349.49,361.02,130.59,250.59,1,22,42.0,1,22,42.0,1,22,4.2,1,22,3.4384
2,67,Dynamic,239.04,349.49,361.02,130.59,250.59,1,22,21.0,1,22,21.0887,1,22,2.1,1,22,1.7192
2,68,Offensive,330.42,449.29,355.25,412.94,44.02,1,4,3.0,1,4,3.0,1,4,0.3,1,4,0.0229
2,68,Neutral,330.42,449.29,355.25,412.94,44.02,1,4,4.0,1,4,4.0,1,4,0.4,1,4,0.0305
2,68,Defensive,330.42,449.29,355.25,412.94,44.02,1,4,6.0,1,4,6.0,1,4,0.6,1,4,0.0458
2,68,Dynamic,330.42,449.29,355.25,412.94,44.02,1,4,3.0,1,4,3.0,1,4,0.3,1,4,0.0229
2,69,Offensive,297.89,311.42,59.61,419.63,261.69,1,31,31.473,1,31,31.7498,1,42,5.5142,1,25,12.6476
2,69,Neutral,297.89,311.42,59.61,419.63,261.69,1,29,41.2959,1,29,41.2959,1,42,6.8809,1,32,7.0358
2,69,Defensive,297.89,311.42,59.61,419.63,261.69,1,25,57.5342,1,25,57.5342,1,42,9.6142,1,33,9.3448
2,69,Dynamic,297.89,311.42,59.61,419.63,261.69,1,31,31.473,1,31,31.7498,1,42,5.5142,1,31,6.4148
2,70,Offensive,51.93,216.62,249.63,143.16,210.91,1,20,19.2858,1,20,20.0285,1,21,3.4142,1,20,3.4155
2,70,Neutral,51.93,216.62,249.63,143.16,210.91,1,20,25.6191,1,20,25.6191,1,21,4.0809,1,20,3.7812
2,70,Defensive,51.93,216.62,249.63,143.16,210.91,1,20,38.2858,1,20,38.2858,1,21,5.4142,1,20,4.2345
2,70,Dynamic,51.93,216.62,249.63,143.16,210.91,1,20,19.2858,1,20,20.0285,1,21,3.4142,1,20,3.4155
2,71,Offensive,460.43,105.16,350.14,79.69,113.2,1,16,21.0565,1,16,21.0565,1,17,56.3046,1,16,6.7446
2,71,Neutral,460.43,105.16,350.14,79.69,113.2,1,16,26.0565,1,16,26.0565,1,17,56.838,1,16,8.9928
2,71,Defensive,460.43,105.16,350.14,79.69,113.2,1,16,36.0565,1,16,36.0565,1,17,57.9046,1,16,13.2588
2,71,Dynamic,460.43,105.16,350.14,79.69,113.2,1,16,22.0565,1,16,22.0565,1,17,56.4046,1,16,10.9092
2,72,Offensive,222.95,311.45,135.17,196.25,144.84,1,14,28.1829,1,15,28.294,1,25,93.5516,1,17,16.1336
2,72,Neutral,222.95,311.45,135.17,196.25,144.84,1,14,32.5162,1,14,32.5162,1,25,94.3516,1,24,15.2673
2,72,Defensive,222.95,311.45,135.17,196.25,144.84,1,14,41.1829,1,14,41.1829,1,25,95.9516,1,24,22.9009
2,72,Dynamic,222.95,311.45,135.17,196.25,144.84,1,14,30.1829,1,15,30.294,1,25,93.685,1,24,17.7712
2,73,Offensive,53.27,265.19,314.05,45.68,340.87,1,34,33.7143,1,33,34.7423,1,34,10.4426,1,33,8.0355
2,73,Neutral,53.27,265.19,314.05,45.68,340.87,1,33,44.5009,1,33,44.5281,1,34,11.5426,1,33,8.8614
2,73,Defensive,53.27,265.19,314.05,45.68,340.87,1,33,65.8343,1,33,65.8343,1,34,13.7426,1,34,9.7055
2,73,Dynamic,53.27,265.19,314.05,45.68,340.87,1,34,33.7143,1,33,34.7423,1,34,10.4426,1,33,8.0355
2,74,Offensive,120.58,213.98,290.97,295.21,188.75,1,22,24.7665,1,22,24.7665,1,27,29.028,1,22,5.1075
2,74,Neutral,120.58,213.98,290.97,295.21,188.75,1,18,30.8654,1,18,30.8654,1,27,29.8947,1,22,6.81
2,74,Defensive,120.58,213.98,290.97,295.21,188.75,1,18,42.1987,1,18,42.1987,1,27,31.628,1,22,10.215
2,74,Dynamic,120.58,213.98,290.97,295.21,188.75,1,22,25.0998,1,22,25.0998,1,27,29.0614,1,22,5.9992
2,75,Offensive,334.47,464.84,203.08,265.79,238.51,1,23,30.4023,1,23,30.5644,1,37,35.5242,1,23,11.3984
2,75,Neutral,334.47,464.84,203.08,265.79,238.51,1,22,37.559,1,22,37.559,1,37,36.7242,1,34,9.7669
2,75,Defensive,334.47,464.84,203.08,265.79,238.51,1,22,51.559,1,22,51.559,1,37,39.1242,1,36,13.0055
2,75,Dynamic,334.47,464.84,203.08,265.79,238.51,1,23,31.4023,1,23,31.5644,1,37,35.5575,1,34,10.2628
2,76,Offensive,208.96,450.02,321.49,190.3,283.05,1,27,27.3184,1,27,27.4071,1,56,6.9142,1,27,3.9031
2,76,Neutral,208.96,450.02,321.49,190.3,283.05,1,27,35.985,1,27,35.985,1,29,8.7235,1,28,4.3672
2,76,Defensive,208.96,450.02,321.49,190.3,283.05,1,27,53.3184,1,27,53.3184,1,29,10.5901,1,28,6.5508
2,76,Dynamic,208.96,450.02,321.49,190.3,283.05,1,27,27.3184,1,27,27.4071,1,56,6.9142,1,27,3.9031
2,77,Offensive,208.15,469.16,352.02,281.46,236.5,1,26,30.8798,1,27,31.0959,1,34,33.861,1,28,8.49
2,77,Neutral,208.15,469.16,352.02,281.46,236.5,1,25,39.126,1,25,39.126,1,34,34.961,1,29,9.8356
2,77,Defensive,208.15,469.16,352.02,281.46,236.5,1,22,55.0493,1,22,55.0493,1,34,37.161,1,30,11.398
2,77,Dynamic,208.15,469.16,352.02,281.46,236.5,1,26,31.2131,1,27,31.4292,1,34,33.8943,1,28,9.1704
2,78,Offensive,56.78,150.62,242.81,336.38,262.89,1,37,36.0131,1,37,36.0131,1,38,3.7,1,37,5.1833
2,78,Neutral,56.78,150.62,242.81,336.38,262.89,1,27,47.5269,1,27,47.5269,1,37,4.9314,1,37,6.8936
2,78,Defensive,56.78,150.62,242.81,336.38,262.89,1,27,64.8602,1,27,64.8602,1,37,7.3314,1,37,10.3404
2,78,Dynamic,56.78,150.62,242.81,336.38,262.89,1,37,36.0131,1,37,36.0131,1,38,3.7,1,37,5.1833
2,79,Offensive,377.73,356.45,383.85,65.99,290.53,1,30,33.9535,1,30,34.7402,1,57,39.8791,1,31,12.3339
2,79,Neutral,377.73,356.45,383.85,65.99,290.53,1,30,43.6201,1,30,43.6201,1,57,41.7458,1,31,16.4452
2,79,Defensive,377.73,356.45,383.85,65.99,290.53,1,30,62.9535,1,30,62.9535,1,57,45.4791,1,36,19.26
2,79,Dynamic,377.73,356.45,383.85,65.99,290.53,1,30,34.2868,1,30,35.0736,1,57,39.9125,1,31,14.1019
2,80,Offensive,225.41,396.79,101.41,359.61,129.45,1,22,25.9493,1,22,25.9768,1,46,5.9142,1,22,6.6049
2,80,Neutral,225.41,396.79,101.41,359.61,129.45,1,15,30.885,1,15,30.885,1,46,7.4142,1,28,4.5255
2,80,Defensive,225.41,396.79,101.41,359.61,129.45,1,15,40.2183,1,15,40.2183,1,46,10.4142,1,28,5.5719
2,80,Dynamic,225.41,396.79,101.41,359.61,129.45,1,22,26.2826,1,22,26.3102,1,46,5.9142,1,22,7.1267
2,81,Offensive,89.37,170.13,387.8,53.45,320.43,1,37,42.4759,1,37,42.7932,1,55,28.0619,1,43,10.8305
2,81,Neutral,89.37,170.13,387.8,53.45,320.43,1,36,54.3209,1,36,54.3209,1,55,29.8619,1,44,11.5367
2,81,Defensive,89.37,170.13,387.8,53.45,320.43,1,35,77.4652,1,35,77.4652,1,55,33.4619,1,44,17.2309
2,81,Dynamic,89.37,170.13,387.8,53.45,320.43,1,37,42.8093,1,37,43.1265,1,55,28.0952,1,43,11.4468
2,82,Offensive,447.5,345.2,308.75,437.94,166.89,1,15,21.5442,1,15,21.5442,1,15,76.8419,1,15,8.2532
2,82,Neutral,447.5,345.2,308.75,437.94,166.89,1,15,26.2109,1,15,26.2109,1,15,77.3086,1,15,11.0043
2,82,Defensive,447.5,345.2,308.75,437.94,166.89,1,15,35.5442,1,15,35.5442,1,15,78.2419,1,15,16.5065
2,82,Dynamic,447.5,345.2,308.75,437.94,166.89,1,15,22.2109,1,15,22.2109,1,15,76.9086,1,15,10.2278
2,83,Offensive,189.11,439.88,433.86,147.23,381.5,1,35,37.3868,1,35,37.9936,1,68,27.3039,1,34,12.1167
2,83,Neutral,189.11,439.88,433.86,147.23,381.5,1,35,48.7201,1,35,48.7201,1,37,28.9798,1,36,12.8492
2,83,Defensive,189.11,439.88,433.86,147.23,381.5,1,34,71.0187,1,34,71.0187,1,37,31.3798,1,36,14.6846
2,83,Dynamic,189.11,439.88,433.86,147.23,381.5,1,35,37.7201,1,35,38.327,1,68,27.3372,1,34,12.7563
2,84,Offensive,176.5,135.97,65.62,224.15,141.67,1,18,22.8241,1,18,22.8241,1,28,4.1142,1,17,8.5265
2,84,Neutral,176.5,135.97,65.62,224.15,141.67,1,18,28.4907,1,18,28.4907,1,27,5.0123,1,18,9.0488
2,84,Defensive,176.5,135.97,65.62,224.15,141.67,1,17,39.635,1,17,39.635,1,27,6.7456,1,18,13.5732
2,84,Dynamic,176.5,135.97,65.62,224.15,141.67,1,18,23.4907,1,18,23.4907,1,28,4.1142,1,17,9.8276
2,85,Offensive,206.79,263.08,281.66,242.27,77.72,1,11,11.4171,1,11,11.4171,1,12,8.4168,1,10,3.4992
2,85,Neutral,206.79,263.08,281.66,242.27,77.72,1,11,14.7504,1,11,14.7504,1,12,8.7835,1,11,2.7477
2,85,Defensive,206.79,263.08,281.66,242.27,77.72,1,10,21.2233,1,10,21.2233,1,12,9.5168,1,11,4.1216
2,85,Dynamic,206.79,263.08,281.66,242.27,77.72,1,11,11.4171,1,11,11.4171,1,12,8.4168,1,10,3.4992
2,86,Offensive,321.2,347.28,383.73,451.73,121.73,1,15,15.5638,1,14,15.756,1,16,13.6538,1,14,3.3247
2,86,Neutral,321.2,347.28,383.73,451.73,121.73,1,12,19.4385,1,12,19.4385,1,16,14.1538,1,15,2.9553
2,86,Defensive,321.2,347.28,383.73,451.73,121.73,1,12,26.7719,1,12,26.7719,1,16,15.1538,1,15,4.433
2,86,Dynamic,321.2,347.28,383.73,451.73,121.73,1,15,15.5638,1,14,15.756,1,16,13.6538,1,14,3.3247
2,87,Offensive,164.97,257.38,338.04,473.24,276.67,1,28,33.9447,1,29,34.4257,1,40,3.9,1,33,9.4027
2,87,Neutral,164.97,257.38,338.04,473.24,276.67,1,28,42.9447,1,28,42.9447,1,40,5.2,1,38,7.8027
2,87,Defensive,164.97,257.38,338.04,473.24,276.67,1,28,60.9447,1,28,60.9447,1,40,7.8,1,38,11.657
2,87,Dynamic,164.97,257.38,338.04,473.24,276.67,1,28,34.6113,1,29,35.0924,1,40,3.9,1,38,6.0429
2,88,Offensive,254.39,461.44,413.74,440.21,160.76,1,17,22.5995,1,17,22.5995,1,37,16.5409,1,18,6.7979
2,88,Neutral,254.39,461.44,413.74,440.21,160.76,1,17,27.9329,1,17,27.9329,1,37,17.7409,1,18,9.0639
2,88,Defensive,254.39,461.44,413.74,440.21,160.76,1,17,38.5995,1,17,38.5995,1,37,20.1409,1,18,13.5959
2,88,Dynamic,254.39,461.44,413.74,440.21,160.76,1,17,23.2662,1,17,23.2662,1,37,16.5409,1,18,7.9752
2,89,Offensive,297.83,350.95,212.04,257.71,126.71,1,11,18.5843,1,11,18.5843,1,22,46.2147,1,11,9.2756
2,89,Neutral,297.83,350.95,212.04,257.71,126.71,1,11,21.9177,1,11,21.9177,1,22,46.9147,1,21,8.8695
2,89,Defensive,297.83,350.95,212.04,257.71,126.71,1,11,28.5843,1,11,28.5843,1,22,48.3147,1,21,11.8323
2,89,Dynamic,297.83,350.95,212.04,257.71,126.71,1,11,19.5843,1,11,19.5843,1,22,46.248,1,11,11.5634
2,90,Offensive,394.38,141.17,269.52,85.86,136.56,1,14,28.9999,1,14,28.9999,1,22,111.8813,1,20,12.4943
2,90,Neutral,394.38,141.17,269.52,85.86,136.56,1,14,33.3332,1,14,33.3332,1,22,112.5813,1,21,16.2485
2,90,Defensive,394.38,141.17,269.52,85.86,136.56,1,14,41.9999,1,14,41.9999,1,22,113.9813,1,21,24.5763
2,90,Dynamic,394.38,141.17,269.52,85.86,136.56,1,14,31.3332,1,14,31.3332,1,22,112.0146,1,20,20.1363
2,91,Offensive,270.09,79.58,51.09,144.83,228.51,1,23,26.7548,1,23,26.7548,1,27,31.4727,1,23,6.5119
2,91,Neutral,270.09,79.58,51.09,144.83,228.51,1,23,34.0882,1,23,34.0882,1,27,32.3394,1,23,8.6825
2,91,Defensive,270.09,79.58,51.09,144.83,228.51,1,23,48.7548,1,23,48.7548,1,27,34.0727,1,23,13.0238
2,91,Dynamic,270.09,79.58,51.09,144.83,228.51,1,23,27.0882,1,23,27.0882,1,27,31.506,1,23,7.6811
2,92,Offensive,416.24,114.22,31.97,442.51,505.4,1,50,49.1414,1,49,49.1826,1,50,6.3142,1,41,19.6313
2,92,Neutral,416.24,114.22,31.97,442.51,505.4,1,41,63.1614,1,41,63.1614,1,50,7.9476,1,50,13.7925
2,92,Defensive,416.24,114.22,31.97,442.51,505.4,1,41,89.8281,1,41,89.8281,1,50,11.2142,1,51,17.8693
2,92,Dynamic,416.24,114.22,31.97,442.51,505.4,1,50,49.1414,1,49,49.1826,1,50,6.3142,1,49,13.0792
2,93,Offensive,459.5,227.3,179.3,173.52,285.31,1,33,38.3014,1,36,38.4088,1,39,24.5886,1,38,7.4835
2,93,Neutral,459.5,227.3,179.3,173.52,285.31,1,33,48.968,1,33,48.968,1,39,25.8553,1,37,10.2435
2,93,Defensive,459.5,227.3,179.3,173.52,285.31,1,29,69.3036,1,29,69.3036,1,39,28.3886,1,38,14.1227
2,93,Dynamic,459.5,227.3,179.3,173.52,285.31,1,33,38.6347,1,36,38.7421,1,39,24.6219,1,38,8.0238
2,94,Offensive,458.99,54.67,254.84,245.98,279.78,1,23,27.4541,1,23,27.4541,1,24,52.694,1,23,7.5116
2,94,Neutral,458.99,54.67,254.84,245.98,279.78,1,23,34.7875,1,23,34.7875,1,24,53.4607,1,23,10.0155
2,94,Defensive,458.99,54.67,254.84,245.98,279.78,1,23,49.4541,1,23,49.4541,1,24,54.994,1,23,15.0233
2,94,Dynamic,458.99,54.67,254.84,245.98,279.78,1,23,28.4541,1,23,28.4541,1,24,52.794,1,23,11.0621
2,95,Offensive,442.87,317.27,38.03,408.22,414.93,1,44,43.6891,1,44,43.9724,1,66,7.9142,1,44,8.9166
2,95,Neutral,442.87,317.27,38.03,408.22,414.93,1,43,57.9325,1,43,57.9325,1,66,10.0809,1,45,10.3925
2,95,Defensive,442.87,317.27,38.03,408.22,414.93,1,43,85.9325,1,43,85.9325,1,46,13.9901,1,45,15.5888
2,95,Dynamic,442.87,317.27,38.03,408.22,414.93,1,44,43.6891,1,44,43.9724,1,66,7.9142,1,44,8.9166
2,96,Offensive,307.24,251.8,110.2,339.68,215.75,1,20,30.0662,1,20,30.0662,1,30,18.1686,1,20,12.3195
2,96,Neutral,307.24,251.8,110.2,339.68,215.75,1,20,36.3995,1,20,36.3995,1,30,19.1353,1,20,16.426
2,96,Defensive,307.24,251.8,110.2,339.68,215.75,1,20,49.0662,1,20,49.0662,1,30,21.0686,1,30,8.6076
2,96,Dynamic,307.24,251.8,110.2,339.68,215.75,1,30,30.5269,1,30,30.5269,1,30,18.1686,1,20,14.8355
2,97,Offensive,447.7,305.96,145.14,432.16,327.83,1,34,38.7345,1,34,38.741,1,37,51.2821,1,34,9.6398
2,97,Neutral,447.7,305.96,145.14,432.16,327.83,1,31,49.0879,1,31,49.0879,1,37,52.4821,1,35,10.955
2,97,Defensive,447.7,305.96,145.14,432.16,327.83,1,31,69.0879,1,31,69.0879,1,37,54.8821,1,36,16.4023
2,97,Dynamic,447.7,305.96,145.14,432.16,327.83,1,34,39.0678,1,34,39.0743,1,37,51.3154,1,34,10.6536
2,98,Offensive,360.32,247.83,100.25,439.82,323.26,1,33,43.1241,1,33,43.4987,1,41,93.4265,1,27,23.2261
2,98,Neutral,360.32,247.83,100.25,439.82,323.26,1,32,53.7009,1,32,53.7284,1,41,94.7599,1,33,20.5638
2,98,Defensive,360.32,247.83,100.25,439.82,323.26,1,27,71.9447,1,27,71.9447,1,41,97.4265,1,34,28.4942
2,98,Dynamic,360.32,247.83,100.25,439.82,323.26,1,33,44.7908,1,33,45.1654,1,41,93.5932,1,32,22.1157
2,99,Offensive,139.05,41.47,106.89,54.59,34.74,1,4,3.0,1,4,3.0,1,4,0.3,1,4,0.0212
2,99,Neutral,139.05,41.47,106.89,54.59,34.74,1,4,4.0,1,4,4.0,1,4,0.4,1,4,0.0283
2,99,Defensive,139.05,41.47,106.89,54.59,34.74,1,4,6.0,1,4,6.0,1,4,0.6,1,4,0.0424
2,99,Dynamic,139.05,41.47,106.89,54.59,34.74,1,4,3.0,1,4,3.0,1,4,0.3,1,4,0.0212
2,100,Offensive,365.97,69.34,85.69,279.7,350.44,1,29,33.6119,1,29,33.6119,1,53,52.0996,1,29,8.7464
2,100,Neutral,365.97,69.34,85.69,279.7,350.44,1,29,42.9452,1,29,42.9452,1,53,53.8329,1,29,11.6618
2,100,Defensive,365.97,69.34,85.69,279.7,350.44,1,29,61.6119,1,29,61.6119,1,53,57.2996,1,29,17.4927
2,100,Dynamic,365.97,69.34,85.69,279.7,350.44,1,29,34.6119,1,29,34.6119,1,53,52.1329,1,29,13.1485
3,1,Offensive,148.37,430.31,222.54,92.31,346.04,1,35,34.0922,1,35,34.0922,1,35,4.3223,1,35,4.511
3,1,Neutral,148.37,430.31,222.54,92.31,346.04,1,35,45.4256,1,35,45.4256,1,35,5.4556,1,35,5.928
3,1,Defensive,148.37,430.31,222.54,92.31,346.04,1,35,68.0922,1,35,68.0922,1,35,7.7223,1,35,8.892
3,1,Dynamic,148.37,430.31,222.54,92.31,346.04,1,35,34.0922,1,35,34.0922,1,35,4.3223,1,35,4.511
3,2,Offensive,169.0,262.22,315.34,190.37,163.02,1,16,15.8171,1,16,15.8171,1,17,1.6,1,16,1.584
3,2,Neutral,169.0,262.22,315.34,190.37,163.02,1,16,20.8171,1,16,20.8171,1,17,2.1333,1,16,2.1121
3,2,Defensive,169.0,262.22,315.34,190.37,163.02,1,16,30.8171,1,16,30.8171,1,17,3.2,1,17,2.2597
3,2,Dynamic,169.0,262.22,315.34,190.37,163.02,1,16,15.8171,1,16,15.8171,1,17,1.6,1,16,1.584
3,3,Offensive,35.31,58.68,37.87,107.36,48.74,1,11,16.7289,1,11,16.7289,1,16,63.8146,1,11,7.0428
3,3,Neutral,35.31,58.68,37.87,107.36,48.74,1,6,18.6054,1,6,18.6054,1,16,64.3146,1,11,9.3904
3,3,Defensive,35.31,58.68,37.87,107.36,48.74,1,6,21.9387,1,6,21.9387,1,16,65.3146,1,11,14.0856
3,3,Dynamic,35.31,58.68,37.87,107.36,48.74,1,11,17.7289,1,11,17.7289,1,16,63.8813,1,13,9.1045
3,4,Offensive,85.07,389.18,183.87,388.16,98.81,1,11,10.3172,1,11,10.3172,1,11,4.1724,1,11,0.6453
3,4,Neutral,85.07,389.18,183.87,388.16,98.81,1,11,13.6506,1,11,13.6506,1,11,4.5058,1,11,0.8604
3,4,Defensive,85.07,389.18,183.87,388.16,98.81,1,11,20.3172,1,11,20.3172,1,11,5.1724,1,11,1.2906
3,4,Dynamic,85.07,389.18,183.87,388.16,98.81,1,11,10.3172,1,11,10.3172,1,11,4.1724,1,11,0.6453
3,5,Offensive,224.33,472.25,351.46,67.56,424.19,1,42,41.0,1,42,41.2561,1,42,4.1,1,42,6.7464
3,5,Neutral,224.33,472.25,351.46,67.56,424.19,1,42,54.6667,1,42,54.9228,1,42,5.4667,1,42,8.9952
3,5,Defensive,224.33,472.25,351.46,67.56,424.19,1,42,82.0,1,42,82.0,1,42,8.2,1,42,13.4928
3,5,Dynamic,224.33,472.25,351.46,67.56,424.19,1,42,41.0,1,42,41.2561,1,42,4.1,1,42,6.7464
3,6,Offensive,384.35,150.09,375.77,343.98,194.08,1,28,31.8449,1,28,31.8449,1,43,46.0423,1,31,15.1753
3,6,Neutral,384.35,150.09,375.77,343.98,194.08,1,27,40.6309,1,27,40.6309,1,43,47.4423,1,28,9.3393
3,6,Defensive,384.35,150.09,375.77,343.98,194.08,1,23,56.9012,1,23,56.9012,1,29,49.5947,1,28,14.009
3,6,Dynamic,384.35,150.09,375.77,343.98,194.08,1,28,32.1782,1,28,32.1782,1,43,46.0756,1,29,9.1934
3,7,Offensive,149.17,356.46,190.32,234.04,129.15,1,16,16.1028,1,16,16.1028,1,19,7.7569,1,16,1.9595
3,7,Neutral,149.17,356.46,190.32,234.04,129.15,1,16,21.1028,1,16,21.1028,1,19,8.3569,1,16,2.6126
3,7,Defensive,149.17,356.46,190.32,234.04,129.15,1,13,30.7583,1,13,30.7583,1,19,9.5569,1,16,3.7042
3,7,Dynamic,149.17,356.46,190.32,234.04,129.15,1,16,16.1028,1,16,16.1028,1,19,7.7569,1,16,1.9595
3,8,Offensive,51.2,307.43,438.57,164.95,412.73,1,39,38.6662,1,39,38.8123,1,39,10.4616,1,39,7.268
3,8,Neutral,51.2,307.43,438.57,164.95,412.73,1,39,51.3328,1,39,51.3328,1,39,11.7282,1,39,7.9028
3,8,Defensive,51.2,307.43,438.57,164.95,412.73,1,39,76.6662,1,39,76.6662,1,39,14.2616,1,39,11.8542
3,8,Dynamic,51.2,307.43,438.57,164.95,412.73,1,39,38.6662,1,39,38.8123,1,39,10.4616,1,39,7.268
3,9,Offensive,466.09,437.69,175.48,134.26,420.15,1,38,43.7685,1,38,44.2046,1,45,60.126,1,41,17.4945
3,9,Neutral,466.09,437.69,175.48,134.26,420.15,1,38,56.1018,1,38,56.1018,1,45,61.5927,1,42,21.0115
3,9,Defensive,466.09,437.69,175.48,134.26,420.15,1,38,80.7685,1,38,80.7685,1,45,64.526,1,42,28.3492
3,9,Dynamic,466.09,437.69,175.48,134.26,420.15,1,38,45.1018,1,38,45.5379,1,45,60.2593,1,41,21.9521
3,10,Offensive,77.4,158.58,375.48,200.86,301.06,1,31,34.6594,1,31,34.6594,1,34,41.8313,1,31,7.7466
3,10,Neutral,77.4,158.58,375.48,200.86,301.06,1,31,44.6594,1,31,44.6594,1,34,42.9313,1,31,10.3288
3,10,Defensive,77.4,158.58,375.48,200.86,301.06,1,31,64.6594,1,31,64.6594,1,34,45.1313,1,31,15.4931
3,10,Dynamic,77.4,158.58,375.48,200.86,301.06,1,31,34.9928,1,31,34.9928,1,34,41.8646,1,31,8.6493
3,11,Offensive,82.78,285.6,156.1,21.37,274.21,1,27,26.0,1,27,26.4598,1,27,2.6,1,27,2.8283
3,11,Neutral,82.78,285.6,156.1,21.37,274.21,1,27,34.6667,1,27,34.6667,1,27,3.4667,1,27,3.3492
3,11,Defensive,82.78,285.6,156.1,21.37,274.21,1,27,52.0,1,27,52.0,1,27,5.2,1,27,5.0238
3,11,Dynamic,82.78,285.6,156.1,21.37,274.21,1,27,26.0,1,27,26.4598,1,27,2.6,1,27,2.8283
3,12,Offensive,58.92,212.22,234.5,445.51,291.98,1,26,25.6065,1,26,25.6065,1,27,2.6,1,26,3.5774
3,12,Neutral,58.92,212.22,234.5,445.51,291.98,1,26,33.9398,1,26,33.9398,1,27,3.4667,1,26,4.7699
3,12,Defensive,58.92,212.22,234.5,445.51,291.98,1,26,50.6065,1,26,50.6065,1,27,5.2,1,26,5.8537
3,12,Dynamic,58.92,212.22,234.5,445.51,291.98,1,26,25.6065,1,26,25.6065,1,27,2.6,1,26,3.5774
3,13,Offensive,453.51,223.41,59.78,349.16,413.33,1,44,50.9562,1,44,51.7374,1,53,79.2082,1,44,17.3445
3,13,Neutral,453.51,223.41,59.78,349.16,413.33,1,44,65.2896,1,44,65.3033,1,53,80.9415,1,45,25.1653
3,13,Defensive,453.51,223.41,59.78,349.16,413.33,1,43,93.3718,1,43,93.3718,1,53,84.4082,1,45,34.6695
3,13,Dynamic,453.51,223.41,59.78,349.16,413.33,1,44,52.2896,1,44,53.0707,1,53,79.3415,1,44,22.4123
3,14,Offensive,277.08,443.92,38.32,383.27,246.35,1,25,27.3596,1,25,27.3596,1,25,35.9955,1,25,5.329
3,14,Neutral,277.08,443.92,38.32,383.27,246.35,1,25,35.3596,1,25,35.3596,1,25,36.7955,1,25,7.1054
3,14,Defensive,277.08,443.92,38.32,383.27,246.35,1,25,51.3596,1,25,51.3596,1,25,38.3955,1,25,10.6581
3,14,Dynamic,277.08,443.92,38.32,383.27,246.35,1,25,27.6929,1,25,27.6929,1,25,36.0288,1,25,6.0198
3,15,Offensive,188.69,345.86,100.31,464.06,147.58,1,14,14.1998,1,14,15.263,1,14,13.2985,1,14,3.2989
3,15,Neutral,188.69,345.86,100.31,464.06,147.58,1,14,18.5332,1,14,18.5332,1,14,13.7318,1,14,4.3985
3,15,Defensive,188.69,345.86,100.31,464.06,147.58,1,13,26.9561,1,13,26.9561,1,14,14.5985,1,14,3.7012
3,15,Dynamic,188.69,345.86,100.31,464.06,147.58,1,14,14.1998,1,14,15.263,1,14,13.2985,1,14,3.2989
3,16,Offensive,98.64,22.41,238.2,66.53,146.36,1,15,14.4998,1,15,14.4998,1,15,6.3984,1,15,1.1472
3,16,Neutral,98.64,22.41,238.2,66.53,146.36,1,15,19.1665,1,15,19.1665,1,15,6.8651,1,15,1.5296
3,16,Defensive,98.64,22.41,238.2,66.53,146.36,1,15,28.4998,1,15,28.4998,1,15,7.7984,1,15,2.2944
3,16,Dynamic,98.64,22.41,238.2,66.53,146.36,1,15,14.4998,1,15,14.4998,1,15,6.3984,1,15,1.1472
3,17,Offensive,58.17,104.21,311.27,432.12,414.22,1,36,44.9484,1,36,45.8599,1,44,81.3129,1,40,15.3228
3,17,Neutral,58.17,104.21,311.27,432.12,414.22,1,36,56.6151,1,36,56.6151,1,44,82.7462,1,40,20.4304
3,17,Defensive,58.17,104.21,311.27,432.12,414.22,1,36,79.9484,1,36,79.9484,1,44,85.6129,1,40,30.0962
3,17,Dynamic,58.17,104.21,311.27,432.12,414.22,1,36,46.2818,1,36,47.1932,1,44,81.4462,1,40,20.7844
3,18,Offensive,65.55,232.22,77.01,269.76,39.25,1,4,3.0,1,4,3.0,1,4,0.3,1,4,0.0212
3,18,Neutral,65.55,232.22,77.01,269.76,39.25,1,4,4.0,1,4,4.0,1,4,0.4,1,4,0.0283
3,18,Defensive,65.55,232.22,77.01,269.76,39.25,1,4,6.0,1,4,6.0,1,4,0.6,1,4,0.0424
3,18,Dynamic,65.55,232.22,77.01,269.76,39.25,1,4,3.0,1,4,3.0,1,4,0.3,1,4,0.0212
3,19,Offensive,140.1,174.22,405.33,146.46,266.68,1,28,28.0711,1,28,28.1936,1,37,6.2476,1,28,3.7752
3,19,Neutral,140.1,174.22,405.33,146.46,266.68,1,28,37.0711,1,28,37.0711,1,37,7.4476,1,28,5.0335
3,19,Defensive,140.1,174.22,405.33,146.46,266.68,1,28,55.0711,1,28,55.0711,1,37,9.8476,1,28,7.5503
3,19,Dynamic,140.1,174.22,405.33,146.46,266.68,1,28,28.0711,1,28,28.1936,1,37,6.2476,1,28,3.7752
3,20,Offensive,304.66,295.63,417.22,458.93,198.32,1,17,17.0005,1,17,17.5104,1,17,11.6048,1,17,2.5017
3,20,Neutral,304.66,295.63,417.22,458.93,198.32,1,17,22.3338,1,17,22.5215,1,17,12.1381,1,17,3.3356
3,20,Defensive,304.66,295.63,417.22,458.93,198.32,1,17,33.0005,1,17,33.0005,1,17,13.2048,1,17,5.0034
3,20,Dynamic,304.66,295.63,417.22,458.93,198.32,1,17,17.0005,1,17,17.5104,1,17,11.6048,1,17,2.5017
3,21,Offensive,167.52,254.92,93.49,221.44,81.25,1,9,8.0,1,8,8.1784,1,9,0.8,1,8,1.4544
3,21,Neutral,167.52,254.92,93.49,221.44,81.25,1,8,10.5117,1,8,10.5117,1,9,1.0667,1,9,0.3925
3,21,Defensive,167.52,254.92,93.49,221.44,81.25,1,8,15.1784,1,8,15.1784,1,9,1.6,1,9,0.5887
3,21,Dynamic,167.52,254.92,93.49,221.44,81.25,1,9,8.0,1,8,8.1784,1,9,0.8,1,8,1.4544
3,22,Offensive,135.51,264.01,263.88,436.47,215.0,1,18,17.0,1,18,17.1537,1,18,1.7,1,18,1.2781
3,22,Neutral,135.51,264.01,263.88,436.47,215.0,1,18,22.6667,1,18,22.6667,1,18,2.2667,1,18,1.7042
3,22,Defensive,135.51,264.01,263.88,436.47,215.0,1,18,34.0,1,18,34.0,1,18,3.4,1,18,2.5562
3,22,Dynamic,135.51,264.01,263.88,436.47,215.0,1,18,17.0,1,18,17.1537,1,18,1.7,1,18,1.2781
3,23,Offensive,297.02,162.38,26.81,116.36,274.1,1,28,36.5276,1,28,36.5276,1,33,85.2261,1,28,12.084
3,23,Neutral,297.02,162.38,26.81,116.36,274.1,1,28,45.5276,1,28,45.5276,1,33,86.2928,1,28,16.112
3,23,Defensive,297.02,162.38,26.81,116.36,274.1,1,28,63.5276,1,28,63.5276,1,33,88.4261,1,36,24.1131
3,23,Dynamic,297.02,162.38,26.81,116.36,274.1,1,28,38.1942,1,28,38.1942,1,33,85.3594,1,28,18.3451
3,24,Offensive,69.44,347.87,415.93,182.04,384.13,1,39,40.6483,1,39,40.6483,1,48,25.6292,1,38,10.3552
3,24,Neutral,69.44,347.87,415.93,182.04,384.13,1,39,53.315,1,39,53.315,1,48,27.1959,1,39,11.4195
3,24,Defensive,69.44,347.87,415.93,182.04,384.13,1,38,78.0639,1,38,78.0639,1,48,30.3292,1,39,16.0354
3,24,Dynamic,69.44,347.87,415.93,182.04,384.13,1,39,40.9817,1,39,40.9817,1,48,25.6625,1,38,11.0367
3,25,Offensive,383.87,23.01,187.63,410.51,434.36,1,42,42.8082,1,43,43.0284,1,43,12.9831,1,42,7.9577
3,25,Neutral,383.87,23.01,187.63,410.51,434.36,1,40,56.2956,1,40,56.2956,1,43,14.3831,1,43,9.8167
3,25,Defensive,383.87,23.01,187.63,410.51,434.36,1,40,82.2956,1,40,82.2956,1,43,17.1831,1,43,14.7251
3,25,Dynamic,383.87,23.01,187.63,410.51,434.36,1,42,42.8082,1,43,43.0284,1,43,12.9831,1,42,7.9577
3,26,Offensive,429.53,77.65,246.43,479.82,441.89,1,46,51.9257,1,46,52.4608,1,65,50.5864,1,47,17.4602
3,26,Neutral,429.53,77.65,246.43,479.82,441.89,1,46,66.9257,1,46,66.9257,1,65,52.7197,1,48,20.3447
3,26,Defensive,429.53,77.65,246.43,479.82,441.89,1,45,96.8099,1,45,96.8099,1,65,56.9864,1,48,29.0113
3,26,Dynamic,429.53,77.65,246.43,479.82,441.89,1,46,52.5924,1,46,53.1274,1,65,50.6197,1,47,19.5031
3,27,Offensive,348.8,397.67,466.1,191.62,237.09,1,24,31.1192,1,24,31.1433,1,50,4.9,1,24,9.9665
3,27,Neutral,348.8,397.67,466.1,191.62,237.09,1,24,38.7859,1,24,38.7859,1,50,6.5333,1,24,13.2887
3,27,Defensive,348.8,397.67,466.1,191.62,237.09,1,24,54.1192,1,24,54.1192,1,37,9.3524,1,37,7.8071
3,27,Dynamic,348.8,397.67,466.1,191.62,237.09,1,24,31.7859,1,24,31.81,1,50,4.9,1,24,11.6602
3,28,Offensive,366.69,82.5,139.56,43.04,230.53,1,24,23.0,1,24,23.0,1,24,2.3,1,24,1.7913
3,28,Neutral,366.69,82.5,139.56,43.04,230.53,1,24,30.6667,1,24,30.6667,1,24,3.0667,1,24,2.3884
3,28,Defensive,366.69,82.5,139.56,43.04,230.53,1,24,46.0,1,24,46.0,1,24,4.6,1,24,3.5825
3,28,Dynamic,366.69,82.5,139.56,43.04,230.53,1,24,23.0,1,24,23.0,1,24,2.3,1,24,1.7913
3,29,Offensive,372.97,426.85,206.91,442.24,166.78,1,18,18.0312,1,18,18.0312,1,20,2.2613,1,18,2.6973
3,29,Neutral,372.97,426.85,206.91,442.24,166.78,1,18,23.6979,1,18,23.6979,1,20,2.8946,1,18,3.0763
3,29,Defensive,372.97,426.85,206.91,442.24,166.78,1,18,35.0312,1,18,35.0312,1,20,4.1613,1,18,4.6145
3,29,Dynamic,372.97,426.85,206.91,442.24,166.78,1,18,18.0312,1,18,18.0312,1,20,2.2613,1,18,2.6973
3,30,Offensive,391.78,277.84,388.76,222.2,55.72,1,6,11.4137,1,6,11.4137,1,6,64.6368,1,6,6.4943
3,30,Neutral,391.78,277.84,388.76,222.2,55.72,1,6,13.0803,1,6,13.0803,1,6,64.8034,1,6,8.6591
3,30,Defensive,391.78,277.84,388.76,222.2,55.72,1,6,16.4137,1,6,16.4137,1,6,65.1368,1,6,12.9886
3,30,Dynamic,391.78,277.84,388.76,222.2,55.72,1,6,12.747,1,6,12.747,1,6,64.7701,1,6,11.2119
3,31,Offensive,207.8,51.46,181.24,241.3,191.69,1,20,19.0,1,20,19.2582,1,20,1.9,1,20,1.6353
3,31,Neutral,207.8,51.46,181.24,241.3,191.69,1,20,25.3333,1,20,25.3333,1,20,2.5333,1,20,2.1804
3,31,Defensive,207.8,51.46,181.24,241.3,191.69,1,20,38.0,1,20,38.0,1,20,3.8,1,20,2.5027
3,31,Dynamic,207.8,51.46,181.24,241.3,191.69,1,20,19.0,1,20,19.2582,1,20,1.9,1,20,1.6353
3,32,Offensive,349.89,234.15,439.4,358.27,153.03,1,13,21.6371,1,13,21.6371,1,53,5.5613,1,13,10.191
3,32,Neutral,349.89,234.15,439.4,358.27,153.03,1,13,25.6371,1,13,25.6371,1,53,7.2946,1,24,12.685
3,32,Defensive,349.89,234.15,439.4,358.27,153.03,1,13,33.6371,1,13,33.6371,1,39,10.1141,1,24,19.0275
3,32,Dynamic,349.89,234.15,439.4,358.27,153.03,1,13,22.6371,1,13,22.6371,1,53,5.5613,1,23,13.0916
3,33,Offensive,34.89,199.1,312.35,180.25,278.09,1,29,28.0,1,29,28.8578,1,29,2.8,1,29,3.5393
3,33,Neutral,34.89,199.1,312.35,180.25,278.09,1,29,37.3333,1,29,37.3333,1,29,3.7333,1,29,4.719
3,33,Defensive,34.89,199.1,312.35,180.25,278.09,1,29,56.0,1,29,56.0,1,29,5.6,1,29,7.0785
3,33,Dynamic,34.89,199.1,312.35,180.25,278.09,1,29,28.0,1,29,28.8578,1,29,2.8,1,29,3.5393
3,34,Offensive,367.16,440.1,192.24,390.45,181.83,1,18,22.1351,1,18,22.1351,1,23,45.0536,1,18,6.1036
3,34,Neutral,367.16,440.1,192.24,390.45,181.83,1,18,27.8018,1,18,27.8018,1,23,45.7869,1,18,8.1382
3,34,Defensive,367.16,440.1,192.24,390.45,181.83,1,18,39.1351,1,18,39.1351,1,23,47.2536,1,18,12.2072
3,34,Dynamic,367.16,440.1,192.24,390.45,181.83,1,18,22.4684,1,18,22.4684,1,23,45.0869,1,18,7.2276
3,35,Offensive,252.03,463.87,88.94,449.31,163.74,1,18,17.9444,1,18,17.9444,1,18,11.1439,1,18,2.0095
3,35,Neutral,252.03,463.87,88.94,449.31,163.74,1,18,23.6111,1,18,23.6111,1,18,11.7106,1,18,2.6793
3,35,Defensive,252.03,463.87,88.94,449.31,163.74,1,18,34.9444,1,18,34.9444,1,18,12.8439,1,18,3.8234
3,35,Dynamic,252.03,463.87,88.94,449.31,163.74,1,18,17.9444,1,18,17.9444,1,18,11.1439,1,18,2.0095
3,36,Offensive,247.41,453.82,154.16,76.09,389.06,1,39,38.9277,1,39,39.2072,1,41,4.0,1,39,6.5901
3,36,Neutral,247.41,453.82,154.16,76.09,389.06,1,39,51.5944,1,39,51.674,1,41,5.3333,1,39,8.3346
3,36,Defensive,247.41,453.82,154.16,76.09,389.06,1,39,76.9277,1,39,76.9277,1,41,8.0,1,39,12.5019
3,36,Dynamic,247.41,453.82,154.16,76.09,389.06,1,39,38.9277,1,39,39.2072,1,41,4.0,1,39,6.5901
3,37,Offensive,470.14,302.48,36.09,124.76,469.02,1,50,54.1258,1,50,54.1499,1,55,52.7604,1,50,18.9146
3,37,Neutral,470.14,302.48,36.09,124.76,469.02,1,50,70.4591,1,50,70.4591,1,55,54.5604,1,51,18.9596
3,37,Defensive,470.14,302.48,36.09,124.76,469.02,1,50,103.1258,1,50,103.1258,1,55,58.1604,1,51,27.5625
3,37,Dynamic,470.14,302.48,36.09,124.76,469.02,1,50,54.7924,1,50,54.8165,1,55,52.8271,1,50,20.5069
3,38,Offensive,386.55,354.7,261.34,309.21,133.22,1,13,13.3549,1,13,13.6414,1,13,14.7488,1,13,2.1538
3,38,Neutral,386.55,354.7,261.34,309.21,133.22,1,13,17.3549,1,13,17.4537,1,13,15.1488,1,13,2.8717
3,38,Defensive,386.55,354.7,261.34,309.21,133.22,1,13,25.3549,1,13,25.3549,1,13,15.9488,1,13,4.3076
3,38,Dynamic,386.55,354.7,261.34,309.21,133.22,1,13,13.3549,1,13,13.6414,1,13,14.7488,1,13,2.1538
3,39,Offensive,28.84,278.52,70.8,319.71,58.79,1,10,18.2394,1,10,18.2394,1,10,93.2942,1,10,9.492
3,39,Neutral,28.84,278.52,70.8,319.71,58.79,1,10,21.2394,1,10,21.2394,1,10,93.5942,1,10,12.656
3,39,Defensive,28.84,278.52,70.8,319.71,58.79,1,6,25.7705,1,6,25.7705,1,10,94.1942,1,10,18.984
3,39,Dynamic,28.84,278.52,70.8,319.71,58.79,1,10,19.5728,1,10,19.5728,1,10,93.4276,1,10,14.4991
3,40,Offensive,276.21,125.2,265.83,283.6,158.74,1,17,16.2152,1,17,16.2152,1,23,2.2,1,17,1.0638
3,40,Neutral,276.21,125.2,265.83,283.6,158.74,1,17,21.5486,1,17,21.5486,1,23,2.9333,1,17,1.4184
3,40,Defensive,276.21,125.2,265.83,283.6,158.74,1,17,32.2152,1,17,32.2152,1,23,4.4,1,17,2.1275
3,40,Dynamic,276.21,125.2,265.83,283.6,158.74,1,17,16.2152,1,17,16.2152,1,23,2.2,1,17,1.0638
3,41,Offensive,366.98,117.15,121.37,279.01,294.15,1,25,24.0,1,25,25.0128,1,25,2.4,1,25,3.3425
3,41,Neutral,366.98,117.15,121.37,279.01,294.15,1,25,32.0,1,25,32.0888,1,25,3.2,1,25,3.3914
3,41,Defensive,366.98,117.15,121.37,279.01,294.15,1,25,48.0,1,25,48.0,1,25,4.8,1,25,5.0871
3,41,Dynamic,366.98,117.15,121.37,279.01,294.15,1,25,24.0,1,25,25.0128,1,25,2.4,1,25,3.3425
3,42,Offensive,36.97,64.17,298.02,50.96,261.38,1,27,30.001,1,27,30.001,1,32,32.9041,1,27,6.3038
3,42,Neutral,36.97,64.17,298.02,50.96,261.38,1,27,38.6677,1,27,38.6677,1,32,33.9374,1,27,8.4051
3,42,Defensive,36.97,64.17,298.02,50.96,261.38,1,27,56.001,1,27,56.001,1,32,36.0041,1,27,12.6076
3,42,Dynamic,36.97,64.17,298.02,50.96,261.38,1,27,30.3343,1,27,30.3343,1,32,32.9374,1,27,7.3694
3,43,Offensive,320.16,170.75,412.04,238.19,113.96,1,13,13.4443,1,13,13.4443,1,16,6.9822,1,13,3.0896
3,43,Neutral,320.16,170.75,412.04,238.19,113.96,1,13,17.4443,1,13,17.4443,1,16,7.4822,1,13,3.6803
3,43,Defensive,320.16,170.75,412.04,238.19,113.96,1,13,25.4443,1,13,25.4443,1,16,8.4822,1,13,3.8409
3,43,Dynamic,320.16,170.75,412.04,238.19,113.96,1,13,13.4443,1,13,13.4443,1,16,6.9822,1,13,3.0896
3,44,Offensive,378.66,42.25,111.67,118.98,277.79,1,27,27.1796,1,27,27.5481,1,28,11.2837,1,27,4.2347
3,44,Neutral,378.66,42.25,111.67,118.98,277.79,1,27,35.8462,1,27,35.8462,1,28,12.1837,1,27,5.6462
3,44,Defensive,378.66,42.25,111.67,118.98,277.79,1,27,53.1796,1,27,53.1796,1,28,13.9837,1,27,7.1733
3,44,Dynamic,378.66,42.25,111.67,118.98,277.79,1,27,27.1796,1,27,27.5481,1,28,11.2837,1,27,4.2347
3,45,Offensive,401.87,376.82,198.16,279.16,225.91,1,22,21.2724,1,22,21.8022,1,22,4.8243,1,22,2.4091
3,45,Neutral,401.87,376.82,198.16,279.16,225.91,1,22,28.2724,1,22,28.2724,1,22,5.5243,1,22,3.2121
3,45,Defensive,401.87,376.82,198.16,279.16,225.91,1,22,42.2724,1,22,42.2724,1,22,6.9243,1,22,4.3374
3,45,Dynamic,401.87,376.82,198.16,279.16,225.91,1,22,21.2724,1,22,21.8022,1,22,4.8243,1,22,2.4091
3,46,Offensive,55.83,413.66,51.19,227.15,186.57,1,21,26.1501,1,21,26.1501,1,38,23.1205,1,21,8.9086
3,46,Neutral,55.83,413.66,51.19,227.15,186.57,1,20,32.6746,1,21,32.8168,1,38,24.3538,1,22,11.0155
3,46,Defensive,55.83,413.66,51.19,227.15,186.57,1,20,45.3413,1,20,45.3413,1,38,26.8205,1,22,14.8733
3,46,Dynamic,55.83,413.66,51.19,227.15,186.57,1,21,26.4835,1,21,26.4835,1,38,23.1205,1,21,9.4855
3,47,Offensive,106.14,311.92,28.56,169.45,162.23,1,16,17.8837,1,16,17.8837,1,32,25.463,1,16,3.7984
3,47,Neutral,106.14,311.92,28.56,169.45,162.23,1,16,22.8837,1,16,22.8837,1,32,26.4964,1,16,5.0645
3,47,Defensive,106.14,311.92,28.56,169.45,162.23,1,16,32.8837,1,16,32.8837,1,32,28.563,1,16,7.5968
3,47,Dynamic,106.14,311.92,28.56,169.45,162.23,1,16,18.217,1,16,18.217,1,32,25.4964,1,16,4.6306
3,48,Offensive,304.1,332.53,473.52,382.1,176.53,1,18,17.4378,1,18,17.4378,1,19,2.1613,1,18,2.5637
3,48,Neutral,304.1,332.53,473.52,382.1,176.53,1,18,23.1045,1,18,23.1045,1,19,2.7613,1,18,3.4182
3,48,Defensive,304.1,332.53,473.52,382.1,176.53,1,18,34.4378,1,18,34.4378,1,19,3.9613,1,19,3.0801
3,48,Dynamic,304.1,332.53,473.52,382.1,176.53,1,18,17.4378,1,18,17.4378,1,19,2.1613,1,18,2.5637
3,49,Offensive,114.11,35.19,168.94,59.52,59.98,1,6,5.0,1,6,5.0,1,6,0.5,1,6,0.0716
3,49,Neutral,114.11,35.19,168.94,59.52,59.98,1,6,6.6667,1,6,6.6667,1,6,0.6667,1,6,0.0954
3,49,Defensive,114.11,35.19,168.94,59.52,59.98,1,6,10.0,1,6,10.0,1,6,1.0,1,6,0.1432
3,49,Dynamic,114.11,35.19,168.94,59.52,59.98,1,6,5.0,1,6,5.0,1,6,0.5,1,6,0.0716
3,50,Offensive,394.5,453.64,457.66,174.71,285.99,1,30,35.449,1,30,35.5786,1,55,7.6313,1,29,11.1004
3,50,Neutral,394.5,453.64,457.66,174.71,285.99,1,30,45.1157,1,30,45.1157,1,55,9.4313,1,43,7.1035
3,50,Defensive,394.5,453.64,457.66,174.71,285.99,1,29,64.3423,1,29,64.3423,1,42,12.5837,1,42,10.2065
3,50,Dynamic,394.5,453.64,457.66,174.71,285.99,1,30,36.1157,1,30,36.2452,1,55,7.6313,1,29,12.8036
3,51,Offensive,465.29,337.45,252.67,382.18,217.28,1,22,24.4369,1,22,24.4369,1,29,25.6512,1,22,4.9331
3,51,Neutral,465.29,337.45,252.67,382.18,217.28,1,22,31.4369,1,22,31.4369,1,29,26.5845,1,22,6.5774
3,51,Defensive,465.29,337.45,252.67,382.18,217.28,1,22,45.4369,1,22,45.4369,1,29,28.4512,1,22,9.8661
3,51,Dynamic,465.29,337.45,252.67,382.18,217.28,1,22,24.7702,1,22,24.7702,1,29,25.6845,1,22,5.689
3,52,Offensive,158.58,439.15,460.0,424.95,301.76,1,32,31.0361,1,32,31.2167,1,32,3.4613,1,32,3.6336
3,52,Neutral,158.58,439.15,460.0,424.95,301.76,1,32,41.3695,1,32,41.3695,1,32,4.4946,1,32,4.4886
3,52,Defensive,158.58,439.15,460.0,424.95,301.76,1,32,62.0361,1,32,62.0361,1,32,6.5613,1,32,6.7329
3,52,Dynamic,158.58,439.15,460.0,424.95,301.76,1,32,31.0361,1,32,31.2167,1,32,3.4613,1,32,3.6336
3,53,Offensive,206.12,53.44,170.42,434.1,382.32,1,39,38.0,1,39,38.0,1,39,3.8,1,39,5.0321
3,53,Neutral,206.12,53.44,170.42,434.1,382.32,1,39,50.6667,1,39,50.6667,1,39,5.0667,1,39,6.7095
3,53,Defensive,206.12,53.44,170.42,434.1,382.32,1,39,76.0,1,39,76.0,1,39,7.6,1,39,10.0642
3,53,Dynamic,206.12,53.44,170.42,434.1,382.32,1,39,38.0,1,39,38.0,1,39,3.8,1,39,5.0321
3,54,Offensive,213.3,91.46,209.89,319.16,227.73,1,23,22.0,1,23,22.1085,1,23,2.2,1,23,1.7537
3,54,Neutral,213.3,91.46,209.89,319.16,227.73,1,23,29.3333,1,23,29.3333,1,23,2.9333,1,23,2.3382
3,54,Defensive,213.3,91.46,209.89,319.16,227.73,1,23,44.0,1,23,44.0,1,23,4.4,1,23,3.5073
3,54,Dynamic,213.3,91.46,209.89,319.16,227.73,1,23,22.0,1,23,22.1085,1,23,2.2,1,23,1.7537
3,55,Offensive,45.65,416.48,24.69,171.98,245.4,1,25,30.1501,1,25,30.1501,1,41,23.4205,1,26,9.1347
3,55,Neutral,45.65,416.48,24.69,171.98,245.4,1,25,38.1501,1,25,38.1501,1,41,24.7538,1,26,11.5128
3,55,Defensive,45.65,416.48,24.69,171.98,245.4,1,25,54.1501,1,25,54.1501,1,41,27.4205,1,27,16.3123
3,55,Dynamic,45.65,416.48,24.69,171.98,245.4,1,25,30.4835,1,25,30.4835,1,41,23.4205,1,26,9.7238
3,56,Offensive,209.45,309.64,380.37,302.19,171.08,1,23,29.7984,1,23,30.1425,1,31,73.8597,1,27,12.2073
3,56,Neutral,209.45,309.64,380.37,302.19,171.08,1,23,37.1317,1,23,37.1317,1,31,74.8597,1,26,13.1135
3,56,Defensive,209.45,309.64,380.37,302.19,171.08,1,19,49.4662,1,19,49.4662,1,31,76.8597,1,25,19.5271
3,56,Dynamic,209.45,309.64,380.37,302.19,171.08,1,23,30.465,1,23,30.8092,1,31,73.9264,1,27,15.0195
3,57,Offensive,248.36,176.26,190.03,378.14,210.14,1,21,20.0,1,21,20.0,1,21,2.0,1,21,1.3504
3,57,Neutral,248.36,176.26,190.03,378.14,210.14,1,21,26.6667,1,21,26.6667,1,21,2.6667,1,21,1.8005
3,57,Defensive,248.36,176.26,190.03,378.14,210.14,1,21,40.0,1,21,40.0,1,21,4.0,1,21,2.7008
3,57,Dynamic,248.36,176.26,190.03,378.14,210.14,1,21,20.0,1,21,20.0,1,21,2.0,1,21,1.3504
3,58,Offensive,333.01,362.68,360.62,252.39,113.7,1,12,19.5293,1,12,19.5293,1,37,3.6,1,24,3.5959
3,58,Neutral,333.01,362.68,360.62,252.39,113.7,1,12,23.196,1,12,23.196,1,37,4.8,1,25,3.0096
3,58,Defensive,333.01,362.68,360.62,252.39,113.7,1,12,30.5293,1,12,30.5293,1,24,6.7524,1,25,3.5055
3,58,Dynamic,333.01,362.68,360.62,252.39,113.7,1,12,21.1688,1,12,21.1688,1,37,3.6,1,24,3.5959
3,59,Offensive,469.14,265.69,431.43,478.83,216.45,1,22,26.8603,1,22,28.0483,1,60,6.2613,1,22,8.0904
3,59,Neutral,469.14,265.69,431.43,478.83,216.45,1,22,33.8603,1,22,33.8603,1,60,8.228,1,22,9.9235
3,59,Defensive,469.14,265.69,431.43,478.83,216.45,1,22,47.8603,1,22,47.8603,1,47,11.7137,1,22,14.8853
3,59,Dynamic,469.14,265.69,431.43,478.83,216.45,1,22,27.527,1,22,28.715,1,60,6.2613,1,22,9.2418
3,60,Offensive,170.37,102.35,100.93,115.18,70.62,1,10,9.0378,1,8,9.3954,1,10,1.2777,1,8,2.5651
3,60,Neutral,170.37,102.35,100.93,115.18,70.62,1,8,11.4075,1,8,11.4075,1,10,1.5777,1,10,1.7337
3,60,Defensive,170.37,102.35,100.93,115.18,70.62,1,8,16.0742,1,8,16.0742,1,10,2.1777,1,10,1.3023
3,60,Dynamic,170.37,102.35,100.93,115.18,70.62,1,10,9.0378,1,8,9.7287,1,10,1.2777,1,10,1.3003
3,61,Offensive,359.3,37.13,183.45,49.78,176.31,1,18,17.0,1,18,17.0,1,18,1.7,1,18,0.9617
3,61,Neutral,359.3,37.13,183.45,49.78,176.31,1,18,22.6667,1,18,22.6667,1,18,2.2667,1,18,1.2822
3,61,Defensive,359.3,37.13,183.45,49.78,176.31,1,18,34.0,1,18,34.0,1,18,3.4,1,18,1.9233
3,61,Dynamic,359.3,37.13,183.45,49.78,176.31,1,18,17.0,1,18,17.0,1,18,1.7,1,18,0.9617
3,62,Offensive,429.36,168.56,244.72,362.55,267.81,1,31,30.4267,1,31,30.8013,1,40,4.4779,1,30,7.4759
3,62,Neutral,429.36,168.56,244.72,362.55,267.81,1,31,40.4267,1,31,40.4405,1,40,5.7779,1,31,5.5449
3,62,Defensive,429.36,168.56,244.72,362.55,267.81,1,24,57.3421,1,24,57.3421,1,40,8.3779,1,31,7.1132
3,62,Dynamic,429.36,168.56,244.72,362.55,267.81,1,31,30.4267,1,31,30.8013,1,40,4.4779,1,30,7.4759
3,63,Offensive,378.18,25.34,457.85,57.01,85.74,1,9,21.6691,1,9,21.6691,1,33,32.8258,1,33,5.6643
3,63,Neutral,378.18,25.34,457.85,57.01,85.74,1,9,24.3358,1,9,24.3358,1,33,33.8925,1,33,7.1631
3,63,Defensive,378.18,25.34,457.85,57.01,85.74,1,9,29.6691,1,9,29.6691,1,33,36.0258,1,33,9.8042
3,63,Dynamic,378.18,25.34,457.85,57.01,85.74,1,9,24.3358,1,9,24.3358,1,33,32.8591,1,33,6.4745
3,64,Offensive,131.95,363.39,413.16,288.55,291.0,1,32,38.8444,1,32,39.4287,1,41,76.89,1,36,18.9921
3,64,Neutral,131.95,363.39,413.16,288.55,291.0,1,32,49.1777,1,32,49.1777,1,41,78.2233,1,34,15.9039
3,64,Defensive,131.95,363.39,413.16,288.55,291.0,1,31,69.26,1,31,69.26,1,41,80.89,1,34,22.8188
3,64,Dynamic,131.95,363.39,413.16,288.55,291.0,1,32,40.1777,1,32,40.762,1,41,77.0233,1,33,17.4212
3,65,Offensive,400.7,290.39,400.11,426.61,136.22,1,14,19.6339,1,14,19.6339,1,48,22.2895,1,14,9.0341
3,65,Neutral,400.7,290.39,400.11,426.61,136.22,1,14,23.9672,1,14,23.9672,1,48,23.8562,1,14,9.6107
3,65,Defensive,400.7,290.39,400.11,426.61,136.22,1,14,32.6339,1,14,32.6339,1,34,26.3423,1,17,13.2854
3,65,Dynamic,400.7,290.39,400.11,426.61,136.22,1,14,20.3005,1,14,20.3005,1,48,22.3229,1,14,10.7505
3,66,Offensive,268.15,184.12,299.6,238.65,62.95,1,6,8.0729,1,6,8.0729,1,6,31.2288,1,6,3.151
3,66,Neutral,268.15,184.12,299.6,238.65,62.95,1,6,9.7395,1,6,9.7395,1,6,31.3954,1,6,4.2013
3,66,Defensive,268.15,184.12,299.6,238.65,62.95,1,6,13.0729,1,6,13.0729,1,6,31.7288,1,6,6.302
3,66,Dynamic,268.15,184.12,299.6,238.65,62.95,1,6,8.4062,1,6,8.4062,1,6,31.2621,1,6,3.9723
3,67,Offensive,225.7,305.86,384.05,107.93,253.48,1,25,24.9676,1,25,24.9676,1,28,9.8142,1,25,2.9409
3,67,Neutral,225.7,305.86,384.05,107.93,253.48,1,25,32.9676,1,25,32.9676,1,28,10.7142,1,25,3.9212
3,67,Defensive,225.7,305.86,384.05,107.93,253.48,1,24,48.8517,1,24,48.8517,1,28,12.5142,1,25,5.8818
3,67,Dynamic,225.7,305.86,384.05,107.93,253.48,1,25,24.9676,1,25,24.9676,1,28,9.8142,1,25,2.9409
3,68,Offensive,457.56,475.56,64.98,343.78,414.1,1,40,44.9327,1,40,45.1131,1,40,63.2271,1,40,12.143
3,68,Neutral,457.56,475.56,64.98,343.78,414.1,1,40,57.9327,1,40,57.9327,1,40,64.5271,1,40,16.1907
3,68,Defensive,457.56,475.56,64.98,343.78,414.1,1,40,83.9327,1,40,83.9327,1,40,67.1271,1,40,23.9296
3,68,Dynamic,457.56,475.56,64.98,343.78,414.1,1,40,46.266,1,40,46.4464,1,40,63.3604,1,40,16.5419
3,69,Offensive,258.94,181.99,157.29,85.86,139.91,1,13,12.3954,1,13,12.3954,1,14,4.8761,1,13,1.9989
3,69,Neutral,258.94,181.99,157.29,85.86,139.91,1,13,16.3954,1,13,16.3954,1,14,5.3095,1,13,1.5934
3,69,Defensive,258.94,181.99,157.29,85.86,139.91,1,13,24.3954,1,13,24.3954,1,14,6.1761,1,13,1.7977
3,69,Dynamic,258.94,181.99,157.29,85.86,139.91,1,13,12.3954,1,13,12.3954,1,14,4.8761,1,13,1.9989
3,70,Offensive,192.05,391.14,142.79,106.91,288.47,1,30,33.5203,1,30,33.7201,1,33,30.2005,1,32,7.2253
3,70,Neutral,192.05,391.14,142.79,106.91,288.47,1,30,43.187,1,30,43.187,1,33,31.2672,1,32,9.6337
3,70,Defensive,192.05,391.14,142.79,106.91,288.47,1,30,62.5203,1,30,62.5203,1,33,33.4005,1,32,13.25
3,70,Dynamic,192.05,391.14,142.79,106.91,288.47,1,30,34.187,1,30,34.3868,1,33,30.2338,1,32,8.0182
3,71,Offensive,29.66,252.26,311.43,274.95,282.68,1,30,36.2638,1,30,36.2638,1,32,68.0459,1,30,10.1528
3,71,Neutral,29.66,252.26,311.43,274.95,282.68,1,30,45.9305,1,30,45.9305,1,32,69.0793,1,30,13.5371
3,71,Defensive,29.66,252.26,311.43,274.95,282.68,1,30,65.2638,1,30,65.2638,1,32,71.1459,1,30,20.3056
3,71,Dynamic,29.66,252.26,311.43,274.95,282.68,1,30,37.5972,1,30,37.5972,1,32,68.1793,1,30,15.0522
3,72,Offensive,198.39,50.79,84.58,78.21,117.07,1,12,11.0,1,12,11.0,1,12,1.1,1,12,0.3893
3,72,Neutral,198.39,50.79,84.58,78.21,117.07,1,12,14.6667,1,12,14.6667,1,12,1.4667,1,12,0.519
3,72,Defensive,198.39,50.79,84.58,78.21,117.07,1,12,22.0,1,12,22.0,1,12,2.2,1,12,0.7785
3,72,Dynamic,198.39,50.79,84.58,78.21,117.07,1,12,11.0,1,12,11.0,1,12,1.1,1,12,0.3893
3,73,Offensive,106.49,147.6,158.12,453.4,310.12,1,32,36.3138,1,32,36.3138,1,33,50.2733,1,32,9.6262
3,73,Neutral,106.49,147.6,158.12,453.4,310.12,1,32,46.6472,1,32,46.6472,1,33,51.3399,1,32,12.835
3,73,Defensive,106.49,147.6,158.12,453.4,310.12,1,32,67.3138,1,32,67.3138,1,33,53.4733,1,32,18.8805
3,73,Dynamic,106.49,147.6,158.12,453.4,310.12,1,32,36.6472,1,32,36.6472,1,33,50.3066,1,32,10.709
3,74,Offensive,348.2,340.58,290.56,89.13,257.97,1,27,26.7036,1,27,26.7036,1,35,3.8296,1,27,3.0159
3,74,Neutral,348.2,340.58,290.56,89.13,257.97,1,27,35.3703,1,27,35.3703,1,35,4.9629,1,27,4.0212
3,74,Defensive,348.2,340.58,290.56,89.13,257.97,1,27,52.7036,1,27,52.7036,1,35,7.2296,1,27,6.0319
3,74,Dynamic,348.2,340.58,290.56,89.13,257.97,1,27,26.7036,1,27,26.7036,1,35,3.8296,1,27,3.0159
3,75,Offensive,99.86,437.95,429.84,387.74,333.78,1,34,40.1466,1,34,40.1466,1,44,62.6093,1,38,10.8333
3,75,Neutral,99.86,437.95,429.84,387.74,333.78,1,34,51.1466,1,34,51.1466,1,44,64.0427,1,38,14.4443
3,75,Defensive,99.86,437.95,429.84,387.74,333.78,1,34,73.1466,1,34,73.1466,1,44,66.9093,1,44,20.8071
3,75,Dynamic,99.86,437.95,429.84,387.74,333.78,1,34,41.4799,1,34,41.4799,1,44,62.7427,1,38,15.0262
3,76,Offensive,415.63,389.25,230.46,289.08,210.53,1,19,19.6393,1,19,19.9258,1,19,18.1928,1,19,3.1374
3,76,Neutral,415.63,389.25,230.46,289.08,210.53,1,19,25.6393,1,19,25.7381,1,19,18.7928,1,19,4.1832
3,76,Defensive,415.63,389.25,230.46,289.08,210.53,1,19,37.6393,1,19,37.6393,1,19,19.9928,1,19,6.2748
3,76,Dynamic,415.63,389.25,230.46,289.08,210.53,1,19,19.6393,1,19,19.9258,1,19,18.1928,1,19,3.1374
3,77,Offensive,171.85,296.24,293.63,306.82,122.23,1,13,12.0,1,13,12.0,1,13,1.2,1,13,0.47
3,77,Neutral,171.85,296.24,293.63,306.82,122.23,1,13,16.0,1,13,16.0,1,13,1.6,1,13,0.6267
3,77,Defensive,171.85,296.24,293.63,306.82,122.23,1,13,24.0,1,13,24.0,1,13,2.4,1,13,0.94
3,77,Dynamic,171.85,296.24,293.63,306.82,122.23,1,13,12.0,1,13,12.0,1,13,1.2,1,13,0.47
3,78,Offensive,427.44,451.15,294.74,195.85,287.73,1,27,26.2514,1,27,26.2514,1,39,4.1613,1,27,2.9377
3,78,Neutral,427.44,451.15,294.74,195.85,287.73,1,27,34.918,1,27,34.918,1,39,5.428,1,27,3.917
3,78,Defensive,427.44,451.15,294.74,195.85,287.73,1,27,52.2514,1,27,52.2514,1,27,7.7137,1,27,5.8755
3,78,Dynamic,427.44,451.15,294.74,195.85,287.73,1,27,26.2514,1,27,26.2514,1,39,4.1613,1,27,2.9377
3,79,Offensive,373.24,258.56,458.54,31.86,242.22,1,25,35.5598,1,25,35.5598,1,37,74.1864,1,36,11.1113
3,79,Neutral,373.24,258.56,458.54,31.86,242.22,1,24,43.2532,1,24,43.2532,1,37,75.3864,1,41,15.1913
3,79,Defensive,373.24,258.56,458.54,31.86,242.22,1,24,58.5865,1,24,58.5865,1,37,77.7864,1,36,20.4122
3,79,Dynamic,373.24,258.56,458.54,31.86,242.22,1,25,37.8932,1,25,37.8932,1,37,74.3197,1,36,15.7832
3,80,Offensive,333.98,260.29,449.44,113.58,186.69,1,17,31.0451,1,16,31.124,1,29,102.3672,1,28,13.1508
3,80,Neutral,333.98,260.29,449.44,113.58,186.69,1,16,36.124,1,17,36.3785,1,29,103.3005,1,29,17.0524
3,80,Defensive,333.98,260.29,449.44,113.58,186.69,1,16,46.124,1,16,46.124,1,29,105.1672,1,29,23.6757
3,80,Dynamic,333.98,260.29,449.44,113.58,186.69,1,17,33.3785,1,16,33.4574,1,29,102.5005,1,28,19.6033
3,81,Offensive,479.38,31.04,191.08,367.87,443.36,1,47,49.2915,1,47,49.4416,1,47,37.5151,1,47,11.9749
3,81,Neutral,479.38,31.04,191.08,367.87,443.36,1,47,64.6248,1,47,64.6248,1,47,39.0484,1,47,14.7959
3,81,Defensive,479.38,31.04,191.08,367.87,443.36,1,40,93.6203,1,40,93.6203,1,47,42.1151,1,47,22.1938
3,81,Dynamic,479.38,31.04,191.08,367.87,443.36,1,47,49.6248,1,47,49.7749,1,47,37.5484,1,47,12.9495
3,82,Offensive,133.71,420.11,222.94,185.47,251.04,1,27,26.2147,1,27,26.4931,1,27,4.7465,1,27,3.2815
3,82,Neutral,133.71,420.11,222.94,185.47,251.04,1,27,34.8813,1,27,34.8813,1,27,5.6132,1,27,4.3754
3,82,Defensive,133.71,420.11,222.94,185.47,251.04,1,25,51.3914,1,25,51.3914,1,27,7.3465,1,27,6.4338
3,82,Dynamic,133.71,420.11,222.94,185.47,251.04,1,27,26.2147,1,27,26.4931,1,27,4.7465,1,27,3.2815
3,83,Offensive,81.12,361.96,100.65,336.07,32.43,1,4,4.4027,1,4,4.4027,1,5,11.4078,1,4,1.4256
3,83,Neutral,81.12,361.96,100.65,336.07,32.43,1,4,5.4027,1,4,5.4027,1,5,11.5411,1,4,1.9008
3,83,Defensive,81.12,361.96,100.65,336.07,32.43,1,4,7.4027,1,4,7.4027,1,5,11.8078,1,4,2.8512
3,83,Dynamic,81.12,361.96,100.65,336.07,32.43,1,4,4.4027,1,4,4.4027,1,5,11.4078,1,4,1.4256
3,84,Offensive,343.36,259.45,385.55,340.87,91.7,1,14,28.1108,1,14,28.1108,1,42,68.0384,1,15,18.2854
3,84,Neutral,343.36,259.45,385.55,340.87,91.7,1,10,32.2642,1,10,32.2642,1,42,69.4051,1,26,11.8749
3,84,Defensive,343.36,259.45,385.55,340.87,91.7,1,10,38.2642,1,10,38.2642,1,27,71.2908,1,26,17.8124
3,84,Dynamic,343.36,259.45,385.55,340.87,91.7,1,14,30.3494,1,14,30.5728,1,42,68.1718,1,26,13.7716
3,85,Offensive,272.03,47.1,394.85,85.47,128.67,1,13,13.1992,1,13,13.1992,1,13,13.1924,1,13,1.6706
3,85,Neutral,272.03,47.1,394.85,85.47,128.67,1,13,17.1992,1,13,17.1992,1,13,13.5924,1,13,2.2274
3,85,Defensive,272.03,47.1,394.85,85.47,128.67,1,13,25.1992,1,13,25.1992,1,13,14.3924,1,13,3.3411
3,85,Dynamic,272.03,47.1,394.85,85.47,128.67,1,13,13.1992,1,13,13.1992,1,13,13.1924,1,13,1.6706
3,86,Offensive,105.66,439.49,324.5,279.37,271.17,1,26,31.4698,1,26,31.5276,1,26,67.1984,1,25,10.8924
3,86,Neutral,105.66,439.49,324.5,279.37,271.17,1,26,39.8032,1,26,39.8032,1,26,68.0317,1,26,12.7574
3,86,Defensive,105.66,439.49,324.5,279.37,271.17,1,25,55.8537,1,25,55.8537,1,26,69.6984,1,26,18.0579
3,86,Dynamic,105.66,439.49,324.5,279.37,271.17,1,26,32.8032,1,26,32.861,1,26,67.3317,1,25,15.1608
3,87,Offensive,374.73,179.86,411.07,418.85,241.73,1,32,32.9973,1,32,33.5415,1,46,22.32,1,28,16.8704
3,87,Neutral,374.73,179.86,411.07,418.85,241.73,1,32,43.3306,1,32,43.5884,1,46,23.82,1,32,16.4994
3,87,Defensive,374.73,179.86,411.07,418.85,241.73,1,25,61.7667,1,25,61.7667,1,32,26.1728,1,32,11.7395
3,87,Dynamic,374.73,179.86,411.07,418.85,241.73,1,32,33.3306,1,32,33.8749,1,46,22.3533,1,30,14.5177
3,88,Offensive,56.53,426.68,176.34,160.87,291.57,1,27,52.4653,1,27,52.4653,0,0,-1,1,27,29.0955
3,88,Neutral,56.53,426.68,176.34,160.87,291.57,1,27,61.1319,1,27,61.1319,0,0,-1,1,27,38.794
3,88,Defensive,56.53,426.68,176.34,160.87,291.57,1,27,78.4653,1,27,78.4653,0,0,-1,1,39,50.0337
3,88,Dynamic,56.53,426.68,176.34,160.87,291.57,1,27,55.1319,1,27,55.1319,0,0,-1,0,0,-1
3,89,Offensive,151.54,369.95,184.26,61.85,309.83,1,32,31.3402,1,32,31.509,1,33,3.2,1,32,4.8199
3,89,Neutral,151.54,369.95,184.26,61.85,309.83,1,32,41.6735,1,32,41.6735,1,33,4.2667,1,32,6.4265
3,89,Defensive,151.54,369.95,184.26,61.85,309.83,1,32,62.3402,1,32,62.3402,1,33,6.4,1,33,7.9522
3,89,Dynamic,151.54,369.95,184.26,61.85,309.83,1,32,31.3402,1,32,31.509,1,33,3.2,1,32,4.8199
3,90,Offensive,354.06,437.79,249.9,182.56,275.66,1,26,26.5332,1,26,26.6369,1,32,16.2792,1,26,3.8594
3,90,Neutral,354.06,437.79,249.9,182.56,275.66,1,26,34.8665,1,26,34.8665,1,32,17.3125,1,26,5.1458
3,90,Defensive,354.06,437.79,249.9,182.56,275.66,1,26,51.5332,1,26,51.5332,1,32,19.3792,1,26,7.7187
3,90,Dynamic,354.06,437.79,249.9,182.56,275.66,1,26,26.5332,1,26,26.6369,1,32,16.2792,1,26,3.8594
3,91,Offensive,451.37,59.53,191.93,229.57,310.2,1,39,38.5322,1,39,38.8055,1,39,9.1225,1,39,6.9573
3,91,Neutral,451.37,59.53,191.93,229.57,310.2,1,31,49.8732,1,31,50.0233,1,39,10.3891,1,39,8.7979
3,91,Defensive,451.37,59.53,191.93,229.57,310.2,1,27,67.5682,1,27,67.5682,1,39,12.9225,1,39,11.056
3,91,Dynamic,451.37,59.53,191.93,229.57,310.2,1,39,38.5322,1,39,38.8055,1,39,9.1225,1,39,6.9573
3,92,Offensive,230.3,250.18,129.41,444.3,218.77,1,21,21.6735,1,21,22.5381,1,21,18.7349,1,21,4.4166
3,92,Neutral,230.3,250.18,129.41,444.3,218.77,1,21,28.3402,1,21,28.4671,1,21,19.4016,1,21,4.8177
3,92,Defensive,230.3,250.18,129.41,444.3,218.77,1,20,41.4297,1,20,41.4297,1,21,20.7349,1,21,6.5668
3,92,Dynamic,230.3,250.18,129.41,444.3,218.77,1,21,21.6735,1,21,22.5381,1,21,18.7349,1,21,4.4166
3,93,Offensive,92.15,478.63,57.23,391.8,93.59,1,9,15.5352,1,9,15.5352,1,23,24.9511,1,11,6.9191
3,93,Neutral,92.15,478.63,57.23,391.8,93.59,1,9,18.2019,1,9,18.2019,1,23,25.6844,1,11,9.2254
3,93,Defensive,92.15,478.63,57.23,391.8,93.59,1,9,23.5352,1,9,23.5352,1,23,27.1511,1,12,13.1297
3,93,Dynamic,92.15,478.63,57.23,391.8,93.59,1,9,16.2019,1,9,16.2019,1,23,24.9511,1,11,7.4559
3,94,Offensive,287.8,334.61,258.63,458.38,127.15,1,13,12.0,1,13,12.0,1,13,1.2,1,13,0.4713
3,94,Neutral,287.8,334.61,258.63,458.38,127.15,1,13,16.0,1,13,16.0,1,13,1.6,1,13,0.6284
3,94,Defensive,287.8,334.61,258.63,458.38,127.15,1,13,24.0,1,13,24.0,1,13,2.4,1,13,0.9426
3,94,Dynamic,287.8,334.61,258.63,458.38,127.15,1,13,12.0,1,13,12.0,1,13,1.2,1,13,0.4713
3,95,Offensive,199.5,24.53,203.93,72.33,48.0,1,6,5.0,1,6,5.0,1,6,0.5,1,6,0.0707
3,95,Neutral,199.5,24.53,203.93,72.33,48.0,1,6,6.6667,1,6,6.6667,1,6,0.6667,1,6,0.0943
3,95,Defensive,199.5,24.53,203.93,72.33,48.0,1,6,10.0,1,6,10.0,1,6,1.0,1,6,0.1414
3,95,Dynamic,199.5,24.53,203.93,72.33,48.0,1,6,5.0,1,6,5.0,1,6,0.5,1,6,0.0707
3,96,Offensive,95.53,37.52,185.59,265.84,245.43,1,24,23.8063,1,24,24.1021,1,28,2.7,1,24,3.3263
3,96,Neutral,95.53,37.52,185.59,265.84,245.43,1,24,31.473,1,24,31.473,1,28,3.6,1,24,4.4351
3,96,Defensive,95.53,37.52,185.59,265.84,245.43,1,24,46.8063,1,24,46.8063,1,28,5.4,1,24,6.6526
3,96,Dynamic,95.53,37.52,185.59,265.84,245.43,1,24,23.8063,1,24,24.1021,1,28,2.7,1,24,3.3263
3,97,Offensive,143.01,325.8,237.86,458.79,163.34,1,15,18.3818,1,18,19.6921,1,22,17.9735,1,18,3.6901
3,97,Neutral,143.01,325.8,237.86,458.79,163.34,1,14,22.8861,1,15,23.4607,1,22,18.6735,1,18,4.9202
3,97,Defensive,143.01,325.8,237.86,458.79,163.34,1,14,31.5527,1,14,31.5527,1,22,20.0735,1,18,7.3803
3,97,Dynamic,143.01,325.8,237.86,458.79,163.34,1,15,18.7151,1,18,20.0254,1,22,17.9735,1,18,4.4233
3,98,Offensive,261.89,399.13,432.71,415.61,171.61,1,18,18.7592,1,18,18.7592,1,20,15.4661,1,18,3.1014
3,98,Neutral,261.89,399.13,432.71,415.61,171.61,1,18,24.4258,1,18,24.4258,1,20,16.0995,1,18,4.1352
3,98,Defensive,261.89,399.13,432.71,415.61,171.61,1,18,35.7592,1,18,35.7592,1,20,17.3661,1,20,4.8012
3,98,Dynamic,261.89,399.13,432.71,415.61,171.61,1,18,18.7592,1,18,18.7592,1,20,15.4661,1,18,3.1014
3,99,Offensive,458.93,415.76,175.54,438.76,284.32,1,29,28.0361,1,29,28.0361,1,29,3.1613,1,29,3.0015
3,99,Neutral,458.93,415.76,175.54,438.76,284.32,1,29,37.3695,1,29,37.3695,1,29,4.0946,1,29,3.85
3,99,Defensive,458.93,415.76,175.54,438.76,284.32,1,29,56.0361,1,29,56.0361,1,29,5.9613,1,29,5.4699
3,99,Dynamic,458.93,415.76,175.54,438.76,284.32,1,29,28.0361,1,29,28.0361,1,29,3.1613,1,29,3.0015
3,100,Offensive,472.57,218.59,50.42,104.82,437.21,1,43,42.3589,1,43,42.3699,1,43,7.7892,1,43,6.6072
3,100,Neutral,472.57,218.59,50.42,104.82,437.21,1,43,56.3589,1,43,56.3589,1,43,9.1892,1,43,8.7276
3,100,Defensive,472.57,218.59,50.42,104.82,437.21,1,43,84.3589,1,43,84.3589,1,43,11.9892,1,43,13.0915
3,100,Dynamic,472.57,218.59,50.42,104.82,437.21,1,43,42.3589,1,43,42.3699,1,43,7.7892,1,43,6.6072
4,1,Offensive,283.21,452.93,452.7,60.53,427.44,1,40,47.8546,1,40,48.459,1,79,43.6178,1,40,15.6062
4,1,Neutral,283.21,452.93,452.7,60.53,427.44,1,40,60.8546,1,40,60.8745,1,79,46.2178,1,40,19.4603
4,1,Defensive,283.21,452.93,452.7,60.53,427.44,1,40,86.8546,1,40,86.8546,1,79,51.4178,1,41,28.5396
4,1,Dynamic,283.21,452.93,452.7,60.53,427.44,1,40,48.5213,1,40,49.1256,1,79,43.6178,1,40,16.9972
4,2,Offensive,196.11,191.13,44.79,300.56,186.74,1,16,16.3342,1,16,16.3342,1,16,14.8416,1,16,2.2103
4,2,Neutral,196.11,191.13,44.79,300.56,186.74,1,16,21.3342,1,16,21.3342,1,16,15.3416,1,16,2.9181
4,2,Defensive,196.11,191.13,44.79,300.56,186.74,1,16,31.3342,1,16,31.3342,1,16,16.3416,1,16,4.3771
4,2,Dynamic,196.11,191.13,44.79,300.56,186.74,1,16,16.3342,1,16,16.3342,1,16,14.8416,1,16,2.2103
4,3,Offensive,449.2,325.59,171.16,407.93,289.97,1,30,36.7951,1,30,36.8567,1,53,5.2,1,37,9.5197
4,3,Neutral,449.2,325.59,171.16,407.93,289.97,1,30,46.4617,1,30,46.4617,1,53,6.9333,1,37,11.8906
4,3,Defensive,449.2,325.59,171.16,407.93,289.97,1,28,64.9832,1,28,64.9832,1,53,10.4,1,38,15.6583
4,3,Dynamic,449.2,325.59,171.16,407.93,289.97,1,30,37.4617,1,30,37.5233,1,53,5.2,1,37,9.5197
4,4,Offensive,369.24,99.23,182.49,309.59,281.3,1,26,43.5528,1,26,43.7226,1,58,103.2868,1,33,20.352
4,4,Neutral,369.24,99.23,182.49,309.59,281.3,1,24,51.3887,1,24,51.3887,1,58,105.1868,1,33,25.7017
4,4,Defensive,369.24,99.23,182.49,309.59,281.3,1,24,66.722,1,24,66.722,1,58,108.9868,1,44,34.9616
4,4,Dynamic,369.24,99.23,182.49,309.59,281.3,1,28,45.2273,1,28,45.3971,1,58,103.3535,1,33,23.7818
4,5,Offensive,398.91,365.83,87.82,268.03,326.11,1,34,40.0435,1,34,40.227,1,42,62.7292,1,39,14.618
4,5,Neutral,398.91,365.83,87.82,268.03,326.11,1,34,51.0435,1,34,51.0435,1,42,64.0958,1,40,14.7014
4,5,Defensive,398.91,365.83,87.82,268.03,326.11,1,32,72.2453,1,32,72.2453,1,42,66.8292,1,40,22.0521
4,5,Dynamic,398.91,365.83,87.82,268.03,326.11,1,34,41.0435,1,34,41.203,1,42,62.8292,1,39,19.3439
4,6,Offensive,395.71,67.61,78.67,83.33,317.43,1,33,37.4382,1,33,38.0131,1,35,39.2178,1,35,10.0138
4,6,Neutral,395.71,67.61,78.67,83.33,317.43,1,33,48.1049,1,33,48.1208,1,35,40.3511,1,35,11.9388
4,6,Defensive,395.71,67.61,78.67,83.33,317.43,1,33,69.4382,1,33,69.4382,1,35,42.6178,1,35,15.1934
4,6,Dynamic,395.71,67.61,78.67,83.33,317.43,1,33,37.4382,1,33,38.0131,1,35,39.2178,1,35,10.0138
4,7,Offensive,392.55,478.68,131.22,466.6,261.61,1,29,30.5395,1,29,30.5395,1,30,27.4029,1,32,6.6269
4,7,Neutral,392.55,478.68,131.22,466.6,261.61,1,27,39.6101,1,27,39.6101,1,30,28.3696,1,29,8.4663
4,7,Defensive,392.55,478.68,131.22,466.6,261.61,1,27,56.9434,1,27,56.9434,1,30,30.3029,1,29,10.3713
4,7,Dynamic,392.55,478.68,131.22,466.6,261.61,1,29,30.8728,1,29,30.8728,1,30,27.4363,1,32,7.3718
4,8,Offensive,242.48,244.36,399.94,251.99,157.65,1,16,19.5756,1,16,19.5756,1,18,36.0301,1,17,4.9052
4,8,Neutral,242.48,244.36,399.94,251.99,157.65,1,16,24.5756,1,16,24.5756,1,18,36.5968,1,18,5.9118
4,8,Defensive,242.48,244.36,399.94,251.99,157.65,1,16,34.5756,1,16,34.5756,1,18,37.7301,1,18,8.8677
4,8,Dynamic,242.48,244.36,399.94,251.99,157.65,1,16,19.909,1,16,19.909,1,18,36.0635,1,17,6.0496
4,9,Offensive,170.51,397.79,224.09,96.79,305.74,1,38,37.0,1,38,37.5915,1,38,3.7,1,35,9.1702
4,9,Neutral,170.51,397.79,224.09,96.79,305.74,1,38,49.3333,1,38,49.3333,1,38,4.9333,1,35,11.0837
4,9,Defensive,170.51,397.79,224.09,96.79,305.74,1,35,72.2956,1,35,72.2956,1,38,7.4,1,38,9.9635
4,9,Dynamic,170.51,397.79,224.09,96.79,305.74,1,38,37.0,1,38,37.5915,1,38,3.7,1,35,9.1702
4,10,Offensive,440.77,117.33,363.88,313.25,210.46,1,21,28.8166,1,22,29.0015,1,88,59.0761,1,23,9.2752
4,10,Neutral,440.77,117.33,363.88,313.25,210.46,1,21,35.4832,1,21,35.4832,1,88,61.9761,1,23,12.3669
4,10,Defensive,440.77,117.33,363.88,313.25,210.46,1,21,48.8166,1,21,48.8166,1,64,67.3107,1,23,18.5503
4,10,Dynamic,440.77,117.33,363.88,313.25,210.46,1,21,29.4832,1,22,29.6682,1,88,59.0761,1,23,10.7187
4,11,Offensive,465.55,297.52,345.41,111.42,221.51,1,19,24.3161,1,19,24.3161,1,19,64.9612,1,19,7.5297
4,11,Neutral,465.55,297.52,345.41,111.42,221.51,1,19,30.3161,1,19,30.3161,1,19,65.5612,1,19,10.0396
4,11,Defensive,465.55,297.52,345.41,111.42,221.51,1,19,42.3161,1,19,42.3161,1,19,66.7612,1,19,15.0594
4,11,Dynamic,465.55,297.52,345.41,111.42,221.51,1,19,24.9828,1,19,24.9828,1,19,65.0279,1,19,9.2067
4,12,Offensive,79.33,267.93,342.6,164.78,282.76,1,28,27.7631,1,28,27.8927,1,37,3.6,1,28,3.4782
4,12,Neutral,79.33,267.93,342.6,164.78,282.76,1,28,36.7631,1,28,36.7631,1,37,4.8,1,28,4.6376
4,12,Defensive,79.33,267.93,342.6,164.78,282.76,1,28,54.7631,1,28,54.7631,1,37,7.2,1,28,6.9564
4,12,Dynamic,79.33,267.93,342.6,164.78,282.76,1,28,27.7631,1,28,27.8927,1,37,3.6,1,28,3.4782
4,13,Offensive,163.47,233.03,44.25,107.89,172.84,1,17,21.6393,1,17,21.6393,1,20,33.0586,1,17,7.1451
4,13,Neutral,163.47,233.03,44.25,107.89,172.84,1,17,26.9727,1,17,26.9727,1,20,33.6919,1,20,7.2389
4,13,Defensive,163.47,233.03,44.25,107.89,172.84,1,17,37.6393,1,17,37.6393,1,20,34.9586,1,20,9.4524
4,13,Dynamic,163.47,233.03,44.25,107.89,172.84,1,17,21.9727,1,17,21.9727,1,20,33.0919,1,17,7.9181
4,14,Offensive,91.73,221.47,304.42,426.62,295.51,1,30,32.3347,1,31,33.0984,1,36,3.5,1,31,9.5431
4,14,Neutral,91.73,221.47,304.42,426.62,295.51,1,30,42.0014,1,30,42.0014,1,36,4.6667,1,32,9.237
4,14,Defensive,91.73,221.47,304.42,426.62,295.51,1,23,59.2636,1,23,59.2636,1,36,7.0,1,32,11.826
4,14,Dynamic,91.73,221.47,304.42,426.62,295.51,1,30,32.3347,1,31,33.0984,1,36,3.5,1,31,9.5431
4,15,Offensive,452.64,316.65,277.39,35.22,331.53,1,34,38.1262,1,34,38.2501,1,55,36.8694,1,36,8.9217
4,15,Neutral,452.64,316.65,277.39,35.22,331.53,1,33,48.985,1,33,48.985,1,55,38.6694,1,36,11.0864
4,15,Defensive,452.64,316.65,277.39,35.22,331.53,1,33,70.3184,1,33,70.3184,1,55,42.2694,1,36,15.7295
4,15,Dynamic,452.64,316.65,277.39,35.22,331.53,1,34,38.7929,1,34,38.9168,1,55,36.9028,1,36,9.7889
4,16,Offensive,228.82,315.28,116.78,318.59,112.08,1,19,23.5702,1,19,23.5702,1,22,35.0316,1,17,13.1
4,16,Neutral,228.82,315.28,116.78,318.59,112.08,1,19,29.5702,1,19,29.5702,1,22,35.7316,1,21,8.601
4,16,Defensive,228.82,315.28,116.78,318.59,112.08,1,12,37.2637,1,12,37.2637,1,22,37.1316,1,22,10.6729
4,16,Dynamic,228.82,315.28,116.78,318.59,112.08,1,19,24.2369,1,19,24.2369,1,22,35.0649,1,20,9.6058
4,17,Offensive,333.58,365.88,236.59,184.44,205.73,1,20,23.1294,1,20,23.6356,1,60,18.5509,1,20,5.9135
4,17,Neutral,333.58,365.88,236.59,184.44,205.73,1,19,29.3311,1,19,29.3311,1,60,20.5176,1,20,7.3908
4,17,Defensive,333.58,365.88,236.59,184.44,205.73,1,19,41.3311,1,19,41.3311,1,60,24.4509,1,20,11.0862
4,17,Dynamic,333.58,365.88,236.59,184.44,205.73,1,20,23.1294,1,20,23.6356,1,60,18.5509,1,20,5.9135
4,18,Offensive,267.7,298.54,142.89,393.21,156.66,1,18,21.7929,1,18,21.7929,1,28,11.0342,1,18,5.6897
4,18,Neutral,267.7,298.54,142.89,393.21,156.66,1,18,27.4595,1,18,27.4595,1,28,11.9342,1,18,7.5863
4,18,Defensive,267.7,298.54,142.89,393.21,156.66,1,18,38.7929,1,18,38.7929,1,28,13.7342,1,28,6.3688
4,18,Dynamic,267.7,298.54,142.89,393.21,156.66,1,18,21.7929,1,18,21.7929,1,28,11.0342,1,18,5.6897
4,19,Offensive,259.01,188.8,192.17,415.8,236.64,1,25,28.2956,1,25,28.537,1,45,4.4,1,25,9.5656
4,19,Neutral,259.01,188.8,192.17,415.8,236.64,1,24,36.0777,1,24,36.0777,1,45,5.8667,1,27,9.0977
4,19,Defensive,259.01,188.8,192.17,415.8,236.64,1,24,51.411,1,24,51.411,1,45,8.8,1,28,12.3247
4,19,Dynamic,259.01,188.8,192.17,415.8,236.64,1,25,28.2956,1,25,28.537,1,45,4.4,1,25,9.0585
4,20,Offensive,76.49,171.45,62.62,458.3,287.19,1,29,28.253,1,29,28.253,1,29,5.3297,1,29,2.9301
4,20,Neutral,76.49,171.45,62.62,458.3,287.19,1,29,37.5863,1,29,37.5863,1,29,6.263,1,29,3.9068
4,20,Defensive,76.49,171.45,62.62,458.3,287.19,1,29,56.253,1,29,56.253,1,29,8.1297,1,29,5.8602
4,20,Dynamic,76.49,171.45,62.62,458.3,287.19,1,29,28.253,1,29,28.253,1,29,5.3297,1,29,2.9301
4,21,Offensive,212.3,261.72,86.7,67.94,230.92,1,21,20.0,1,21,20.5309,1,21,2.0,1,21,2.2625
4,21,Neutral,212.3,261.72,86.7,67.94,230.92,1,21,26.6667,1,21,26.6667,1,21,2.6667,1,21,3.0167
4,21,Defensive,212.3,261.72,86.7,67.94,230.92,1,21,40.0,1,21,40.0,1,21,4.0,1,21,3.4556
4,21,Dynamic,212.3,261.72,86.7,67.94,230.92,1,21,20.0,1,21,20.5309,1,21,2.0,1,21,2.2625
4,22,Offensive,417.13,187.79,159.52,40.76,296.62,1,30,29.4269,1,29,30.1872,1,43,4.2,1,29,6.7502
4,22,Neutral,417.13,187.79,159.52,40.76,296.62,1,29,38.8108,1,29,38.8495,1,43,5.6,1,29,7.9286
4,22,Defensive,417.13,187.79,159.52,40.76,296.62,1,29,57.4775,1,29,57.4775,1,43,8.4,1,30,9.1699
4,22,Dynamic,417.13,187.79,159.52,40.76,296.62,1,30,29.4269,1,29,30.1872,1,43,4.2,1,29,6.7502
4,23,Offensive,174.9,335.86,364.18,464.37,228.79,1,21,27.7412,1,21,27.8064,1,32,38.8263,1,21,9.7831
4,23,Neutral,174.9,335.86,364.18,464.37,228.79,1,21,34.4079,1,21,34.4731,1,32,39.8596,1,22,11.5663
4,23,Defensive,174.9,335.86,364.18,464.37,228.79,1,20,47.4638,1,20,47.4638,1,32,41.9263,1,23,16.5832
4,23,Dynamic,174.9,335.86,364.18,464.37,228.79,1,22,28.5778,1,22,28.643,1,32,38.8596,1,22,10.5433
4,24,Offensive,449.9,96.1,277.41,181.37,192.42,1,18,23.4924,1,18,23.516,1,38,39.5178,1,21,11.206
4,24,Neutral,449.9,96.1,277.41,181.37,192.42,1,18,29.1591,1,18,29.1827,1,38,40.7511,1,21,12.9208
4,24,Defensive,449.9,96.1,277.41,181.37,192.42,1,18,40.4924,1,18,40.4924,1,38,43.2178,1,21,17.6812
4,24,Dynamic,449.9,96.1,277.41,181.37,192.42,1,18,24.1591,1,18,24.1827,1,38,39.5178,1,21,12.4233
4,25,Offensive,377.82,23.54,356.89,160.78,138.83,1,15,26.9609,1,15,26.9609,1,62,73.0155,1,15,14.0053
4,25,Neutral,377.82,23.54,356.89,160.78,138.83,1,15,31.6275,1,15,31.6275,1,62,75.0488,1,15,18.6737
4,25,Defensive,377.82,23.54,356.89,160.78,138.83,1,15,40.9609,1,15,40.9609,1,34,77.7848,1,15,27.2742
4,25,Dynamic,377.82,23.54,356.89,160.78,138.83,1,15,28.9609,1,15,28.9609,1,62,73.0488,1,15,19.5094
4,26,Offensive,224.12,360.08,271.99,428.59,83.57,1,7,12.3379,1,7,12.3379,1,10,49.763,1,10,5.0884
4,26,Neutral,224.12,360.08,271.99,428.59,83.57,1,7,14.3379,1,7,14.3379,1,9,50.0375,1,9,6.7635
4,26,Defensive,224.12,360.08,271.99,428.59,83.57,1,7,18.3379,1,7,18.3379,1,9,50.5708,1,9,10.1452
4,26,Dynamic,224.12,360.08,271.99,428.59,83.57,1,8,12.8215,1,8,12.8215,1,10,49.7963,1,10,6.1654
4,27,Offensive,222.81,436.01,396.43,151.03,333.71,1,30,31.5282,1,29,31.7637,1,54,5.3,1,33,7.9015
4,27,Neutral,222.81,436.01,396.43,151.03,333.71,1,29,40.9379,1,29,40.9379,1,54,7.0667,1,33,10.5354
4,27,Defensive,222.81,436.01,396.43,151.03,333.71,1,29,59.6046,1,29,59.6046,1,54,10.6,1,33,13.6756
4,27,Dynamic,222.81,436.01,396.43,151.03,333.71,1,30,31.5282,1,29,31.7637,1,54,5.3,1,33,7.9015
4,28,Offensive,227.66,427.44,471.6,62.1,439.3,1,38,45.2473,1,37,45.7571,1,74,43.1178,1,41,17.1563
4,28,Neutral,227.66,427.44,471.6,62.1,439.3,1,37,57.3237,1,37,57.3237,1,74,45.5511,1,41,22.0016
4,28,Defensive,227.66,427.44,471.6,62.1,439.3,1,37,81.3237,1,37,81.3237,1,74,50.4178,1,41,30.0679
4,28,Dynamic,227.66,427.44,471.6,62.1,439.3,1,38,45.9139,1,37,46.4238,1,74,43.1178,1,41,18.6182
4,29,Offensive,83.45,350.74,417.75,346.11,334.33,1,34,40.9667,1,34,41.234,1,50,77.2666,1,35,14.0147
4,29,Neutral,83.45,350.74,417.75,346.11,334.33,1,34,51.9667,1,34,51.9667,1,50,78.8999,1,36,16.3839
4,29,Defensive,83.45,350.74,417.75,346.11,334.33,1,34,73.9667,1,34,73.9667,1,50,82.1666,1,36,24.5758
4,29,Dynamic,83.45,350.74,417.75,346.11,334.33,1,34,41.6334,1,34,41.9007,1,50,77.3333,1,35,16.0238
4,30,Offensive,272.0,174.78,104.42,260.09,188.05,1,18,17.3361,1,18,17.5802,1,26,2.5,1,18,1.631
4,30,Neutral,272.0,174.78,104.42,260.09,188.05,1,18,23.0028,1,18,23.0028,1,26,3.3333,1,18,2.1747
4,30,Defensive,272.0,174.78,104.42,260.09,188.05,1,18,34.3361,1,18,34.3361,1,26,5.0,1,18,3.2621
4,30,Dynamic,272.0,174.78,104.42,260.09,188.05,1,18,17.3361,1,18,17.5802,1,26,2.5,1,18,1.631
4,31,Offensive,257.34,144.0,291.09,273.7,134.02,1,16,16.1654,1,16,16.1654,1,32,3.1,1,19,2.2581
4,31,Neutral,257.34,144.0,291.09,273.7,134.02,1,16,21.1654,1,16,21.1654,1,32,4.1333,1,19,3.0109
4,31,Defensive,257.34,144.0,291.09,273.7,134.02,1,16,31.1654,1,16,31.1654,1,32,6.2,1,17,4.0364
4,31,Dynamic,257.34,144.0,291.09,273.7,134.02,1,16,16.1654,1,16,16.1654,1,32,3.1,1,19,2.2581
4,32,Offensive,227.25,330.02,142.75,363.07,90.73,1,9,19.5013,1,9,19.6811,1,29,38.8622,1,10,11.5687
4,32,Neutral,227.25,330.02,142.75,363.07,90.73,1,9,22.1679,1,9,22.1679,1,29,39.7955,1,20,9.412
4,32,Defensive,227.25,330.02,142.75,363.07,90.73,1,9,27.5013,1,9,27.5013,1,29,41.6622,1,29,11.5134
4,32,Dynamic,227.25,330.02,142.75,363.07,90.73,1,9,20.8346,1,9,21.0144,1,29,38.8955,1,18,8.5151
4,33,Offensive,108.76,303.85,189.39,309.71,80.84,1,9,16.0603,1,9,16.0603,1,14,63.069,1,9,8.2693
4,33,Neutral,108.76,303.85,189.39,309.71,80.84,1,9,18.727,1,9,18.727,1,14,63.5024,1,9,11.0257
4,33,Defensive,108.76,303.85,189.39,309.71,80.84,1,9,24.0603,1,9,24.0603,1,14,64.369,1,13,13.5944
4,33,Dynamic,108.76,303.85,189.39,309.71,80.84,1,9,17.0603,1,9,17.0603,1,14,63.1357,1,9,10.4111
4,34,Offensive,34.36,58.48,240.32,239.22,274.01,1,26,34.994,1,26,35.4026,1,42,68.5969,1,30,16.1068
4,34,Neutral,34.36,58.48,240.32,239.22,274.01,1,26,43.3274,1,26,43.3274,1,42,69.9636,1,30,16.1388
4,34,Defensive,34.36,58.48,240.32,239.22,274.01,1,25,59.5093,1,25,59.5093,1,42,72.6969,1,30,24.2082
4,34,Dynamic,34.36,58.48,240.32,239.22,274.01,1,26,36.6607,1,26,37.0692,1,42,68.6636,1,30,15.756
4,35,Offensive,390.2,93.65,390.38,33.28,60.37,1,7,10.0868,1,7,10.0868,1,7,41.4676,1,7,4.1981
4,35,Neutral,390.2,93.65,390.38,33.28,60.37,1,7,12.0868,1,7,12.0868,1,7,41.6676,1,7,5.5975
4,35,Defensive,390.2,93.65,390.38,33.28,60.37,1,7,16.0868,1,7,16.0868,1,7,42.0676,1,7,8.3962
4,35,Dynamic,390.2,93.65,390.38,33.28,60.37,1,7,10.4201,1,7,10.4201,1,7,41.5009,1,7,5.1952
4,36,Offensive,421.33,122.62,164.49,181.14,263.43,1,27,32.4152,1,27,32.6042,1,34,51.8447,1,29,9.3646
4,36,Neutral,421.33,122.62,164.49,181.14,263.43,1,27,41.0818,1,27,41.0818,1,34,52.9447,1,29,10.899
4,36,Defensive,421.33,122.62,164.49,181.14,263.43,1,27,58.4152,1,27,58.4152,1,34,55.1447,1,29,16.2775
4,36,Dynamic,421.33,122.62,164.49,181.14,263.43,1,27,33.0818,1,27,33.2709,1,34,51.9114,1,29,10.8477
4,37,Offensive,420.29,389.07,45.99,449.55,379.15,1,40,42.8661,1,40,42.8661,1,47,24.4052,1,40,9.1222
4,37,Neutral,420.29,389.07,45.99,449.55,379.15,1,40,55.8661,1,40,55.8661,1,47,25.9385,1,41,11.4845
4,37,Defensive,420.29,389.07,45.99,449.55,379.15,1,40,81.8661,1,40,81.8661,1,47,29.0052,1,41,17.2268
4,37,Dynamic,420.29,389.07,45.99,449.55,379.15,1,40,42.8661,1,40,42.8661,1,47,24.4052,1,40,9.1222
4,38,Offensive,278.39,373.2,374.19,376.35,95.85,1,11,19.5205,1,11,19.5205,1,11,96.2047,1,11,9.8738
4,38,Neutral,278.39,373.2,374.19,376.35,95.85,1,11,22.8538,1,11,22.8538,1,11,96.538,1,11,13.165
4,38,Defensive,278.39,373.2,374.19,376.35,95.85,1,11,29.5205,1,11,29.5205,1,11,97.2047,1,11,19.7476
4,38,Dynamic,278.39,373.2,374.19,376.35,95.85,1,11,20.8538,1,11,20.8538,1,11,96.338,1,11,17.1866
4,39,Offensive,136.81,164.32,355.49,389.15,313.63,1,25,28.5314,1,25,28.5314,1,46,16.9125,1,25,7.2567
4,39,Neutral,136.81,164.32,355.49,389.15,313.63,1,25,36.5314,1,25,36.5314,1,46,18.4125,1,26,9.2612
4,39,Defensive,136.81,164.32,355.49,389.15,313.63,1,24,52.0131,1,24,52.0131,1,46,21.4125,1,33,14.2549
4,39,Dynamic,136.81,164.32,355.49,389.15,313.63,1,25,28.5314,1,25,28.5314,1,46,16.9125,1,25,7.2567
4,40,Offensive,273.46,86.72,281.18,221.09,134.59,1,15,22.3519,1,15,22.3519,1,35,27.3682,1,25,5.2626
4,40,Neutral,273.46,86.72,281.18,221.09,134.59,1,15,27.0186,1,15,27.0186,1,35,28.5016,1,25,7.0168
4,40,Defensive,273.46,86.72,281.18,221.09,134.59,1,15,36.3519,1,15,36.3519,1,35,30.7682,1,26,7.7085
4,40,Dynamic,273.46,86.72,281.18,221.09,134.59,1,15,23.3519,1,15,23.3519,1,35,27.4016,1,25,5.9478
4,41,Offensive,155.1,472.3,177.48,142.93,330.13,1,37,40.9632,1,37,40.9632,1,43,50.5569,1,39,15.2402
4,41,Neutral,155.1,472.3,177.48,142.93,330.13,1,36,52.8871,1,36,52.8871,1,43,51.9569,1,39,13.506
4,41,Defensive,155.1,472.3,177.48,142.93,330.13,1,36,76.2204,1,36,76.2204,1,43,54.7569,1,39,19.2922
4,41,Dynamic,155.1,472.3,177.48,142.93,330.13,1,37,41.6299,1,37,41.6299,1,43,50.6236,1,39,16.75
4,42,Offensive,306.83,261.77,158.22,256.81,148.69,1,16,15.0978,1,16,15.0978,1,16,2.4783,1,16,0.846
4,42,Neutral,306.83,261.77,158.22,256.81,148.69,1,16,20.0978,1,16,20.0978,1,16,2.9783,1,16,1.128
4,42,Defensive,306.83,261.77,158.22,256.81,148.69,1,16,30.0978,1,16,30.0978,1,16,3.9783,1,16,1.6921
4,42,Dynamic,306.83,261.77,158.22,256.81,148.69,1,16,15.0978,1,16,15.0978,1,16,2.4783,1,16,0.846
4,43,Offensive,300.94,68.15,271.63,73.68,29.83,1,4,8.058,1,4,8.1451,1,17,44.4003,1,4,5.1663
4,43,Neutral,300.94,68.15,271.63,73.68,29.83,1,4,9.058,1,4,9.058,1,17,44.9336,1,4,6.8885
4,43,Defensive,300.94,68.15,271.63,73.68,29.83,1,4,11.058,1,4,11.058,1,17,46.0003,1,4,10.3327
4,43,Dynamic,300.94,68.15,271.63,73.68,29.83,1,4,8.7247,1,4,8.8118,1,17,44.4003,1,4,6.7824
4,44,Offensive,315.42,357.45,402.89,386.63,92.21,1,10,22.3673,1,10,22.3673,1,27,107.313,1,14,12.1596
4,44,Neutral,315.42,357.45,402.89,386.63,92.21,1,10,25.3673,1,10,25.3673,1,27,108.1797,1,14,16.2128
4,44,Defensive,315.42,357.45,402.89,386.63,92.21,1,10,31.3673,1,10,31.3673,1,27,109.913,1,14,24.3192
4,44,Dynamic,315.42,357.45,402.89,386.63,92.21,1,10,24.7006,1,10,24.7006,1,27,107.4463,1,14,19.6126
4,45,Offensive,154.51,432.89,249.41,425.59,95.18,1,10,10.5384,1,10,10.5384,1,10,16.2836,1,10,1.7958
4,45,Neutral,154.51,432.89,249.41,425.59,95.18,1,10,13.5384,1,10,13.5384,1,10,16.5836,1,10,2.3945
4,45,Defensive,154.51,432.89,249.41,425.59,95.18,1,10,19.5384,1,10,19.5384,1,10,17.1836,1,10,3.5917
4,45,Dynamic,154.51,432.89,249.41,425.59,95.18,1,10,10.8717,1,10,10.8717,1,10,16.3169,1,10,2.3086
4,46,Offensive,172.65,402.41,347.97,320.58,193.48,1,20,22.4267,1,20,22.7575,1,20,36.1672,1,20,6.3595
4,46,Neutral,172.65,402.41,347.97,320.58,193.48,1,20,28.7601,1,20,28.7601,1,20,36.8005,1,20,6.6076
4,46,Defensive,172.65,402.41,347.97,320.58,193.48,1,18,40.5899,1,18,40.5899,1,20,38.0672,1,20,9.9114
4,46,Dynamic,172.65,402.41,347.97,320.58,193.48,1,20,22.7601,1,20,23.0908,1,20,36.2005,1,20,7.1262
4,47,Offensive,76.85,199.87,237.81,353.01,222.17,1,25,27.7809,1,25,28.1407,1,34,18.6515,1,24,9.2579
4,47,Neutral,76.85,199.87,237.81,353.01,222.17,1,25,35.7809,1,25,35.7809,1,34,19.7515,1,25,10.0918
4,47,Defensive,76.85,199.87,237.81,353.01,222.17,1,19,51.1984,1,19,51.1984,1,34,21.9515,1,25,12.5895
4,47,Dynamic,76.85,199.87,237.81,353.01,222.17,1,25,28.1143,1,25,28.4741,1,34,18.6849,1,24,9.7696
4,48,Offensive,111.38,453.69,242.09,387.98,146.29,1,14,13.0,1,14,13.2057,1,14,1.3,1,14,0.8349
4,48,Neutral,111.38,453.69,242.09,387.98,146.29,1,14,17.3333,1,14,17.3333,1,14,1.7333,1,14,0.8411
4,48,Defensive,111.38,453.69,242.09,387.98,146.29,1,14,26.0,1,14,26.0,1,14,2.6,1,14,1.2616
4,48,Dynamic,111.38,453.69,242.09,387.98,146.29,1,14,13.0,1,14,13.2057,1,14,1.3,1,14,0.8349
4,49,Offensive,247.43,329.62,403.51,49.92,320.31,1,31,38.0039,1,32,38.1519,1,53,50.9169,1,32,11.2573
4,49,Neutral,247.43,329.62,403.51,49.92,320.31,1,31,48.0039,1,31,48.0039,1,53,52.6502,1,32,13.9875
4,49,Defensive,247.43,329.62,403.51,49.92,320.31,1,31,68.0039,1,31,68.0039,1,53,56.1169,1,32,20.9813
4,49,Dynamic,247.43,329.62,403.51,49.92,320.31,1,31,38.6705,1,32,38.8186,1,53,50.9169,1,32,12.6513
4,50,Offensive,132.06,305.9,263.14,192.61,173.26,1,17,19.4588,1,17,19.6806,1,31,30.125,1,17,4.619
4,50,Neutral,132.06,305.9,263.14,192.61,173.26,1,17,24.7921,1,17,24.7921,1,31,31.125,1,17,6.1587
4,50,Defensive,132.06,305.9,263.14,192.61,173.26,1,17,35.4588,1,17,35.4588,1,31,33.125,1,17,9.238
4,50,Dynamic,132.06,305.9,263.14,192.61,173.26,1,17,19.7921,1,17,20.0139,1,31,30.1583,1,17,5.1384
4,51,Offensive,118.88,95.91,228.27,45.05,120.63,1,12,11.0185,1,12,11.3335,1,12,1.2851,1,12,1.1449
4,51,Neutral,118.88,95.91,228.27,45.05,120.63,1,12,14.6852,1,12,14.6852,1,12,1.6518,1,12,1.0133
4,51,Defensive,118.88,95.91,228.27,45.05,120.63,1,12,22.0185,1,12,22.0185,1,12,2.3851,1,12,0.8983
4,51,Dynamic,118.88,95.91,228.27,45.05,120.63,1,12,11.0185,1,12,11.3335,1,12,1.2851,1,12,1.1449
4,52,Offensive,421.6,218.91,78.97,477.88,429.49,1,42,43.5282,1,41,44.5925,1,51,5.0,1,41,11.681
4,52,Neutral,421.6,218.91,78.97,477.88,429.49,1,41,56.9379,1,41,56.9379,1,51,6.6667,1,41,14.55
4,52,Defensive,421.6,218.91,78.97,477.88,429.49,1,40,83.5252,1,40,83.5252,1,51,10.0,1,51,16.3167
4,52,Dynamic,421.6,218.91,78.97,477.88,429.49,1,42,43.5282,1,41,44.5925,1,51,5.0,1,41,11.681
4,53,Offensive,120.43,277.97,59.32,400.48,136.91,1,14,13.0,1,14,13.0,1,14,1.3,1,14,0.5804
4,53,Neutral,120.43,277.97,59.32,400.48,136.91,1,14,17.3333,1,14,17.3333,1,14,1.7333,1,14,0.7738
4,53,Defensive,120.43,277.97,59.32,400.48,136.91,1,14,26.0,1,14,26.0,1,14,2.6,1,14,1.1607
4,53,Dynamic,120.43,277.97,59.32,400.48,136.91,1,14,13.0,1,14,13.0,1,14,1.3,1,14,0.5804
4,54,Offensive,31.02,471.29,292.93,212.2,368.41,1,40,44.0273,1,39,44.4625,1,40,54.1728,1,39,12.4634
4,54,Neutral,31.02,471.29,292.93,212.2,368.41,1,38,56.4411,1,38,56.4411,1,40,55.4728,1,39,15.7402
4,54,Defensive,31.02,471.29,292.93,212.2,368.41,1,28,76.4405,1,28,76.4405,1,40,58.0728,1,42,25.5607
4,54,Dynamic,31.02,471.29,292.93,212.2,368.41,1,40,44.6939,1,39,45.1292,1,40,54.2395,1,39,14.0277
4,55,Offensive,389.54,250.59,205.86,36.93,281.76,1,29,29.6132,1,29,30.0032,1,46,12.5344,1,28,7.9374
4,55,Neutral,389.54,250.59,205.86,36.93,281.76,1,28,38.8053,1,28,38.8053,1,46,14.0344,1,29,7.4906
4,55,Defensive,389.54,250.59,205.86,36.93,281.76,1,27,56.611,1,27,56.611,1,46,17.0344,1,29,9.7932
4,55,Dynamic,389.54,250.59,205.86,36.93,281.76,1,29,29.6132,1,29,30.0032,1,46,12.5344,1,28,7.9374
4,56,Offensive,79.53,384.37,110.36,435.02,59.3,1,6,5.0,1,6,5.0,1,6,0.5,1,6,0.0837
4,56,Neutral,79.53,384.37,110.36,435.02,59.3,1,6,6.6667,1,6,6.6667,1,6,0.6667,1,6,0.1116
4,56,Defensive,79.53,384.37,110.36,435.02,59.3,1,6,10.0,1,6,10.0,1,6,1.0,1,6,0.1675
4,56,Dynamic,79.53,384.37,110.36,435.02,59.3,1,6,5.0,1,6,5.0,1,6,0.5,1,6,0.0837
4,57,Offensive,440.07,453.26,115.58,477.74,325.41,1,35,36.5438,1,35,36.5438,1,37,22.8561,1,35,9.0542
4,57,Neutral,440.07,453.26,115.58,477.74,325.41,1,35,47.8771,1,35,47.8771,1,37,24.0561,1,35,9.5827
4,57,Defensive,440.07,453.26,115.58,477.74,325.41,1,35,70.5438,1,35,70.5438,1,37,26.4561,1,36,13.364
4,57,Dynamic,440.07,453.26,115.58,477.74,325.41,1,35,36.5438,1,35,36.5438,1,37,22.8561,1,35,9.0542
4,58,Offensive,89.71,40.74,51.84,406.73,367.94,1,37,36.0,1,37,36.239,1,37,3.6,1,37,13.8866
4,58,Neutral,89.71,40.74,51.84,406.73,367.94,1,37,48.0,1,37,48.0,1,37,4.8,1,40,10.6737
4,58,Defensive,89.71,40.74,51.84,406.73,367.94,1,37,72.0,1,37,72.0,1,37,7.2,1,40,16.0105
4,58,Dynamic,89.71,40.74,51.84,406.73,367.94,1,37,36.0,1,37,36.239,1,37,3.6,1,40,8.0052
4,59,Offensive,280.5,332.57,342.7,268.75,89.11,1,9,9.1526,1,9,9.1526,1,9,12.3261,1,9,1.3868
4,59,Neutral,280.5,332.57,342.7,268.75,89.11,1,9,11.8193,1,9,11.8193,1,9,12.5928,1,9,1.8491
4,59,Defensive,280.5,332.57,342.7,268.75,89.11,1,8,16.9165,1,8,16.9165,1,9,13.1261,1,9,2.7737
4,59,Dynamic,280.5,332.57,342.7,268.75,89.11,1,9,9.1526,1,9,9.1526,1,9,12.3261,1,9,1.3868
4,60,Offensive,252.73,388.39,220.34,77.01,313.06,1,32,35.5331,1,32,35.6038,1,48,13.9743,1,32,8.4342
4,60,Neutral,252.73,388.39,220.34,77.01,313.06,1,32,45.8664,1,32,45.8664,1,48,15.541,1,32,10.5472
4,60,Defensive,252.73,388.39,220.34,77.01,313.06,1,32,66.5331,1,32,66.5331,1,48,18.6743,1,34,15.1668
4,60,Dynamic,252.73,388.39,220.34,77.01,313.06,1,32,35.5331,1,32,35.6038,1,48,13.9743,1,32,8.4342
4,61,Offensive,142.49,200.17,350.42,46.34,258.64,1,29,38.2173,1,29,38.347,1,36,66.5403,1,39,12.9016
4,61,Neutral,142.49,200.17,350.42,46.34,258.64,1,28,47.2352,1,28,47.2352,1,36,67.707,1,40,15.3891
4,61,Defensive,142.49,200.17,350.42,46.34,258.64,1,26,64.6226,1,26,64.6226,1,36,70.0403,1,41,21.4993
4,61,Dynamic,142.49,200.17,350.42,46.34,258.64,1,29,39.2173,1,29,39.347,1,36,66.5736,1,39,13.6961
4,62,Offensive,157.59,153.99,356.11,189.34,201.64,1,22,23.1676,1,22,23.1676,1,34,3.3,1,21,4.8029
4,62,Neutral,157.59,153.99,356.11,189.34,201.64,1,21,30.0264,1,21,30.0264,1,34,4.4,1,24,3.7567
4,62,Defensive,157.59,153.99,356.11,189.34,201.64,1,21,43.3598,1,21,43.3598,1,34,6.6,1,24,4.5805
4,62,Dynamic,157.59,153.99,356.11,189.34,201.64,1,22,23.1676,1,22,23.1676,1,34,3.3,1,21,4.8029
4,63,Offensive,343.2,285.53,349.94,266.78,19.93,1,3,2.0,1,3,2.0199,1,3,0.2,1,3,0.0269
4,63,Neutral,343.2,285.53,349.94,266.78,19.93,1,3,2.6667,1,3,2.6865,1,3,0.2667,1,3,0.0359
4,63,Defensive,343.2,285.53,349.94,266.78,19.93,1,3,4.0,1,3,4.0,1,3,0.4,1,3,0.0539
4,63,Dynamic,343.2,285.53,349.94,266.78,19.93,1,3,2.0,1,3,2.0199,1,3,0.2,1,3,0.0269
4,64,Offensive,128.26,102.64,315.83,274.32,254.27,1,26,25.3556,1,26,25.3556,1,27,2.6,1,30,4.7965
4,64,Neutral,128.26,102.64,315.83,274.32,254.27,1,26,33.689,1,26,33.689,1,27,3.4667,1,30,5.4048
4,64,Defensive,128.26,102.64,315.83,274.32,254.27,1,26,50.3556,1,26,50.3556,1,27,5.2,1,29,7.8894
4,64,Dynamic,128.26,102.64,315.83,274.32,254.27,1,26,25.3556,1,26,25.3556,1,27,2.6,1,30,4.7965
4,65,Offensive,95.15,148.15,181.85,70.83,116.17,1,10,16.202,1,10,16.202,1,10,72.9202,1,10,7.5039
4,65,Neutral,95.15,148.15,181.85,70.83,116.17,1,10,19.202,1,10,19.202,1,10,73.2202,1,10,10.0052
4,65,Defensive,95.15,148.15,181.85,70.83,116.17,1,10,25.202,1,10,25.202,1,10,73.8202,1,10,15.0078
4,65,Dynamic,95.15,148.15,181.85,70.83,116.17,1,10,17.5354,1,10,17.5354,1,10,73.0536,1,10,12.1363
4,66,Offensive,239.17,194.33,181.82,373.69,188.3,1,24,28.5562,1,24,28.7976,1,31,18.9675,1,26,7.9058
4,66,Neutral,239.17,194.33,181.82,373.69,188.3,1,24,36.2229,1,24,36.2229,1,31,19.9675,1,26,9.8102
4,66,Defensive,239.17,194.33,181.82,373.69,188.3,1,19,49.0896,1,19,49.0896,1,31,21.9675,1,31,7.7895
4,66,Dynamic,239.17,194.33,181.82,373.69,188.3,1,24,28.8895,1,24,29.1309,1,31,19.0008,1,26,8.4232
4,67,Offensive,284.6,288.22,145.76,31.11,292.2,1,27,27.1654,1,30,29.3556,1,31,3.0,1,30,3.9193
4,67,Neutral,284.6,288.22,145.76,31.11,292.2,1,26,35.5493,1,26,35.5493,1,31,4.0,1,30,5.2257
4,67,Defensive,284.6,288.22,145.76,31.11,292.2,1,26,52.2159,1,26,52.2159,1,31,6.0,1,30,7.8385
4,67,Dynamic,284.6,288.22,145.76,31.11,292.2,1,27,27.1654,1,30,29.3556,1,31,3.0,1,30,3.9193
4,68,Offensive,26.87,228.41,182.72,34.82,248.53,1,25,24.8127,1,25,24.8127,1,25,10.5272,1,24,4.6378
4,68,Neutral,26.87,228.41,182.72,34.82,248.53,1,25,32.8127,1,25,32.8127,1,25,11.3272,1,25,3.9805
4,68,Defensive,26.87,228.41,182.72,34.82,248.53,1,24,48.5574,1,24,48.5574,1,25,12.9272,1,25,5.9708
4,68,Dynamic,26.87,228.41,182.72,34.82,248.53,1,25,24.8127,1,25,24.8127,1,25,10.5272,1,24,4.6378
4,69,Offensive,406.21,238.68,144.5,234.22,261.75,1,27,26.0,1,27,26.0,1,27,2.6,1,27,2.3074
4,69,Neutral,406.21,238.68,144.5,234.22,261.75,1,27,34.6667,1,27,34.6667,1,27,3.4667,1,27,3.0765
4,69,Defensive,406.21,238.68,144.5,234.22,261.75,1,27,52.0,1,27,52.0,1,27,5.2,1,27,4.6147
4,69,Dynamic,406.21,238.68,144.5,234.22,261.75,1,27,26.0,1,27,26.0,1,27,2.6,1,27,2.3074
4,70,Offensive,25.32,294.73,104.46,322.36,83.83,1,9,11.9522,1,9,11.9522,1,9,40.3222,1,9,4.1528
4,70,Neutral,25.32,294.73,104.46,322.36,83.83,1,9,14.6189,1,9,14.6189,1,9,40.5889,1,9,5.537
4,70,Defensive,25.32,294.73,104.46,322.36,83.83,1,9,19.9522,1,9,19.9522,1,9,41.1222,1,9,8.3056
4,70,Dynamic,25.32,294.73,104.46,322.36,83.83,1,9,12.2856,1,9,12.2856,1,9,40.3555,1,9,4.9951
4,71,Offensive,78.43,253.48,332.21,418.82,302.89,1,32,33.9093,1,35,34.0652,1,35,3.4,1,32,10.2128
4,71,Neutral,78.43,253.48,332.21,418.82,302.89,1,32,44.2426,1,32,44.2426,1,35,4.5333,1,32,10.8821
4,71,Defensive,78.43,253.48,332.21,418.82,302.89,1,31,64.391,1,31,64.391,1,35,6.8,1,33,12.7014
4,71,Dynamic,78.43,253.48,332.21,418.82,302.89,1,32,33.9093,1,35,34.0652,1,35,3.4,1,32,10.2128
4,72,Offensive,262.08,185.45,126.46,375.26,233.28,1,25,24.3361,1,25,24.4698,1,37,3.6,1,24,5.4968
4,72,Neutral,262.08,185.45,126.46,375.26,233.28,1,25,32.3361,1,25,32.372,1,37,4.8,1,24,5.647
4,72,Defensive,262.08,185.45,126.46,375.26,233.28,1,24,47.7714,1,24,47.7714,1,37,7.2,1,25,5.3261
4,72,Dynamic,262.08,185.45,126.46,375.26,233.28,1,25,24.3361,1,25,24.4698,1,37,3.6,1,24,5.4968
4,73,Offensive,193.9,39.17,86.23,60.03,109.68,1,12,11.0,1,12,11.016,1,12,1.1,1,12,0.4137
4,73,Neutral,193.9,39.17,86.23,60.03,109.68,1,12,14.6667,1,12,14.6667,1,12,1.4667,1,12,0.5516
4,73,Defensive,193.9,39.17,86.23,60.03,109.68,1,12,22.0,1,12,22.0,1,12,2.2,1,12,0.8274
4,73,Dynamic,193.9,39.17,86.23,60.03,109.68,1,12,11.0,1,12,11.016,1,12,1.1,1,12,0.4137
4,74,Offensive,133.45,122.27,61.83,76.52,84.99,1,8,7.6158,1,8,7.6158,1,8,6.8576,1,8,0.7832
4,74,Neutral,133.45,122.27,61.83,76.52,84.99,1,8,9.9491,1,8,9.9491,1,8,7.0909,1,8,1.0442
4,74,Defensive,133.45,122.27,61.83,76.52,84.99,1,8,14.6158,1,8,14.6158,1,8,7.5576,1,8,1.5663
4,74,Dynamic,133.45,122.27,61.83,76.52,84.99,1,8,7.6158,1,8,7.6158,1,8,6.8576,1,8,0.7832
4,75,Offensive,236.57,423.08,254.89,326.74,98.07,1,11,16.0203,1,11,16.0203,1,39,25.585,1,13,5.7497
4,75,Neutral,236.57,423.08,254.89,326.74,98.07,1,11,19.3536,1,11,19.3536,1,39,26.8517,1,13,7.6662
4,75,Defensive,236.57,423.08,254.89,326.74,98.07,1,11,26.0203,1,11,26.0203,1,39,29.385,1,13,11.4993
4,75,Dynamic,236.57,423.08,254.89,326.74,98.07,1,11,16.6869,1,11,16.6869,1,39,25.6184,1,13,6.456
4,76,Offensive,260.13,213.77,126.28,323.04,172.79,1,19,29.6719,1,19,29.9784,1,39,94.1237,1,24,13.7162
4,76,Neutral,260.13,213.77,126.28,323.04,172.79,1,19,35.6719,1,19,35.6719,1,39,95.3904,1,24,17.4704
4,76,Defensive,260.13,213.77,126.28,323.04,172.79,1,19,47.6719,1,19,47.6719,1,39,97.9237,1,24,23.4168
4,76,Dynamic,260.13,213.77,126.28,323.04,172.79,1,19,31.3385,1,19,31.645,1,39,94.2904,1,24,18.3123
4,77,Offensive,334.35,171.19,431.87,197.13,100.91,1,11,10.0,1,11,10.0,1,11,1.0,1,11,0.3239
4,77,Neutral,334.35,171.19,431.87,197.13,100.91,1,11,13.3333,1,11,13.3333,1,11,1.3333,1,11,0.4318
4,77,Defensive,334.35,171.19,431.87,197.13,100.91,1,11,20.0,1,11,20.0,1,11,2.0,1,11,0.6478
4,77,Dynamic,334.35,171.19,431.87,197.13,100.91,1,11,10.0,1,11,10.0,1,11,1.0,1,11,0.3239
4,78,Offensive,302.31,414.86,307.22,125.19,289.71,1,30,38.097,1,30,38.097,1,65,72.1257,1,32,13.8942
4,78,Neutral,302.31,414.86,307.22,125.19,289.71,1,30,47.7636,1,30,47.7636,1,65,74.259,1,32,16.9546
4,78,Defensive,302.31,414.86,307.22,125.19,289.71,1,30,67.097,1,30,67.097,1,65,78.5257,1,33,26.0325
4,78,Dynamic,302.31,414.86,307.22,125.19,289.71,1,30,39.4303,1,30,39.4303,1,65,72.259,1,32,18.8064
4,79,Offensive,437.51,334.89,418.21,372.2,42.01,1,5,12.9453,1,5,12.9453,1,5,89.8526,1,5,9.0053
4,79,Neutral,437.51,334.89,418.21,372.2,42.01,1,5,14.2786,1,5,14.2786,1,5,89.9859,1,5,12.007
4,79,Defensive,437.51,334.89,418.21,372.2,42.01,1,5,16.9453,1,5,16.9453,1,5,90.2526,1,5,18.0105
4,79,Dynamic,437.51,334.89,418.21,372.2,42.01,1,5,14.2786,1,5,14.2786,1,5,89.9859,1,5,15.091
4,80,Offensive,104.18,357.48,211.25,54.02,321.8,1,33,35.6367,1,33,35.6367,1,36,24.2864,1,36,6.6925
4,80,Neutral,104.18,357.48,211.25,54.02,321.8,1,33,46.3033,1,33,46.3033,1,36,25.4531,1,36,8.5857
4,80,Defensive,104.18,357.48,211.25,54.02,321.8,1,32,66.995,1,32,66.995,1,36,27.7864,1,36,12.3384
4,80,Dynamic,104.18,357.48,211.25,54.02,321.8,1,33,35.97,1,33,35.97,1,36,24.3197,1,36,7.3792
4,81,Offensive,216.67,367.39,70.6,50.65,348.79,1,32,37.4747,1,32,38.247,1,47,28.1675,1,32,11.4575
4,81,Neutral,216.67,367.39,70.6,50.65,348.79,1,32,47.808,1,32,47.808,1,47,29.7008,1,32,15.2767
4,81,Defensive,216.67,367.39,70.6,50.65,348.79,1,32,68.4747,1,32,68.4747,1,47,32.7675,1,44,19.2945
4,81,Dynamic,216.67,367.39,70.6,50.65,348.79,1,32,37.808,1,32,38.5804,1,47,28.1675,1,35,12.2085
4,82,Offensive,126.55,251.74,211.61,147.33,134.67,1,19,19.1069,1,19,19.3519,1,19,12.8691,1,19,2.9072
4,82,Neutral,126.55,251.74,211.61,147.33,134.67,1,19,25.1069,1,19,25.1069,1,19,13.4691,1,19,3.8763
4,82,Defensive,126.55,251.74,211.61,147.33,134.67,1,12,36.2709,1,12,36.2709,1,19,14.6691,1,19,5.8145
4,82,Dynamic,126.55,251.74,211.61,147.33,134.67,1,19,19.1069,1,19,19.3519,1,19,12.8691,1,19,2.9072
4,83,Offensive,328.83,212.8,323.81,327.54,114.84,1,12,24.543,1,12,24.7419,1,59,128.2526,1,12,14.1489
4,83,Neutral,328.83,212.8,323.81,327.54,114.84,1,12,28.2097,1,12,28.2097,1,59,130.1859,1,12,18.8652
4,83,Defensive,328.83,212.8,323.81,327.54,114.84,1,12,35.543,1,12,35.543,1,59,134.0526,1,12,27.9084
4,83,Dynamic,328.83,212.8,323.81,327.54,114.84,1,12,26.8764,1,12,27.0752,1,59,128.4859,1,12,23.3791
4,84,Offensive,159.3,195.51,329.6,201.8,170.41,1,18,37.9393,1,18,37.9393,1,29,157.4734,1,24,18.1279
4,84,Neutral,159.3,195.51,329.6,201.8,170.41,1,18,43.606,1,18,43.606,1,29,158.4068,1,24,23.4694
4,84,Defensive,159.3,195.51,329.6,201.8,170.41,1,18,54.9393,1,18,54.9393,1,29,160.2734,1,24,35.2041
4,84,Dynamic,159.3,195.51,329.6,201.8,170.41,1,18,40.9393,1,18,40.9393,1,29,157.6734,1,24,32.3098
4,85,Offensive,248.54,317.26,152.71,176.87,169.98,1,15,16.4811,1,15,16.7225,1,16,24.348,1,15,3.514
4,85,Neutral,248.54,317.26,152.71,176.87,169.98,1,15,21.1478,1,15,21.2185,1,16,24.848,1,15,4.6853
4,85,Defensive,248.54,317.26,152.71,176.87,169.98,1,15,30.4811,1,15,30.4811,1,16,25.848,1,15,7.028
4,85,Dynamic,248.54,317.26,152.71,176.87,169.98,1,15,16.8145,1,15,17.0559,1,16,24.3813,1,15,4.2225
4,86,Offensive,98.81,104.33,213.53,171.08,132.73,1,17,24.2047,1,17,24.2047,1,22,73.8187,1,22,8.9042
4,86,Neutral,98.81,104.33,213.53,171.08,132.73,1,13,28.5564,1,13,28.5564,1,22,74.5187,1,22,11.8722
4,86,Defensive,98.81,104.33,213.53,171.08,132.73,1,13,36.5564,1,13,36.5564,1,22,75.9187,1,22,17.3112
4,86,Dynamic,98.81,104.33,213.53,171.08,132.73,1,17,25.5381,1,17,25.5381,1,22,73.9521,1,22,14.1462
4,87,Offensive,368.96,474.39,418.36,192.08,286.59,1,29,31.2074,1,29,31.2273,1,65,6.4,1,29,6.5339
4,87,Neutral,368.96,474.39,418.36,192.08,286.59,1,29,40.5408,1,29,40.5606,1,65,8.5333,1,29,8.683
4,87,Defensive,368.96,474.39,418.36,192.08,286.59,1,29,59.2074,1,29,59.2074,1,65,12.8,1,30,11.446
4,87,Dynamic,368.96,474.39,418.36,192.08,286.59,1,29,31.2074,1,29,31.2273,1,65,6.4,1,29,6.5339
4,88,Offensive,345.68,132.7,320.47,192.02,64.45,1,7,18.3289,1,7,18.3289,1,7,123.8886,1,7,12.9783
4,88,Neutral,345.68,132.7,320.47,192.02,64.45,1,7,20.3289,1,7,20.3289,1,7,124.0886,1,7,16.5994
4,88,Defensive,345.68,132.7,320.47,192.02,64.45,1,7,24.3289,1,7,24.3289,1,7,124.4886,1,7,24.8991
4,88,Dynamic,345.68,132.7,320.47,192.02,64.45,1,7,19.6622,1,7,19.6622,1,7,124.0219,1,7,22.1025
4,89,Offensive,286.36,84.95,135.59,225.69,206.25,1,22,21.7339,1,22,21.7339,1,23,5.3813,1,22,3.3753
4,89,Neutral,286.36,84.95,135.59,225.69,206.25,1,22,28.7339,1,22,28.7339,1,23,6.1146,1,23,2.9086
4,89,Defensive,286.36,84.95,135.59,225.69,206.25,1,22,42.7339,1,22,42.7339,1,23,7.5813,1,23,4.3629
4,89,Dynamic,286.36,84.95,135.59,225.69,206.25,1,22,21.7339,1,22,21.7339,1,23,5.3813,1,22,3.3753
4,90,Offensive,159.63,419.92,272.3,205.53,242.2,1,30,33.2649,1,29,33.7002,1,43,38.3539,1,33,13.4483
4,90,Neutral,159.63,419.92,272.3,205.53,242.2,1,30,42.9316,1,30,42.9316,1,43,39.7539,1,38,14.8365
4,90,Defensive,159.63,419.92,272.3,205.53,242.2,1,26,61.2473,1,26,61.2473,1,43,42.5539,1,39,19.4058
4,90,Dynamic,159.63,419.92,272.3,205.53,242.2,1,30,33.9316,1,29,34.3668,1,43,38.3872,1,33,14.0299
4,91,Offensive,66.56,121.23,106.38,363.61,245.63,1,25,27.7863,1,25,27.7863,1,33,11.1673,1,28,5.5862
4,91,Neutral,66.56,121.23,106.38,363.61,245.63,1,25,35.7863,1,25,35.7863,1,33,12.234,1,28,7.4483
4,91,Defensive,66.56,121.23,106.38,363.61,245.63,1,25,51.7863,1,25,51.7863,1,33,14.3673,1,28,11.1724
4,91,Dynamic,66.56,121.23,106.38,363.61,245.63,1,25,27.7863,1,25,27.7863,1,33,11.1673,1,28,5.5862
4,92,Offensive,460.19,400.04,263.2,399.07,197.0,1,21,23.5695,1,21,23.6214,1,25,20.4712,1,21,4.9747
4,92,Neutral,460.19,400.04,263.2,399.07,197.0,1,21,30.2362,1,21,30.2362,1,25,21.2712,1,21,6.6329
4,92,Defensive,460.19,400.04,263.2,399.07,197.0,1,21,43.5695,1,21,43.5695,1,25,22.8712,1,21,9.9493
4,92,Dynamic,460.19,400.04,263.2,399.07,197.0,1,21,23.5695,1,21,23.6214,1,25,20.4712,1,21,4.9747
4,93,Offensive,174.36,336.68,27.25,45.95,325.83,1,30,43.0809,1,30,43.0809,1,50,100.4557,1,30,17.2767
4,93,Neutral,174.36,336.68,27.25,45.95,325.83,1,30,52.7475,1,30,52.7475,1,50,102.089,1,30,23.0356
4,93,Defensive,174.36,336.68,27.25,45.95,325.83,1,30,72.0809,1,30,72.0809,1,50,105.3557,1,42,32.6272
4,93,Dynamic,174.36,336.68,27.25,45.95,325.83,1,30,45.0809,1,30,45.0809,1,50,100.6224,1,30,24.0615
4,94,Offensive,308.89,155.64,259.92,167.41,50.37,1,6,5.0,1,6,5.0,1,6,0.5,1,6,0.0707
4,94,Neutral,308.89,155.64,259.92,167.41,50.37,1,6,6.6667,1,6,6.6667,1,6,0.6667,1,6,0.0943
4,94,Defensive,308.89,155.64,259.92,167.41,50.37,1,6,10.0,1,6,10.0,1,6,1.0,1,6,0.1414
4,94,Dynamic,308.89,155.64,259.92,167.41,50.37,1,6,5.0,1,6,5.0,1,6,0.5,1,6,0.0707
4,95,Offensive,62.76,45.68,143.68,441.91,404.41,1,41,41.495,1,41,41.495,1,41,18.9499,1,41,8.1292
4,95,Neutral,62.76,45.68,143.68,441.91,404.41,1,41,54.8283,1,41,54.8283,1,41,20.2832,1,41,10.839
4,95,Defensive,62.76,45.68,143.68,441.91,404.41,1,41,81.495,1,41,81.495,1,41,22.9499,1,42,14.3743
4,95,Dynamic,62.76,45.68,143.68,441.91,404.41,1,41,41.495,1,41,41.495,1,41,18.9499,1,41,8.1292
4,96,Offensive,125.42,419.61,428.27,220.82,362.27,1,37,38.5282,1,36,38.8104,1,45,4.4,1,39,11.6807
4,96,Neutral,125.42,419.61,428.27,220.82,362.27,1,36,50.2713,1,36,50.2713,1,45,5.8667,1,39,11.5328
4,96,Defensive,125.42,419.61,428.27,220.82,362.27,1,35,73.5252,1,35,73.5252,1,45,8.8,1,40,16.5909
4,96,Dynamic,125.42,419.61,428.27,220.82,362.27,1,37,38.5282,1,36,38.8104,1,45,4.4,1,39,11.6807
4,97,Offensive,303.6,236.39,424.96,369.83,180.36,1,15,25.4796,1,15,26.0004,1,24,38.2869,1,15,12.8172
4,97,Neutral,303.6,236.39,424.96,369.83,180.36,1,15,30.1463,1,15,30.1463,1,24,39.0536,1,23,8.0913
4,97,Defensive,303.6,236.39,424.96,369.83,180.36,1,15,39.4796,1,15,39.4796,1,24,40.5869,1,24,11.3545
4,97,Dynamic,303.6,236.39,424.96,369.83,180.36,1,23,26.433,1,23,26.433,1,24,38.3203,1,23,7.0155
4,98,Offensive,427.13,57.66,124.97,29.35,303.49,1,31,35.4382,1,31,35.4382,1,33,39.0178,1,32,7.7035
4,98,Neutral,427.13,57.66,124.97,29.35,303.49,1,31,45.4382,1,31,45.4382,1,33,40.0844,1,32,10.2713
4,98,Defensive,427.13,57.66,124.97,29.35,303.49,1,31,65.4382,1,31,65.4382,1,33,42.2178,1,33,13.9002
4,98,Dynamic,427.13,57.66,124.97,29.35,303.49,1,31,35.4382,1,31,35.4382,1,33,39.0178,1,32,7.7035
4,99,Offensive,216.89,172.67,89.78,342.81,212.38,1,18,20.409,1,18,20.409,1,21,29.3176,1,18,4.5334
4,99,Neutral,216.89,172.67,89.78,342.81,212.38,1,18,26.0757,1,18,26.0757,1,21,29.9843,1,18,6.0446
4,99,Defensive,216.89,172.67,89.78,342.81,212.38,1,18,37.409,1,18,37.409,1,21,31.3176,1,18,9.0669
4,99,Dynamic,216.89,172.67,89.78,342.81,212.38,1,18,20.7423,1,18,20.7423,1,21,29.3509,1,18,5.4872
4,100,Offensive,139.39,447.0,79.51,74.4,377.38,1,38,37.0,1,38,37.5309,1,38,3.7,1,38,6.8929
4,100,Neutral,139.39,447.0,79.51,74.4,377.38,1,38,49.3333,1,38,49.3333,1,38,4.9333,1,38,8.5286
4,100,Defensive,139.39,447.0,79.51,74.4,377.38,1,38,74.0,1,38,74.0,1,38,7.4,1,39,10.9973
4,100,Dynamic,139.39,447.0,79.51,74.4,377.38,1,38,37.0,1,38,37.5309,1,38,3.7,1,38,6.8929
5,1,Offensive,220.85,206.27,351.71,76.71,184.15,1,18,20.6732,1,18,20.6732,1,18,38.4317,1,17,7.7567
5,1,Neutral,220.85,206.27,351.71,76.71,184.15,1,18,26.3398,1,18,26.3398,1,18,38.9983,1,18,7.2967
5,1,Defensive,220.85,206.27,351.71,76.71,184.15,1,17,37.3002,1,17,37.3002,1,18,40.1317,1,18,10.195
5,1,Dynamic,220.85,206.27,351.71,76.71,184.15,1,18,21.0065,1,18,21.0065,1,18,38.465,1,17,8.5413
5,2,Offensive,204.68,134.18,362.94,345.61,264.1,1,25,34.7331,1,25,34.9492,1,58,67.125,1,28,12.4625
5,2,Neutral,204.68,134.18,362.94,345.61,264.1,1,22,42.1127,1,22,42.3288,1,58,69.025,1,30,15.9332
5,2,Defensive,204.68,134.18,362.94,345.61,264.1,1,22,56.1127,1,22,56.1127,1,58,72.825,1,31,22.1031
5,2,Dynamic,204.68,134.18,362.94,345.61,264.1,1,25,35.7331,1,25,35.9492,1,58,67.1916,1,28,14.3879
5,3,Offensive,186.8,271.96,406.55,337.66,229.37,1,23,35.6462,1,23,35.9063,1,57,104.7489,1,23,16.2055
5,3,Neutral,186.8,271.96,406.55,337.66,229.37,1,23,42.9795,1,23,42.9795,1,57,106.6155,1,33,18.3539
5,3,Defensive,186.8,271.96,406.55,337.66,229.37,1,23,57.6462,1,23,57.6462,1,57,110.3489,1,33,27.5309
5,3,Dynamic,186.8,271.96,406.55,337.66,229.37,1,23,37.6462,1,23,37.9063,1,57,104.8822,1,33,22.0421
5,4,Offensive,328.88,453.2,417.31,293.23,182.79,1,21,26.5682,1,21,26.5682,1,33,7.3992,1,22,9.0808
5,4,Neutral,328.88,453.2,417.31,293.23,182.79,1,21,33.2349,1,21,33.2349,1,33,8.4658,1,22,11.6842
5,4,Defensive,328.88,453.2,417.31,293.23,182.79,1,17,44.4064,1,17,44.4064,1,33,10.5992,1,32,6.5723
5,4,Dynamic,328.88,453.2,417.31,293.23,182.79,1,21,27.2349,1,21,27.2349,1,33,7.3992,1,22,10.432
5,5,Offensive,151.25,313.37,328.64,227.4,197.12,1,18,22.0835,1,18,22.1603,1,18,52.5348,1,18,6.1808
5,5,Neutral,151.25,313.37,328.64,227.4,197.12,1,18,27.7501,1,18,27.7501,1,18,53.1014,1,18,8.241
5,5,Defensive,151.25,313.37,328.64,227.4,197.12,1,18,39.0835,1,18,39.0835,1,18,54.2348,1,18,12.3616
5,5,Dynamic,151.25,313.37,328.64,227.4,197.12,1,18,23.4168,1,18,23.4937,1,18,52.6681,1,18,10.26
5,6,Offensive,127.82,231.45,281.62,197.5,157.5,1,17,17.9263,1,17,18.2745,1,17,20.8632,1,17,3.5817
5,6,Neutral,127.82,231.45,281.62,197.5,157.5,1,17,23.2597,1,17,23.2597,1,17,21.3965,1,17,4.402
5,6,Defensive,127.82,231.45,281.62,197.5,157.5,1,17,33.9263,1,17,33.9263,1,17,22.4632,1,17,6.6029
5,6,Dynamic,127.82,231.45,281.62,197.5,157.5,1,17,18.2597,1,17,18.6078,1,17,20.8965,1,17,4.2599
5,7,Offensive,146.41,376.64,137.57,250.71,126.24,1,13,13.9727,1,13,14.1498,1,13,20.9272,1,13,2.7237
5,7,Neutral,146.41,376.64,137.57,250.71,126.24,1,13,17.9727,1,13,17.9727,1,13,21.3272,1,13,3.6316
5,7,Defensive,146.41,376.64,137.57,250.71,126.24,1,13,25.9727,1,13,25.9727,1,13,22.1272,1,13,5.4474
5,7,Dynamic,146.41,376.64,137.57,250.71,126.24,1,13,14.3061,1,13,14.4831,1,13,20.9606,1,13,3.3813
5,8,Offensive,307.88,28.55,168.35,412.76,408.76,1,40,39.0,1,40,39.3424,1,40,3.9,1,41,6.5896
5,8,Neutral,307.88,28.55,168.35,412.76,408.76,1,40,52.0,1,40,52.0,1,40,5.2,1,41,8.7861
5,8,Defensive,307.88,28.55,168.35,412.76,408.76,1,40,78.0,1,40,78.0,1,40,7.8,1,40,11.398
5,8,Dynamic,307.88,28.55,168.35,412.76,408.76,1,40,39.0,1,40,39.3424,1,40,3.9,1,41,6.5896
5,9,Offensive,143.31,456.86,405.62,133.53,416.36,1,36,43.8726,1,39,45.3113,1,65,51.2181,1,39,14.1271
5,9,Neutral,143.31,456.86,405.62,133.53,416.36,1,36,55.5392,1,36,55.5392,1,65,53.3514,1,39,16.9312
5,9,Defensive,143.31,456.86,405.62,133.53,416.36,1,36,78.8726,1,36,78.8726,1,65,57.6181,1,48,25.0335
5,9,Dynamic,143.31,456.86,405.62,133.53,416.36,1,36,44.5392,1,39,45.6446,1,65,51.2514,1,39,15.1311
5,10,Offensive,81.3,462.8,415.43,297.57,372.75,1,38,40.6458,1,39,41.4842,1,57,9.7992,1,39,8.8938
5,10,Neutral,81.3,462.8,415.43,297.57,372.75,1,38,52.9792,1,38,52.9792,1,57,11.6658,1,39,11.2363
5,10,Defensive,81.3,462.8,415.43,297.57,372.75,1,34,75.2428,1,34,75.2428,1,57,15.3992,1,39,15.1083
5,10,Dynamic,81.3,462.8,415.43,297.57,372.75,1,38,40.6458,1,39,41.4842,1,57,9.7992,1,39,8.8938
5,11,Offensive,368.67,459.2,101.27,404.24,272.99,1,27,30.3559,1,27,30.4101,1,27,46.1586,1,27,7.6174
5,11,Neutral,368.67,459.2,101.27,404.24,272.99,1,27,39.0225,1,27,39.0225,1,27,47.0252,1,27,10.1566
5,11,Defensive,368.67,459.2,101.27,404.24,272.99,1,27,56.3559,1,27,56.3559,1,27,48.7586,1,27,13.9428
5,11,Dynamic,368.67,459.2,101.27,404.24,272.99,1,27,30.6892,1,27,30.7435,1,27,46.1919,1,27,8.7345
5,12,Offensive,375.22,241.76,35.58,439.23,392.87,1,36,42.8419,1,41,43.9919,1,70,17.9361,1,40,11.8484
5,12,Neutral,375.22,241.76,35.58,439.23,392.87,1,36,54.5085,1,36,54.5306,1,70,20.2361,1,41,13.2611
5,12,Defensive,375.22,241.76,35.58,439.23,392.87,1,36,77.8419,1,36,77.8419,1,70,24.8361,1,48,17.5842
5,12,Dynamic,375.22,241.76,35.58,439.23,392.87,1,41,43.7967,1,41,43.9919,1,70,17.9361,1,40,11.8484
5,13,Offensive,191.28,269.96,379.99,165.29,215.8,1,19,19.1764,1,19,19.6204,1,19,13.5638,1,19,2.7727
5,13,Neutral,191.28,269.96,379.99,165.29,215.8,1,19,25.1764,1,19,25.1764,1,19,14.1638,1,19,3.2851
5,13,Defensive,191.28,269.96,379.99,165.29,215.8,1,19,37.1764,1,19,37.1764,1,19,15.3638,1,19,4.9277
5,13,Dynamic,191.28,269.96,379.99,165.29,215.8,1,19,19.1764,1,19,19.6204,1,19,13.5638,1,19,2.7727
5,14,Offensive,235.84,454.07,88.53,398.38,157.48,1,16,19.8815,1,16,19.8815,1,16,50.3149,1,16,5.6567
5,14,Neutral,235.84,454.07,88.53,398.38,157.48,1,16,24.8815,1,16,24.8815,1,16,50.8149,1,16,7.5422
5,14,Defensive,235.84,454.07,88.53,398.38,157.48,1,16,34.8815,1,16,34.8815,1,16,51.8149,1,16,11.3133
5,14,Dynamic,235.84,454.07,88.53,398.38,157.48,1,16,20.2148,1,16,20.2148,1,16,50.3483,1,16,6.7007
5,15,Offensive,41.82,375.57,172.61,232.43,193.9,1,17,19.503,1,17,19.503,1,23,18.0995,1,16,6.9209
5,15,Neutral,41.82,375.57,172.61,232.43,193.9,1,16,24.6944,1,16,24.6944,1,23,18.8329,1,17,6.7365
5,15,Defensive,41.82,375.57,172.61,232.43,193.9,1,16,34.6944,1,16,34.6944,1,23,20.2995,1,17,9.1328
5,15,Dynamic,41.82,375.57,172.61,232.43,193.9,1,17,19.503,1,17,19.503,1,23,18.0995,1,16,6.9209
5,16,Offensive,87.14,119.2,131.31,68.38,67.34,1,6,17.2358,1,6,17.2358,1,84,88.0964,1,20,12.2945
5,16,Neutral,87.14,119.2,131.31,68.38,67.34,1,6,18.9025,1,6,18.9025,1,84,90.863,1,20,16.3747
5,16,Defensive,87.14,119.2,131.31,68.38,67.34,1,6,22.2358,1,6,22.2358,1,84,96.3964,1,22,23.4556
5,16,Dynamic,87.14,119.2,131.31,68.38,67.34,1,6,19.5692,1,6,19.5692,1,84,88.2297,1,20,17.2407
5,17,Offensive,412.76,435.83,262.11,335.26,181.13,1,16,17.3623,1,16,17.3623,1,35,8.5798,1,16,3.1844
5,17,Neutral,412.76,435.83,262.11,335.26,181.13,1,16,22.3623,1,16,22.3623,1,35,9.7132,1,16,4.2459
5,17,Defensive,412.76,435.83,262.11,335.26,181.13,1,16,32.3623,1,16,32.3623,1,35,11.9798,1,16,6.3689
5,17,Dynamic,412.76,435.83,262.11,335.26,181.13,1,16,17.3623,1,16,17.3623,1,35,8.5798,1,16,3.1844
5,18,Offensive,357.61,288.91,418.18,466.51,187.64,1,19,21.4866,1,19,21.7494,1,44,20.7224,1,19,5.0049
5,18,Neutral,357.61,288.91,418.18,466.51,187.64,1,19,27.4866,1,19,27.4866,1,44,22.1558,1,19,6.6732
5,18,Defensive,357.61,288.91,418.18,466.51,187.64,1,19,39.4866,1,19,39.4866,1,44,25.0224,1,19,10.0098
5,18,Dynamic,357.61,288.91,418.18,466.51,187.64,1,19,21.4866,1,19,21.7494,1,44,20.7224,1,19,5.0049
5,19,Offensive,151.33,99.86,86.55,70.87,70.97,1,9,18.7129,1,9,18.7129,1,63,57.2755,1,13,9.0674
5,19,Neutral,151.33,99.86,86.55,70.87,70.97,1,9,21.3795,1,9,21.3795,1,63,59.3421,1,13,11.9401
5,19,Defensive,151.33,99.86,86.55,70.87,70.97,1,9,26.7129,1,9,26.7129,1,63,63.4755,1,13,17.9102
5,19,Dynamic,151.33,99.86,86.55,70.87,70.97,1,9,20.0462,1,9,20.0462,1,63,57.3755,1,13,12.8119
5,20,Offensive,31.79,320.6,74.84,201.86,126.31,1,13,18.6795,1,13,18.6795,1,33,43.082,1,15,6.9485
5,20,Neutral,31.79,320.6,74.84,201.86,126.31,1,13,22.6795,1,13,22.6795,1,33,44.1487,1,15,9.2647
5,20,Defensive,31.79,320.6,74.84,201.86,126.31,1,13,30.6795,1,13,30.6795,1,33,46.282,1,24,13.666
5,20,Dynamic,31.79,320.6,74.84,201.86,126.31,1,13,19.0128,1,13,19.0128,1,33,43.1153,1,15,7.8806
5,21,Offensive,172.41,214.02,114.84,57.0,167.25,1,18,31.0599,1,18,31.0599,1,44,61.7591,1,25,9.5355
5,21,Neutral,172.41,214.02,114.84,57.0,167.25,1,18,36.7266,1,18,36.7266,1,44,63.1925,1,25,12.7139
5,21,Defensive,172.41,214.02,114.84,57.0,167.25,1,17,47.8011,1,17,47.8011,1,44,66.0591,1,25,18.0184
5,21,Dynamic,172.41,214.02,114.84,57.0,167.25,1,25,32.5989,1,25,32.7656,1,44,61.8925,1,25,14.0941
5,22,Offensive,78.06,327.1,176.56,247.43,126.7,1,11,12.8552,1,11,12.8552,1,23,4.6208,1,11,3.2433
5,22,Neutral,78.06,327.1,176.56,247.43,126.7,1,11,16.1885,1,11,16.1885,1,23,5.3541,1,12,3.4952
5,22,Defensive,78.06,327.1,176.56,247.43,126.7,1,11,22.8552,1,11,22.8552,1,23,6.8208,1,12,5.2428
5,22,Dynamic,78.06,327.1,176.56,247.43,126.7,1,11,12.8552,1,11,12.8552,1,23,4.6208,1,11,3.2433
5,23,Offensive,472.66,412.58,117.13,292.46,375.28,1,37,41.1905,1,37,41.5071,1,50,34.2518,1,37,10.3851
5,23,Neutral,472.66,412.58,117.13,292.46,375.28,1,37,53.1905,1,37,53.1905,1,50,35.8851,1,37,13.5027
5,23,Defensive,472.66,412.58,117.13,292.46,375.28,1,37,77.1905,1,37,77.1905,1,50,39.1518,1,37,20.254
5,23,Dynamic,472.66,412.58,117.13,292.46,375.28,1,37,41.5238,1,37,41.8404,1,50,34.2851,1,37,10.9439
5,24,Offensive,278.64,287.75,425.67,345.48,157.96,1,23,39.1958,1,22,39.2931,1,45,137.1237,1,25,18.832
5,24,Neutral,278.64,287.75,425.67,345.48,157.96,1,20,45.7635,1,20,45.7635,1,45,138.5904,1,27,23.1499
5,24,Defensive,278.64,287.75,425.67,345.48,157.96,1,20,58.4302,1,20,58.4302,1,45,141.5237,1,27,34.2101
5,24,Dynamic,278.64,287.75,425.67,345.48,157.96,1,24,40.6299,1,23,40.7865,1,45,137.2571,1,25,28.1186
5,25,Offensive,336.87,52.8,337.24,233.04,180.24,1,19,30.5251,1,19,30.5251,1,45,94.9829,1,24,12.2468
5,25,Neutral,336.87,52.8,337.24,233.04,180.24,1,19,36.5251,1,19,36.5251,1,45,96.4496,1,24,16.329
5,25,Defensive,336.87,52.8,337.24,233.04,180.24,1,19,48.5251,1,19,48.5251,1,28,99.1972,1,24,24.4935
5,25,Dynamic,336.87,52.8,337.24,233.04,180.24,1,19,33.1918,1,19,33.1918,1,45,95.1163,1,27,18.312
5,26,Offensive,188.12,393.11,291.09,183.46,233.57,1,22,21.0,1,22,21.2371,1,22,2.1,1,22,1.8172
5,26,Neutral,188.12,393.11,291.09,183.46,233.57,1,22,28.0,1,22,28.0,1,22,2.8,1,22,2.423
5,26,Defensive,188.12,393.11,291.09,183.46,233.57,1,22,42.0,1,22,42.0,1,22,4.2,1,22,3.6344
5,26,Dynamic,188.12,393.11,291.09,183.46,233.57,1,22,21.0,1,22,21.2371,1,22,2.1,1,22,1.8172
5,27,Offensive,275.12,34.21,174.03,400.42,379.91,1,38,37.0,1,38,37.3424,1,38,3.7,1,38,6.835
5,27,Neutral,275.12,34.21,174.03,400.42,379.91,1,38,49.3333,1,38,49.3333,1,38,4.9333,1,39,7.9677
5,27,Defensive,275.12,34.21,174.03,400.42,379.91,1,38,74.0,1,38,74.0,1,38,7.4,1,38,10.1917
5,27,Dynamic,275.12,34.21,174.03,400.42,379.91,1,38,37.0,1,38,37.3424,1,38,3.7,1,38,6.835
5,28,Offensive,432.04,117.97,29.43,126.56,402.7,1,43,44.7492,1,43,44.7492,1,77,13.1644,1,51,14.5021
5,28,Neutral,432.04,117.97,29.43,126.56,402.7,1,43,58.7492,1,43,58.7492,1,77,15.6977,1,50,16.0637
5,28,Defensive,432.04,117.97,29.43,126.56,402.7,1,42,86.2673,1,42,86.2673,1,77,20.7644,1,50,22.195
5,28,Dynamic,432.04,117.97,29.43,126.56,402.7,1,43,44.7492,1,43,44.7492,1,77,13.1644,1,51,14.5021
5,29,Offensive,323.38,144.51,434.22,315.2,203.51,1,18,26.7144,1,22,27.8525,1,41,61.769,1,25,11.1476
5,29,Neutral,323.38,144.51,434.22,315.2,203.51,1,18,32.381,1,18,32.381,1,41,63.1023,1,26,13.4723
5,29,Defensive,323.38,144.51,434.22,315.2,203.51,1,18,43.7144,1,18,43.7144,1,41,65.769,1,26,18.5723
5,29,Dynamic,323.38,144.51,434.22,315.2,203.51,1,18,28.381,1,22,28.8525,1,41,61.869,1,25,15.2611
5,30,Offensive,326.6,92.99,383.6,437.98,349.66,1,35,36.3623,1,35,36.6251,1,53,10.3798,1,35,7.8237
5,30,Neutral,326.6,92.99,383.6,437.98,349.66,1,35,47.6956,1,35,47.6956,1,53,12.1132,1,35,10.4316
5,30,Defensive,326.6,92.99,383.6,437.98,349.66,1,35,70.3623,1,35,70.3623,1,53,15.5798,1,35,14.2019
5,30,Dynamic,326.6,92.99,383.6,437.98,349.66,1,35,36.3623,1,35,36.6251,1,53,10.3798,1,35,7.8237
5,31,Offensive,419.98,285.46,403.97,338.98,55.87,1,6,14.6005,1,6,14.6005,1,6,96.5052,1,6,9.6812
5,31,Neutral,419.98,285.46,403.97,338.98,55.87,1,6,16.2672,1,6,16.2672,1,6,96.6719,1,6,12.9082
5,31,Defensive,419.98,285.46,403.97,338.98,55.87,1,6,19.6005,1,6,19.6005,1,6,97.0052,1,6,19.3623
5,31,Dynamic,419.98,285.46,403.97,338.98,55.87,1,6,15.9339,1,6,15.9339,1,6,96.6385,1,6,17.2091
5,32,Offensive,93.98,260.69,427.9,379.55,354.45,1,34,39.2552,1,34,39.3145,1,48,25.2592,1,34,10.9478
5,32,Neutral,93.98,260.69,427.9,379.55,354.45,1,34,50.2552,1,34,50.3145,1,48,26.8259,1,34,14.597
5,32,Defensive,93.98,260.69,427.9,379.55,354.45,1,34,72.2552,1,34,72.2552,1,48,29.9592,1,34,20.3395
5,32,Dynamic,93.98,260.69,427.9,379.55,354.45,1,34,39.5885,1,34,39.6479,1,48,25.2592,1,34,11.7723
5,33,Offensive,53.58,124.52,297.89,335.71,322.93,1,29,30.0074,1,29,30.1981,1,47,7.0208,1,29,5.4542
5,33,Neutral,53.58,124.52,297.89,335.71,322.93,1,29,39.3407,1,29,39.3407,1,47,8.5541,1,29,7.2723
5,33,Defensive,53.58,124.52,297.89,335.71,322.93,1,28,57.5255,1,28,57.5255,1,47,11.6208,1,29,10.9085
5,33,Dynamic,53.58,124.52,297.89,335.71,322.93,1,29,30.0074,1,29,30.1981,1,47,7.0208,1,29,5.4542
5,34,Offensive,458.25,300.21,374.23,398.71,129.47,1,13,18.8042,1,13,18.8042,1,24,6.4992,1,15,8.6289
5,34,Neutral,458.25,300.21,374.23,398.71,129.47,1,13,22.8042,1,13,22.8042,1,24,7.2658,1,23,2.7055
5,34,Defensive,458.25,300.21,374.23,398.71,129.47,1,13,30.8042,1,13,30.8042,1,24,8.7992,1,23,3.838
5,34,Dynamic,458.25,300.21,374.23,398.71,129.47,1,13,19.4709,1,13,19.4709,1,24,6.4992,1,22,3.1985
5,35,Offensive,441.23,441.93,330.12,420.01,113.25,1,15,18.9126,1,15,18.9126,1,16,45.6583,1,15,6.0852
5,35,Neutral,441.23,441.93,330.12,420.01,113.25,1,12,22.7816,1,12,22.7816,1,16,46.1583,1,16,7.559
5,35,Defensive,441.23,441.93,330.12,420.01,113.25,1,12,30.1149,1,12,30.1149,1,16,47.1583,1,16,9.8762
5,35,Dynamic,441.23,441.93,330.12,420.01,113.25,1,15,19.246,1,15,19.246,1,16,45.6916,1,15,7.1281
5,36,Offensive,125.15,374.34,88.16,396.72,43.23,1,5,8.3635,1,5,8.3635,1,5,44.0351,1,5,4.4159
5,36,Neutral,125.15,374.34,88.16,396.72,43.23,1,5,9.6968,1,5,9.6968,1,5,44.1684,1,5,5.8878
5,36,Defensive,125.15,374.34,88.16,396.72,43.23,1,5,12.3635,1,5,12.3635,1,5,44.4351,1,5,8.8317
5,36,Dynamic,125.15,374.34,88.16,396.72,43.23,1,5,8.6968,1,5,8.6968,1,5,44.0684,1,5,5.4599
5,37,Offensive,227.36,173.41,299.61,64.43,130.75,1,19,18.0,1,19,18.3091,1,19,1.8,1,18,4.2989
5,37,Neutral,227.36,173.41,299.61,64.43,130.75,1,19,24.0,1,19,24.0,1,19,2.4,1,19,2.7586
5,37,Defensive,227.36,173.41,299.61,64.43,130.75,1,18,35.627,1,18,35.627,1,19,3.6,1,19,2.7044
5,37,Dynamic,227.36,173.41,299.61,64.43,130.75,1,19,18.0,1,19,18.3091,1,19,1.8,1,18,4.2989
5,38,Offensive,346.45,138.14,434.44,88.44,101.06,1,10,15.1961,1,10,15.1961,1,11,53.2027,1,10,6.4746
5,38,Neutral,346.45,138.14,434.44,88.44,101.06,1,10,18.1961,1,10,18.1961,1,11,53.536,1,10,8.6329
5,38,Defensive,346.45,138.14,434.44,88.44,101.06,1,10,24.1961,1,10,24.1961,1,11,54.2027,1,11,11.9907
5,38,Dynamic,346.45,138.14,434.44,88.44,101.06,1,10,16.5295,1,10,16.5295,1,11,53.336,1,10,10.6341
5,39,Offensive,186.24,369.61,187.6,24.45,345.16,1,35,35.0337,1,35,35.0337,1,43,4.2,1,35,5.2345
5,39,Neutral,186.24,369.61,187.6,24.45,345.16,1,35,46.367,1,35,46.367,1,43,5.6,1,35,6.6806
5,39,Defensive,186.24,369.61,187.6,24.45,345.16,1,35,69.0337,1,35,69.0337,1,43,8.4,1,35,10.0208
5,39,Dynamic,186.24,369.61,187.6,24.45,345.16,1,35,35.0337,1,35,35.0337,1,43,4.2,1,35,5.2345
5,40,Offensive,341.97,116.7,379.75,258.2,146.46,1,15,16.6539,1,15,16.8982,1,33,13.8969,1,15,7.0788
5,40,Neutral,341.97,116.7,379.75,258.2,146.46,1,15,21.3206,1,15,21.3206,1,33,14.9636,1,22,5.3575
5,40,Defensive,341.97,116.7,379.75,258.2,146.46,1,15,30.6539,1,15,30.6539,1,33,17.0969,1,22,6.6557
5,40,Dynamic,341.97,116.7,379.75,258.2,146.46,1,15,16.6539,1,15,16.8982,1,33,13.8969,1,21,4.7376
5,41,Offensive,423.28,398.57,344.31,56.02,351.54,1,39,49.3344,1,39,49.3943,1,70,69.6632,1,44,16.8979
5,41,Neutral,423.28,398.57,344.31,56.02,351.54,1,35,60.7477,1,35,60.7477,1,70,71.9632,1,49,20.1436
5,41,Defensive,423.28,398.57,344.31,56.02,351.54,1,35,83.4144,1,35,83.4144,1,70,76.5632,1,51,27.6252
5,41,Dynamic,423.28,398.57,344.31,56.02,351.54,1,39,50.6678,1,39,50.7276,1,70,69.7965,1,44,21.5443
5,42,Offensive,329.43,344.44,408.51,272.19,107.12,1,15,15.7851,1,15,16.0918,1,57,8.7436,1,15,3.4007
5,42,Neutral,329.43,344.44,408.51,272.19,107.12,1,15,20.4518,1,15,20.4518,1,57,10.6103,1,15,3.565
5,42,Defensive,329.43,344.44,408.51,272.19,107.12,1,15,29.7851,1,15,29.7851,1,57,14.3436,1,15,5.3476
5,42,Dynamic,329.43,344.44,408.51,272.19,107.12,1,15,15.7851,1,15,16.0918,1,57,8.7436,1,15,3.4007
5,43,Offensive,237.27,56.33,378.71,172.43,182.98,1,17,23.4718,1,17,24.708,1,52,72.6476,1,18,10.4116
5,43,Neutral,237.27,56.33,378.71,172.43,182.98,1,17,28.8051,1,17,29.1165,1,52,74.3476,1,18,13.1251
5,43,Defensive,237.27,56.33,378.71,172.43,182.98,1,16,39.2016,1,16,39.2016,1,31,76.7299,1,18,19.6877
5,43,Dynamic,237.27,56.33,378.71,172.43,182.98,1,17,24.1385,1,17,25.3746,1,52,72.7143,1,18,12.0111
5,44,Offensive,235.19,352.75,72.6,223.99,207.4,1,22,23.2722,1,22,23.2722,1,22,24.8223,1,21,5.0631
5,44,Neutral,235.19,352.75,72.6,223.99,207.4,1,22,30.2722,1,22,30.2722,1,22,25.5223,1,22,4.7784
5,44,Defensive,235.19,352.75,72.6,223.99,207.4,1,21,43.8104,1,21,43.8104,1,22,26.9223,1,22,7.1676
5,44,Dynamic,235.19,352.75,72.6,223.99,207.4,1,22,23.6056,1,22,23.6056,1,22,24.8556,1,21,5.6432
5,45,Offensive,378.46,40.78,223.2,301.36,303.33,1,27,26.1316,1,27,26.9634,1,34,3.3,1,27,3.5876
5,45,Neutral,378.46,40.78,223.2,301.36,303.33,1,27,34.7983,1,27,34.7983,1,34,4.4,1,27,4.7835
5,45,Defensive,378.46,40.78,223.2,301.36,303.33,1,27,52.1316,1,27,52.1316,1,27,6.516,1,27,5.944
5,45,Dynamic,378.46,40.78,223.2,301.36,303.33,1,27,26.1316,1,27,26.9634,1,34,3.3,1,27,3.5876
5,46,Offensive,407.84,91.4,32.56,278.1,419.16,1,38,39.1551,1,38,39.2754,1,46,6.9208,1,38,7.294
5,46,Neutral,407.84,91.4,32.56,278.1,419.16,1,38,51.4885,1,38,51.4885,1,46,8.4208,1,38,9.7254
5,46,Defensive,407.84,91.4,32.56,278.1,419.16,1,38,76.1551,1,38,76.1551,1,46,11.4208,1,38,14.588
5,46,Dynamic,407.84,91.4,32.56,278.1,419.16,1,38,39.1551,1,38,39.2754,1,46,6.9208,1,38,7.294
5,47,Offensive,361.07,252.65,122.32,307.24,244.91,1,25,32.4249,1,25,32.447,1,73,71.8611,1,27,9.8781
5,47,Neutral,361.07,252.65,122.32,307.24,244.91,1,25,40.4249,1,25,40.4249,1,73,74.2611,1,27,13.1709
5,47,Defensive,361.07,252.65,122.32,307.24,244.91,1,25,56.4249,1,25,56.4249,1,73,79.0611,1,27,19.7563
5,47,Dynamic,361.07,252.65,122.32,307.24,244.91,1,25,33.7583,1,25,33.7804,1,73,71.9944,1,27,14.1748
5,48,Offensive,121.68,73.91,233.22,204.13,171.45,1,19,26.5993,1,19,27.1383,1,55,54.445,1,19,11.8346
5,48,Neutral,121.68,73.91,233.22,204.13,171.45,1,18,32.4497,1,18,32.4497,1,55,56.245,1,19,13.7876
5,48,Defensive,121.68,73.91,233.22,204.13,171.45,1,18,43.7831,1,18,43.7831,1,55,59.845,1,19,19.6361
5,48,Dynamic,121.68,73.91,233.22,204.13,171.45,1,19,26.9326,1,19,27.4717,1,55,54.4783,1,19,12.4475
5,49,Offensive,152.06,61.61,322.74,278.86,276.27,1,28,34.2663,1,27,34.5083,1,41,41.2137,1,28,11.4855
5,49,Neutral,152.06,61.61,322.74,278.86,276.27,1,23,42.7937,1,23,42.7937,1,41,42.5471,1,28,14.6154
5,49,Defensive,152.06,61.61,322.74,278.86,276.27,1,23,57.4604,1,23,57.4604,1,41,45.2137,1,30,19.0491
5,49,Dynamic,152.06,61.61,322.74,278.86,276.27,1,28,34.5997,1,27,34.8416,1,41,41.2471,1,28,12.6208
5,50,Offensive,204.05,198.74,456.09,241.46,255.64,1,26,28.5077,1,26,28.5077,1,50,21.5743,1,26,5.8045
5,50,Neutral,204.05,198.74,456.09,241.46,255.64,1,26,36.841,1,26,36.841,1,50,23.2076,1,27,8.289
5,50,Defensive,204.05,198.74,456.09,241.46,255.64,1,26,53.5077,1,26,53.5077,1,50,26.4743,1,27,11.051
5,50,Dynamic,204.05,198.74,456.09,241.46,255.64,1,26,28.841,1,26,28.841,1,50,21.5743,1,26,6.5144
5,51,Offensive,279.21,24.0,253.03,206.1,183.98,1,20,19.0,1,20,19.3424,1,20,1.9,1,21,2.8877
5,51,Neutral,279.21,24.0,253.03,206.1,183.98,1,20,25.3333,1,20,25.3333,1,20,2.5333,1,21,2.6963
5,51,Defensive,279.21,24.0,253.03,206.1,183.98,1,19,37.627,1,19,37.627,1,20,3.8,1,21,3.4353
5,51,Dynamic,279.21,24.0,253.03,206.1,183.98,1,20,19.0,1,20,19.3424,1,20,1.9,1,21,2.8877
5,52,Offensive,415.8,291.08,150.64,260.36,266.94,1,28,28.7851,1,28,28.8309,1,56,8.6436,1,28,4.3083
5,52,Neutral,415.8,291.08,150.64,260.36,266.94,1,28,37.7851,1,28,37.7851,1,56,10.477,1,28,5.7132
5,52,Defensive,415.8,291.08,150.64,260.36,266.94,1,28,55.7851,1,28,55.7851,1,56,14.1436,1,28,8.5261
5,52,Dynamic,415.8,291.08,150.64,260.36,266.94,1,28,28.7851,1,28,28.8309,1,56,8.6436,1,28,4.3083
5,53,Offensive,238.78,374.23,307.58,360.14,70.24,1,9,10.6201,1,9,10.6201,1,10,19.2917,1,9,3.2626
5,53,Neutral,238.78,374.23,307.58,360.14,70.24,1,9,13.2868,1,9,13.2868,1,10,19.5917,1,9,4.3501
5,53,Defensive,238.78,374.23,307.58,360.14,70.24,1,9,18.6201,1,9,18.6201,1,10,20.1917,1,10,4.6685
5,53,Dynamic,238.78,374.23,307.58,360.14,70.24,1,9,10.9535,1,9,10.9535,1,10,19.3251,1,9,3.8757
5,54,Offensive,178.53,286.18,327.21,425.77,203.94,1,19,24.0538,1,19,24.076,1,28,24.6403,1,33,8.1952
5,54,Neutral,178.53,286.18,327.21,425.77,203.94,1,19,30.0538,1,19,30.0538,1,28,25.5403,1,33,10.9269
5,54,Defensive,178.53,286.18,327.21,425.77,203.94,1,19,42.0538,1,19,42.0538,1,28,27.3403,1,33,14.7405
5,54,Dynamic,178.53,286.18,327.21,425.77,203.94,1,19,25.0538,1,19,25.076,1,28,24.6736,1,33,8.7539
5,55,Offensive,388.94,247.66,229.62,340.31,184.3,1,20,20.2049,1,20,20.2049,1,54,8.4436,1,19,3.7782
5,55,Neutral,388.94,247.66,229.62,340.31,184.3,1,20,26.5382,1,20,26.5382,1,54,10.2103,1,20,3.1926
5,55,Defensive,388.94,247.66,229.62,340.31,184.3,1,19,38.6588,1,19,38.6588,1,54,13.7436,1,20,4.7889
5,55,Dynamic,388.94,247.66,229.62,340.31,184.3,1,20,20.2049,1,20,20.2049,1,54,8.4436,1,19,3.7782
5,56,Offensive,203.36,325.52,32.35,340.18,171.63,1,18,17.2421,1,18,17.6287,1,18,4.1208,1,18,1.6093
5,56,Neutral,203.36,325.52,32.35,340.18,171.63,1,18,22.9087,1,18,22.9087,1,18,4.6874,1,18,1.7716
5,56,Defensive,203.36,325.52,32.35,340.18,171.63,1,18,34.2421,1,18,34.2421,1,18,5.8208,1,18,2.6573
5,56,Dynamic,203.36,325.52,32.35,340.18,171.63,1,18,17.2421,1,18,17.6287,1,18,4.1208,1,18,1.6093
5,57,Offensive,309.58,392.83,75.47,393.88,234.11,1,24,28.0956,1,24,28.0956,1,24,53.2563,1,24,7.9139
5,57,Neutral,309.58,392.83,75.47,393.88,234.11,1,24,35.7623,1,24,35.7623,1,24,54.0229,1,24,10.1031
5,57,Defensive,309.58,392.83,75.47,393.88,234.11,1,24,51.0956,1,24,51.0956,1,24,55.5563,1,24,13.8636
5,57,Dynamic,309.58,392.83,75.47,393.88,234.11,1,24,28.7623,1,24,28.7623,1,24,53.3229,1,24,9.4431
5,58,Offensive,238.75,28.82,123.4,423.63,411.31,1,43,46.9741,1,44,49.2177,1,44,53.6307,1,43,15.6523
5,58,Neutral,238.75,28.82,123.4,423.63,411.31,1,43,60.9741,1,43,60.9741,1,44,55.064,1,44,17.0718
5,58,Defensive,238.75,28.82,123.4,423.63,411.31,1,42,88.8106,1,42,88.8106,1,44,57.9307,1,44,25.4372
5,58,Dynamic,238.75,28.82,123.4,423.63,411.31,1,43,47.6407,1,44,49.8844,1,44,53.6973,1,43,17.3
5,59,Offensive,449.56,257.29,438.51,444.53,187.57,1,21,20.4199,1,21,20.4199,1,21,6.1992,1,22,3.0366
5,59,Neutral,449.56,257.29,438.51,444.53,187.57,1,20,27.0089,1,21,27.0866,1,21,6.8658,1,22,4.0488
5,59,Defensive,449.56,257.29,438.51,444.53,187.57,1,20,39.6755,1,20,39.6755,1,21,8.1992,1,21,3.9003
5,59,Dynamic,449.56,257.29,438.51,444.53,187.57,1,21,20.4199,1,21,20.4199,1,21,6.1992,1,22,3.0366
5,60,Offensive,181.48,126.84,151.44,435.45,310.08,1,32,31.9132,1,32,32.0134,1,32,12.2319,1,32,4.3808
5,60,Neutral,181.48,126.84,151.44,435.45,310.08,1,32,42.2465,1,32,42.2465,1,32,13.2653,1,32,5.7086
5,60,Defensive,181.48,126.84,151.44,435.45,310.08,1,32,62.9132,1,32,62.9132,1,32,15.3319,1,32,8.4108
5,60,Dynamic,181.48,126.84,151.44,435.45,310.08,1,32,31.9132,1,32,32.0134,1,32,12.2319,1,32,4.3808
5,61,Offensive,271.64,153.89,428.88,54.93,185.78,1,16,15.3144,1,16,15.66,1,16,4.6436,1,16,2.5062
5,61,Neutral,271.64,153.89,428.88,54.93,185.78,1,16,20.3144,1,16,20.3144,1,16,5.1436,1,16,2.7312
5,61,Defensive,271.64,153.89,428.88,54.93,185.78,1,16,30.3144,1,16,30.3144,1,16,6.1436,1,16,2.5858
5,61,Dynamic,271.64,153.89,428.88,54.93,185.78,1,16,15.3144,1,16,15.66,1,16,4.6436,1,16,2.5062
5,62,Offensive,152.28,163.66,370.15,470.2,376.07,1,36,37.3623,1,36,37.9013,1,45,9.5798,1,35,8.2242
5,62,Neutral,152.28,163.66,370.15,470.2,376.07,1,35,48.7929,1,36,49.029,1,45,11.0465,1,36,9.6599
5,62,Defensive,152.28,163.66,370.15,470.2,376.07,1,35,71.4596,1,35,71.4596,1,45,13.9798,1,36,13.4792
5,62,Dynamic,152.28,163.66,370.15,470.2,376.07,1,36,37.3623,1,36,37.9013,1,45,9.5798,1,35,8.2242
5,63,Offensive,276.24,132.23,38.08,246.25,264.05,1,28,38.3307,1,28,38.773,1,42,73.4485,1,29,15.1915
5,63,Neutral,276.24,132.23,38.08,246.25,264.05,1,25,46.7961,1,25,46.7961,1,42,74.8151,1,32,17.4799
5,63,Defensive,276.24,132.23,38.08,246.25,264.05,1,25,62.7961,1,25,62.7961,1,42,77.5485,1,32,25.7629
5,63,Dynamic,276.24,132.23,38.08,246.25,264.05,1,28,39.3307,1,28,39.773,1,42,73.5151,1,31,15.4935
5,64,Offensive,446.43,240.26,248.37,83.37,252.67,1,23,32.4128,1,24,32.9042,1,42,92.3861,1,23,14.2551
5,64,Neutral,446.43,240.26,248.37,83.37,252.67,1,23,39.7462,1,23,39.7462,1,42,93.7528,1,24,16.6188
5,64,Defensive,446.43,240.26,248.37,83.37,252.67,1,23,54.4128,1,23,54.4128,1,42,96.4861,1,24,24.2359
5,64,Dynamic,446.43,240.26,248.37,83.37,252.67,1,23,33.7462,1,24,34.2375,1,42,92.5194,1,23,20.8938
5,65,Offensive,145.14,364.46,331.17,230.52,229.23,1,20,26.918,1,20,26.918,1,24,81.0012,1,20,9.2839
5,65,Neutral,145.14,364.46,331.17,230.52,229.23,1,20,33.2513,1,20,33.2513,1,20,81.713,1,20,12.3786
5,65,Defensive,145.14,364.46,331.17,230.52,229.23,1,20,45.918,1,20,45.918,1,20,82.9797,1,20,18.5679
5,65,Dynamic,145.14,364.46,331.17,230.52,229.23,1,20,28.2513,1,20,28.2513,1,24,81.1345,1,23,14.4885
5,66,Offensive,115.69,198.87,335.23,131.14,229.75,1,23,22.0,1,23,22.1706,1,23,2.2,1,23,2.6877
5,66,Neutral,115.69,198.87,335.23,131.14,229.75,1,23,29.3333,1,23,29.3333,1,23,2.9333,1,23,3.081
5,66,Defensive,115.69,198.87,335.23,131.14,229.75,1,23,44.0,1,23,44.0,1,23,4.4,1,23,3.7931
5,66,Dynamic,115.69,198.87,335.23,131.14,229.75,1,23,22.0,1,23,22.1706,1,23,2.2,1,23,2.6877
5,67,Offensive,182.69,164.57,303.84,302.13,183.31,1,18,21.5538,1,18,21.5538,1,21,37.3949,1,20,6.203
5,67,Neutral,182.69,164.57,303.84,302.13,183.31,1,18,27.2205,1,18,27.2205,1,21,38.0615,1,20,7.5564
5,67,Defensive,182.69,164.57,303.84,302.13,183.31,1,18,38.5538,1,18,38.5538,1,21,39.3949,1,20,10.2888
5,67,Dynamic,182.69,164.57,303.84,302.13,183.31,1,18,21.8871,1,18,21.8871,1,21,37.4282,1,20,7.1238
5,68,Offensive,290.62,326.94,418.61,99.8,260.72,1,26,27.746,1,26,27.7899,1,30,10.8927,1,25,8.6603
5,68,Neutral,290.62,326.94,418.61,99.8,260.72,1,26,36.0793,1,26,36.0793,1,30,11.8594,1,26,8.0245
5,68,Defensive,290.62,326.94,418.61,99.8,260.72,1,24,52.0061,1,24,52.0061,1,30,13.7927,1,26,10.6956
5,68,Dynamic,290.62,326.94,418.61,99.8,260.72,1,26,27.746,1,26,27.7899,1,30,10.8927,1,25,8.6603
5,69,Offensive,23.51,83.08,56.24,285.7,205.25,1,22,21.0,1,22,21.0,1,22,2.1,1,22,2.2309
5,69,Neutral,23.51,83.08,56.24,285.7,205.25,1,22,28.0,1,22,28.0,1,22,2.8,1,22,2.119
5,69,Defensive,23.51,83.08,56.24,285.7,205.25,1,22,42.0,1,22,42.0,1,22,4.2,1,22,3.1786
5,69,Dynamic,23.51,83.08,56.24,285.7,205.25,1,22,21.0,1,22,21.0,1,22,2.1,1,22,2.2309
5,70,Offensive,101.78,253.95,226.99,63.64,227.8,1,22,30.8253,1,22,31.6138,1,48,85.4808,1,22,13.5347
5,70,Neutral,101.78,253.95,226.99,63.64,227.8,1,22,37.8253,1,22,37.8253,1,25,86.3828,1,22,15.8144
5,70,Defensive,101.78,253.95,226.99,63.64,227.8,1,21,51.3978,1,21,51.3978,1,25,87.9828,1,25,21.4336
5,70,Dynamic,101.78,253.95,226.99,63.64,227.8,1,22,32.1587,1,22,32.9471,1,48,85.6142,1,24,19.1777
5,71,Offensive,472.85,384.01,70.43,477.42,413.12,1,41,43.3099,1,41,43.3706,1,44,15.3389,1,41,8.9107
5,71,Neutral,472.85,384.01,70.43,477.42,413.12,1,41,56.6432,1,41,56.6432,1,44,16.7722,1,43,10.3388
5,71,Defensive,472.85,384.01,70.43,477.42,413.12,1,41,83.3099,1,41,83.3099,1,44,19.6389,1,43,15.5082
5,71,Dynamic,472.85,384.01,70.43,477.42,413.12,1,43,43.5814,1,43,43.6422,1,44,15.3389,1,43,7.7541
5,72,Offensive,396.83,443.56,418.36,133.28,311.03,1,32,36.1704,1,32,36.4771,1,37,23.8314,1,33,11.7683
5,72,Neutral,396.83,443.56,418.36,133.28,311.03,1,32,46.5038,1,32,46.5038,1,37,25.0314,1,36,13.781
5,72,Defensive,396.83,443.56,418.36,133.28,311.03,1,32,67.1704,1,32,67.1704,1,37,27.4314,1,37,13.0497
5,72,Dynamic,396.83,443.56,418.36,133.28,311.03,1,32,36.5038,1,32,36.8105,1,37,23.8647,1,36,10.8701
5,73,Offensive,90.13,450.69,124.66,161.72,291.02,1,33,39.5359,1,33,39.7129,1,44,65.3768,1,34,11.0437
5,73,Neutral,90.13,450.69,124.66,161.72,291.02,1,33,50.2026,1,33,50.2026,1,44,66.8101,1,35,14.6146
5,73,Defensive,90.13,450.69,124.66,161.72,291.02,1,33,71.5359,1,33,71.5359,1,44,69.6768,1,35,20.996
5,73,Dynamic,90.13,450.69,124.66,161.72,291.02,1,33,40.8692,1,33,41.0463,1,44,65.5101,1,34,15.4173
5,74,Offensive,338.7,354.64,333.0,318.5,36.59,1,5,4.793,1,5,4.996,1,6,7.8314,1,5,1.0441
5,74,Neutral,338.7,354.64,333.0,318.5,36.59,1,5,6.1264,1,5,6.1264,1,6,7.9981,1,5,1.3922
5,74,Defensive,338.7,354.64,333.0,318.5,36.59,1,5,8.793,1,5,8.793,1,6,8.3314,1,5,2.0883
5,74,Dynamic,338.7,354.64,333.0,318.5,36.59,1,5,4.793,1,5,4.996,1,6,7.8314,1,5,1.0441
5,75,Offensive,271.08,71.87,173.1,113.08,106.29,1,20,20.0747,1,20,20.3114,1,28,6.4682,1,19,3.8457
5,75,Neutral,271.08,71.87,173.1,113.08,106.29,1,11,23.8485,1,11,23.8485,1,28,7.3682,1,20,3.1848
5,75,Defensive,271.08,71.87,173.1,113.08,106.29,1,11,30.5152,1,11,30.5152,1,28,9.1682,1,20,4.7772
5,75,Dynamic,271.08,71.87,173.1,113.08,106.29,1,20,20.0747,1,20,20.3114,1,28,6.4682,1,19,3.8457
5,76,Offensive,375.74,139.06,311.51,221.86,104.79,1,10,12.4278,1,10,12.4278,1,11,32.7173,1,10,3.7132
5,76,Neutral,375.74,139.06,311.51,221.86,104.79,1,10,15.4278,1,10,15.4278,1,11,33.0506,1,10,4.951
5,76,Defensive,375.74,139.06,311.51,221.86,104.79,1,10,21.4278,1,10,21.4278,1,11,33.7173,1,10,7.4265
5,76,Dynamic,375.74,139.06,311.51,221.86,104.79,1,10,12.7612,1,10,12.7612,1,11,32.7506,1,10,4.4838
5,77,Offensive,172.22,324.39,362.34,188.09,233.93,1,20,25.856,1,20,25.856,1,20,70.4597,1,20,8.2569
5,77,Neutral,172.22,324.39,362.34,188.09,233.93,1,20,32.1893,1,20,32.1893,1,20,71.0931,1,20,11.0093
5,77,Defensive,172.22,324.39,362.34,188.09,233.93,1,20,44.856,1,20,44.856,1,20,72.3597,1,20,16.5139
5,77,Dynamic,172.22,324.39,362.34,188.09,233.93,1,20,27.1893,1,20,27.1893,1,20,70.5931,1,20,13.3222
5,78,Offensive,69.14,403.17,20.04,311.97,103.58,1,10,13.0473,1,10,13.4582,1,16,21.3416,1,15,3.2094
5,78,Neutral,69.14,403.17,20.04,311.97,103.58,1,10,16.0473,1,10,16.0473,1,16,21.8416,1,15,4.2792
5,78,Defensive,69.14,403.17,20.04,311.97,103.58,1,10,22.0473,1,10,22.0473,1,16,22.8416,1,15,6.4188
5,78,Dynamic,69.14,403.17,20.04,311.97,103.58,1,10,13.714,1,10,14.1248,1,16,21.3416,1,15,3.2094
5,79,Offensive,187.53,43.92,281.07,403.14,371.2,1,37,42.9347,1,39,43.6199,1,58,10.8798,1,37,13.1714
5,79,Neutral,187.53,43.92,281.07,403.14,371.2,1,37,54.9347,1,37,54.9347,1,58,12.7798,1,40,14.705
5,79,Defensive,187.53,43.92,281.07,403.14,371.2,1,37,78.9347,1,37,78.9347,1,58,16.5798,1,50,14.8155
5,79,Dynamic,187.53,43.92,281.07,403.14,371.2,1,37,43.6014,1,39,44.2865,1,58,10.8798,1,41,12.2037
5,80,Offensive,439.29,434.49,165.39,373.54,280.61,1,28,29.3623,1,28,29.5613,1,30,8.0798,1,28,5.083
5,80,Neutral,439.29,434.49,165.39,373.54,280.61,1,28,38.3623,1,28,38.3623,1,30,9.0465,1,28,6.7773
5,80,Defensive,439.29,434.49,165.39,373.54,280.61,1,28,56.3623,1,28,56.3623,1,30,10.9798,1,31,7.4916
5,80,Dynamic,439.29,434.49,165.39,373.54,280.61,1,28,29.3623,1,28,29.5613,1,30,8.0798,1,28,5.083
5,81,Offensive,251.23,148.6,180.91,134.57,71.7,1,10,11.872,1,10,11.872,1,14,29.008,1,9,4.0875
5,81,Neutral,251.23,148.6,180.91,134.57,71.7,1,9,14.5545,1,9,14.5545,1,14,29.4413,1,10,4.8052
5,81,Defensive,251.23,148.6,180.91,134.57,71.7,1,8,19.6207,1,8,19.6207,1,14,30.308,1,10,6.1906
5,81,Dynamic,251.23,148.6,180.91,134.57,71.7,1,10,12.2053,1,10,12.2053,1,14,29.0413,1,9,4.7073
5,82,Offensive,362.79,127.81,293.42,294.88,180.9,1,18,23.3446,1,18,23.3446,1,18,65.146,1,18,7.3375
5,82,Neutral,362.79,127.81,293.42,294.88,180.9,1,18,29.0113,1,18,29.0113,1,18,65.7126,1,18,9.7833
5,82,Defensive,362.79,127.81,293.42,294.88,180.9,1,18,40.3446,1,18,40.3446,1,18,66.846,1,18,14.675
5,82,Dynamic,362.79,127.81,293.42,294.88,180.9,1,18,24.6779,1,18,24.6779,1,18,65.2793,1,18,12.2221
5,83,Offensive,284.33,340.02,243.65,455.53,122.47,1,12,16.901,1,12,16.901,1,20,7.0798,1,15,6.1406
5,83,Neutral,284.33,340.02,243.65,455.53,122.47,1,12,20.5677,1,12,20.5677,1,20,7.7132,1,19,3.9911
5,83,Defensive,284.33,340.02,243.65,455.53,122.47,1,12,27.901,1,12,27.901,1,20,8.9798,1,19,3.7796
5,83,Dynamic,284.33,340.02,243.65,455.53,122.47,1,12,17.5677,1,15,18.8832,1,20,7.0798,1,19,3.8668
5,84,Offensive,252.66,293.56,66.48,167.51,224.84,1,20,21.5436,1,20,22.0826,1,41,23.9698,1,20,4.5502
5,84,Neutral,252.66,293.56,66.48,167.51,224.84,1,20,27.8769,1,20,27.8769,1,41,25.3032,1,20,5.4627
5,84,Defensive,252.66,293.56,66.48,167.51,224.84,1,20,40.5436,1,20,40.5436,1,41,27.9698,1,20,8.1941
5,84,Dynamic,252.66,293.56,66.48,167.51,224.84,1,20,21.8769,1,20,22.4159,1,41,24.0032,1,20,5.0525
5,85,Offensive,81.71,301.08,478.27,254.18,399.32,1,40,42.36,1,40,42.36,1,69,12.3644,1,40,8.631
5,85,Neutral,81.71,301.08,478.27,254.18,399.32,1,40,55.36,1,40,55.36,1,69,14.6311,1,40,11.508
5,85,Defensive,81.71,301.08,478.27,254.18,399.32,1,40,81.36,1,40,81.36,1,69,19.1644,1,40,17.2619
5,85,Dynamic,81.71,301.08,478.27,254.18,399.32,1,40,42.36,1,40,42.36,1,69,12.3644,1,40,8.631
5,86,Offensive,259.18,46.93,113.29,341.63,328.83,1,35,38.0335,1,35,38.5529,1,36,43.0961,1,35,9.9364
5,86,Neutral,259.18,46.93,113.29,341.63,328.83,1,35,49.3668,1,35,49.3668,1,36,44.2627,1,35,12.51
5,86,Defensive,259.18,46.93,113.29,341.63,328.83,1,34,71.4519,1,34,71.4519,1,36,46.5961,1,35,18.1565
5,86,Dynamic,259.18,46.93,113.29,341.63,328.83,1,35,38.3668,1,35,38.8862,1,36,43.1294,1,35,10.9325
5,87,Offensive,79.61,407.39,163.43,189.16,233.77,1,24,27.4374,1,24,27.4374,1,27,44.097,1,23,10.0103
5,87,Neutral,79.61,407.39,163.43,189.16,233.77,1,24,35.1041,1,24,35.1041,1,27,44.9637,1,24,8.3223
5,87,Defensive,79.61,407.39,163.43,189.16,233.77,1,24,50.4374,1,24,50.4374,1,27,46.697,1,25,16.6033
5,87,Dynamic,79.61,407.39,163.43,189.16,233.77,1,24,27.7707,1,24,27.7707,1,27,44.1637,1,23,11.1074
5,88,Offensive,231.35,235.43,296.62,294.07,87.74,1,7,13.7879,1,7,13.7879,1,11,64.446,1,11,6.6081
5,88,Neutral,231.35,235.43,296.62,294.07,87.74,1,7,15.7879,1,7,15.7879,1,11,64.7793,1,11,8.8109
5,88,Defensive,231.35,235.43,296.62,294.07,87.74,1,7,19.7879,1,7,19.7879,1,11,65.446,1,11,13.2163
5,88,Dynamic,231.35,235.43,296.62,294.07,87.74,1,7,15.1212,1,7,15.1212,1,11,64.5793,1,11,11.4927
5,89,Offensive,32.58,155.41,418.0,234.58,393.47,1,39,41.0834,1,39,41.0834,1,82,13.6644,1,39,9.5893
5,89,Neutral,32.58,155.41,418.0,234.58,393.47,1,39,53.75,1,39,53.75,1,82,16.3644,1,44,12.8346
5,89,Defensive,32.58,155.41,418.0,234.58,393.47,1,39,79.0834,1,39,79.0834,1,82,21.7644,1,39,16.2514
5,89,Dynamic,32.58,155.41,418.0,234.58,393.47,1,39,41.0834,1,39,41.0834,1,82,13.6644,1,39,9.5893
5,90,Offensive,51.63,289.71,426.46,209.46,383.33,1,38,40.36,1,38,40.36,1,66,12.0644,1,39,10.1048
5,90,Neutral,51.63,289.71,426.46,209.46,383.33,1,38,52.6934,1,38,52.6934,1,66,14.2311,1,38,11.8806
5,90,Defensive,51.63,289.71,426.46,209.46,383.33,1,38,77.36,1,38,77.36,1,66,18.5644,1,38,17.347
5,90,Dynamic,51.63,289.71,426.46,209.46,383.33,1,38,40.36,1,38,40.36,1,66,12.0644,1,39,10.1048
5,91,Offensive,205.55,449.69,341.89,41.49,430.37,1,43,46.5781,1,43,46.8152,1,47,40.6784,1,43,11.198
5,91,Neutral,205.55,449.69,341.89,41.49,430.37,1,43,60.5781,1,43,60.5781,1,47,42.2118,1,43,14.9307
5,91,Defensive,205.55,449.69,341.89,41.49,430.37,1,41,87.4918,1,41,87.4918,1,47,45.2784,1,50,20.2573
5,91,Dynamic,205.55,449.69,341.89,41.49,430.37,1,43,46.9114,1,43,47.1485,1,47,40.7118,1,43,12.0202
5,92,Offensive,83.05,198.12,120.11,245.11,59.85,1,9,17.2976,1,9,17.2976,1,14,72.1574,1,14,7.3862
5,92,Neutral,83.05,198.12,120.11,245.11,59.85,1,6,19.7485,1,6,19.7485,1,14,72.5908,1,14,9.8483
5,92,Defensive,83.05,198.12,120.11,245.11,59.85,1,6,23.0818,1,6,23.0818,1,14,73.4574,1,14,14.7725
5,92,Dynamic,83.05,198.12,120.11,245.11,59.85,1,9,18.6309,1,9,18.6309,1,14,72.2908,1,14,13.1602
5,93,Offensive,163.37,431.97,90.45,365.55,98.63,1,9,8.9723,1,8,9.0633,1,9,10.5226,1,8,2.2733
5,93,Neutral,163.37,431.97,90.45,365.55,98.63,1,8,11.3966,1,8,11.3966,1,9,10.7892,1,9,1.8922
5,93,Defensive,163.37,431.97,90.45,365.55,98.63,1,8,16.0633,1,8,16.0633,1,9,11.3226,1,9,2.8382
5,93,Dynamic,163.37,431.97,90.45,365.55,98.63,1,9,8.9723,1,8,9.0633,1,9,10.5226,1,8,2.2733
5,94,Offensive,135.41,374.24,452.38,120.29,406.15,1,33,33.3619,1,33,33.4712,1,46,7.6436,1,33,5.6677
5,94,Neutral,135.41,374.24,452.38,120.29,406.15,1,33,44.0286,1,33,44.1378,1,46,9.1436,1,33,7.5569
5,94,Defensive,135.41,374.24,452.38,120.29,406.15,1,33,65.3619,1,33,65.3619,1,46,12.1436,1,37,10.9164
5,94,Dynamic,135.41,374.24,452.38,120.29,406.15,1,33,33.3619,1,33,33.4712,1,46,7.6436,1,33,5.6677
5,95,Offensive,80.87,134.48,271.6,192.64,199.4,1,20,28.175,1,20,28.5232,1,51,46.7828,1,20,11.3146
5,95,Neutral,80.87,134.48,271.6,192.64,199.4,1,20,34.5083,1,20,34.5083,1,51,48.4495,1,20,14.2141
5,95,Defensive,80.87,134.48,271.6,192.64,199.4,1,20,47.175,1,20,47.175,1,51,51.7828,1,24,19.2766
5,95,Dynamic,80.87,134.48,271.6,192.64,199.4,1,20,29.175,1,20,29.5232,1,51,46.8828,1,20,15.8154
5,96,Offensive,188.2,131.93,127.44,437.33,311.38,1,31,35.0584,1,31,35.3094,1,33,43.9425,1,33,9.8763
5,96,Neutral,188.2,131.93,127.44,437.33,311.38,1,31,45.0584,1,31,45.0584,1,33,45.0091,1,33,11.0084
5,96,Defensive,188.2,131.93,127.44,437.33,311.38,1,31,65.0584,1,31,65.0584,1,33,47.1425,1,33,15.0044
5,96,Dynamic,188.2,131.93,127.44,437.33,311.38,1,31,35.7251,1,31,35.976,1,33,43.9758,1,33,10.8499
5,97,Offensive,182.64,346.59,132.96,96.36,255.11,1,26,37.0014,1,26,37.0783,1,45,99.9029,1,26,14.5088
5,97,Neutral,182.64,346.59,132.96,96.36,255.11,1,26,45.3348,1,26,45.3348,1,45,101.3695,1,26,19.3451
5,97,Defensive,182.64,346.59,132.96,96.36,255.11,1,26,62.0014,1,26,62.0014,1,45,104.3029,1,26,28.8195
5,97,Dynamic,182.64,346.59,132.96,96.36,255.11,1,26,38.6681,1,26,38.745,1,45,100.0362,1,28,21.627
5,98,Offensive,210.26,370.36,250.57,320.75,63.93,1,6,5.0,1,6,5.0,1,6,0.5,1,6,0.0837
5,98,Neutral,210.26,370.36,250.57,320.75,63.93,1,6,6.6667,1,6,6.6667,1,6,0.6667,1,6,0.1116
5,98,Defensive,210.26,370.36,250.57,320.75,63.93,1,6,10.0,1,6,10.0,1,6,1.0,1,6,0.1675
5,98,Dynamic,210.26,370.36,250.57,320.75,63.93,1,6,5.0,1,6,5.0,1,6,0.5,1,6,0.0837
5,99,Offensive,160.65,446.42,205.06,36.48,412.34,1,42,43.6608,1,42,43.6608,1,50,21.1711,1,42,9.3123
5,99,Neutral,160.65,446.42,205.06,36.48,412.34,1,42,57.3275,1,42,57.3275,1,50,22.8044,1,42,12.0512
5,99,Defensive,160.65,446.42,205.06,36.48,412.34,1,42,84.6608,1,42,84.6608,1,50,26.0711,1,42,18.0768
5,99,Dynamic,160.65,446.42,205.06,36.48,412.34,1,42,43.6608,1,42,43.6608,1,50,21.1711,1,42,9.3123
5,100,Offensive,146.35,70.97,209.07,157.35,106.75,1,11,27.4686,1,11,27.4686,1,41,92.2783,1,20,13.6617
5,100,Neutral,146.35,70.97,209.07,157.35,106.75,1,10,30.4844,1,10,30.4844,1,41,93.6116,1,21,16.8718
5,100,Defensive,146.35,70.97,209.07,157.35,106.75,1,9,36.1844,1,9,36.1844,1,41,96.2783,1,21,23.7748
5,100,Dynamic,146.35,70.97,209.07,157.35,106.75,1,11,29.4686,1,11,29.4686,1,41,92.4116,1,20,18.715
6,1,Offensive,223.41,424.41,114.04,50.82,389.27,1,39,45.9373,1,39,46.0841,1,56,40.0471,1,38,16.5173
6,1,Neutral,223.41,424.41,114.04,50.82,389.27,1,39,58.6039,1,39,58.6039,1,56,41.8805,1,41,16.1264
6,1,Defensive,223.41,424.41,114.04,50.82,389.27,1,38,83.3157,1,38,83.3157,1,56,45.5471,1,42,23.1121
6,1,Dynamic,223.41,424.41,114.04,50.82,389.27,1,39,46.2706,1,39,46.4174,1,56,40.0805,1,38,17.146
6,2,Offensive,416.8,301.39,110.28,296.67,306.55,1,33,35.5142,1,33,35.6142,1,34,34.4833,1,35,7.3808
6,2,Neutral,416.8,301.39,110.28,296.67,306.55,1,33,46.1809,1,33,46.1809,1,34,35.5833,1,35,9.8411
6,2,Defensive,416.8,301.39,110.28,296.67,306.55,1,31,67.1788,1,31,67.1788,1,34,37.7833,1,35,14.5642
6,2,Dynamic,416.8,301.39,110.28,296.67,306.55,1,33,35.5142,1,33,35.6142,1,34,34.4833,1,35,7.3808
6,3,Offensive,429.03,373.1,220.65,31.23,400.37,1,37,36.2122,1,37,36.2122,1,39,3.8,1,36,12.8836
6,3,Neutral,429.03,373.1,220.65,31.23,400.37,1,37,48.2122,1,37,48.2122,1,39,5.0667,1,37,7.8538
6,3,Defensive,429.03,373.1,220.65,31.23,400.37,1,37,72.2122,1,37,72.2122,1,39,7.6,1,37,11.7808
6,3,Dynamic,429.03,373.1,220.65,31.23,400.37,1,37,36.2122,1,37,36.2122,1,39,3.8,1,36,12.8836
6,4,Offensive,173.64,386.25,185.15,225.41,161.26,1,17,17.3849,1,17,17.6272,1,18,6.226,1,17,4.4291
6,4,Neutral,173.64,386.25,185.15,225.41,161.26,1,17,22.7182,1,17,22.7182,1,18,6.7927,1,19,2.3183
6,4,Defensive,173.64,386.25,185.15,225.41,161.26,1,17,33.3849,1,17,33.3849,1,18,7.926,1,19,3.4775
6,4,Dynamic,173.64,386.25,185.15,225.41,161.26,1,17,17.3849,1,17,17.6272,1,18,6.226,1,17,4.4291
6,5,Offensive,416.86,277.67,104.91,404.97,336.92,1,34,42.437,1,34,42.71,1,44,46.5967,1,34,14.8329
6,5,Neutral,416.86,277.67,104.91,404.97,336.92,1,34,53.437,1,34,53.437,1,44,48.03,1,34,18.9576
6,5,Defensive,416.86,277.67,104.91,404.97,336.92,1,33,74.8416,1,33,74.8416,1,44,50.8967,1,61,20.3633
6,5,Dynamic,416.86,277.67,104.91,404.97,336.92,1,34,43.437,1,34,43.71,1,44,46.63,1,34,16.8941
6,6,Offensive,417.18,89.02,141.69,273.4,331.5,1,30,29.7382,1,30,29.8952,1,31,3.0,1,30,4.9528
6,6,Neutral,417.18,89.02,141.69,273.4,331.5,1,30,39.4048,1,30,39.4048,1,31,4.0,1,30,6.6038
6,6,Defensive,417.18,89.02,141.69,273.4,331.5,1,30,58.7382,1,30,58.7382,1,31,6.0,1,31,7.8658
6,6,Dynamic,417.18,89.02,141.69,273.4,331.5,1,30,29.7382,1,30,29.8952,1,31,3.0,1,30,4.9528
6,7,Offensive,300.24,401.91,327.69,197.07,206.67,1,22,21.4993,1,22,21.4993,1,22,7.0928,1,22,2.1072
6,7,Neutral,300.24,401.91,327.69,197.07,206.67,1,22,28.4993,1,22,28.4993,1,22,7.7928,1,22,2.8096
6,7,Defensive,300.24,401.91,327.69,197.07,206.67,1,22,42.4993,1,22,42.4993,1,22,9.1928,1,22,4.2144
6,7,Dynamic,300.24,401.91,327.69,197.07,206.67,1,22,21.4993,1,22,21.4993,1,22,7.0928,1,22,2.1072
6,8,Offensive,80.49,255.08,136.49,402.69,157.88,1,18,30.8074,1,18,30.8074,1,41,120.0671,1,16,17.1575
6,8,Neutral,80.49,255.08,136.49,402.69,157.88,1,16,35.9216,1,16,35.9216,1,41,121.4005,1,18,20.388
6,8,Defensive,80.49,255.08,136.49,402.69,157.88,1,16,45.9216,1,16,45.9216,1,41,124.0671,1,41,29.2957
6,8,Dynamic,80.49,255.08,136.49,402.69,157.88,1,18,33.1407,1,18,33.1407,1,41,120.2671,1,18,25.3479
6,9,Offensive,328.65,238.41,235.76,380.18,169.49,1,16,15.0,1,16,15.43,1,16,1.5,1,16,1.2485
6,9,Neutral,328.65,238.41,235.76,380.18,169.49,1,16,20.0,1,16,20.0,1,16,2.0,1,16,1.6646
6,9,Defensive,328.65,238.41,235.76,380.18,169.49,1,16,30.0,1,16,30.0,1,16,3.0,1,16,2.4969
6,9,Dynamic,328.65,238.41,235.76,380.18,169.49,1,16,15.0,1,16,15.43,1,16,1.5,1,16,1.2485
6,10,Offensive,251.04,51.92,359.74,361.62,328.23,1,37,40.917,1,37,40.917,1,43,34.007,1,40,7.6755
6,10,Neutral,251.04,51.92,359.74,361.62,328.23,1,37,52.917,1,37,52.917,1,43,35.407,1,39,9.6315
6,10,Defensive,251.04,51.92,359.74,361.62,328.23,1,34,76.1657,1,34,76.1657,1,43,38.207,1,39,14.4472
6,10,Dynamic,251.04,51.92,359.74,361.62,328.23,1,37,41.5836,1,37,41.5836,1,43,34.0404,1,40,8.613
6,11,Offensive,339.46,254.91,218.39,262.92,121.33,1,13,13.6396,1,13,13.6396,1,13,17.5962,1,13,2.1209
6,11,Neutral,339.46,254.91,218.39,262.92,121.33,1,13,17.6396,1,13,17.6396,1,13,17.9962,1,13,2.8279
6,11,Defensive,339.46,254.91,218.39,262.92,121.33,1,13,25.6396,1,13,25.6396,1,13,18.7962,1,13,4.2418
6,11,Dynamic,339.46,254.91,218.39,262.92,121.33,1,13,13.973,1,13,13.973,1,13,17.6295,1,13,2.6675
6,12,Offensive,357.39,139.57,317.76,224.55,93.77,1,10,9.0,1,10,9.0,1,10,0.9,1,10,0.261
6,12,Neutral,357.39,139.57,317.76,224.55,93.77,1,10,12.0,1,10,12.0,1,10,1.2,1,10,0.348
6,12,Defensive,357.39,139.57,317.76,224.55,93.77,1,10,18.0,1,10,18.0,1,10,1.8,1,10,0.5219
6,12,Dynamic,357.39,139.57,317.76,224.55,93.77,1,10,9.0,1,10,9.0,1,10,0.9,1,10,0.261
6,13,Offensive,156.71,57.19,303.19,458.4,427.11,1,44,51.7694,1,44,53.9779,1,68,45.8412,1,44,17.6383
6,13,Neutral,156.71,57.19,303.19,458.4,427.11,1,44,66.1027,1,44,66.1655,1,68,48.0746,1,44,21.5766
6,13,Defensive,156.71,57.19,303.19,458.4,427.11,1,42,94.1218,1,42,94.1218,1,68,52.5412,1,50,31.7833
6,13,Dynamic,156.71,57.19,303.19,458.4,427.11,1,44,52.1027,1,44,54.9779,1,68,45.8746,1,44,18.5825
6,14,Offensive,175.96,475.92,135.15,131.94,346.39,1,37,37.4995,1,37,37.7905,1,38,16.4534,1,35,8.6554
6,14,Neutral,175.96,475.92,135.15,131.94,346.39,1,36,49.3015,1,36,49.3015,1,38,17.6867,1,36,10.2117
6,14,Defensive,175.96,475.92,135.15,131.94,346.39,1,35,72.0133,1,35,72.0133,1,38,20.1534,1,38,12.2214
6,14,Dynamic,175.96,475.92,135.15,131.94,346.39,1,37,37.4995,1,37,37.7905,1,38,16.4534,1,35,8.6554
6,15,Offensive,305.0,293.27,207.12,137.72,183.78,1,23,22.6704,1,23,22.6704,1,24,6.8518,1,23,4.4782
6,15,Neutral,305.0,293.27,207.12,137.72,183.78,1,23,30.0038,1,23,30.0038,1,24,7.6184,1,23,4.6214
6,15,Defensive,305.0,293.27,207.12,137.72,183.78,1,17,43.9457,1,17,43.9457,1,24,9.1518,1,23,5.5583
6,15,Dynamic,305.0,293.27,207.12,137.72,183.78,1,23,22.6704,1,23,22.6704,1,24,6.8518,1,23,4.4782
6,16,Offensive,434.61,464.75,356.7,401.44,100.39,1,11,14.4705,1,11,14.6762,1,14,40.0798,1,11,5.0093
6,16,Neutral,434.61,464.75,356.7,401.44,100.39,1,11,17.8038,1,11,17.8038,1,14,40.5131,1,11,6.679
6,16,Defensive,434.61,464.75,356.7,401.44,100.39,1,11,24.4705,1,11,24.4705,1,14,41.3798,1,13,9.9235
6,16,Dynamic,434.61,464.75,356.7,401.44,100.39,1,11,14.8038,1,11,15.0095,1,14,40.1131,1,11,5.9518
6,17,Offensive,460.53,67.45,261.28,165.93,222.27,1,21,27.4866,1,21,27.6436,1,25,56.8387,1,21,9.8441
6,17,Neutral,460.53,67.45,261.28,165.93,222.27,1,21,34.1533,1,21,34.1533,1,25,57.6387,1,21,13.1254
6,17,Defensive,460.53,67.45,261.28,165.93,222.27,1,21,47.4866,1,21,47.4866,1,25,59.2387,1,25,15.9633
6,17,Dynamic,460.53,67.45,261.28,165.93,222.27,1,21,28.1533,1,21,28.3103,1,25,56.8721,1,23,10.0019
6,18,Offensive,162.22,285.39,110.08,303.82,55.3,1,6,6.2253,1,6,6.4671,1,6,12.7532,1,6,1.5387
6,18,Neutral,162.22,285.39,110.08,303.82,55.3,1,6,7.892,1,6,8.0715,1,6,12.9199,1,6,2.0515
6,18,Defensive,162.22,285.39,110.08,303.82,55.3,1,6,11.2253,1,6,11.2253,1,6,13.2532,1,6,3.0773
6,18,Dynamic,162.22,285.39,110.08,303.82,55.3,1,6,6.2253,1,6,6.4671,1,6,12.7532,1,6,1.5387
6,19,Offensive,341.94,51.91,419.94,457.53,413.05,1,41,41.5944,1,41,41.738,1,43,18.288,1,41,13.9751
6,19,Neutral,341.94,51.91,419.94,457.53,413.05,1,41,54.9277,1,41,54.9277,1,43,19.688,1,41,18.6161
6,19,Defensive,341.94,51.91,419.94,457.53,413.05,1,41,81.5944,1,41,81.5944,1,43,22.488,1,43,15.5146
6,19,Dynamic,341.94,51.91,419.94,457.53,413.05,1,41,41.5944,1,41,41.738,1,43,18.288,1,41,13.9751
6,20,Offensive,329.53,324.85,348.23,190.27,135.87,1,14,13.0,1,14,13.0,1,14,1.3,1,14,0.5547
6,20,Neutral,329.53,324.85,348.23,190.27,135.87,1,14,17.3333,1,14,17.3333,1,14,1.7333,1,14,0.7396
6,20,Defensive,329.53,324.85,348.23,190.27,135.87,1,14,26.0,1,14,26.0,1,14,2.6,1,14,1.1094
6,20,Dynamic,329.53,324.85,348.23,190.27,135.87,1,14,13.0,1,14,13.0,1,14,1.3,1,14,0.5547
6,21,Offensive,45.8,197.82,402.4,137.09,361.73,1,38,50.9997,1,38,50.9997,1,51,115.9325,1,39,18.7467
6,21,Neutral,45.8,197.82,402.4,137.09,361.73,1,38,63.333,1,38,63.333,1,51,117.5992,1,41,22.556
6,21,Defensive,45.8,197.82,402.4,137.09,361.73,1,37,87.4727,1,37,87.4727,1,51,120.9325,1,41,33.8341
6,21,Dynamic,45.8,197.82,402.4,137.09,361.73,1,38,52.6663,1,38,52.6663,1,51,116.0659,1,39,24.9749
6,22,Offensive,287.98,376.98,449.21,134.94,290.83,1,25,24.0,1,25,24.273,1,25,2.4,1,25,3.8594
6,22,Neutral,287.98,376.98,449.21,134.94,290.83,1,25,32.0,1,25,32.273,1,25,3.2,1,25,3.4908
6,22,Defensive,287.98,376.98,449.21,134.94,290.83,1,25,48.0,1,25,48.0,1,25,4.8,1,25,5.2362
6,22,Dynamic,287.98,376.98,449.21,134.94,290.83,1,25,24.0,1,25,24.273,1,25,2.4,1,25,3.8594
6,23,Offensive,162.95,57.26,466.86,314.85,398.39,1,37,44.7068,1,37,45.1772,1,56,57.2477,1,37,14.8872
6,23,Neutral,162.95,57.26,466.86,314.85,398.39,1,37,56.7068,1,37,56.7068,1,56,59.081,1,39,17.7923
6,23,Defensive,162.95,57.26,466.86,314.85,398.39,1,37,80.7068,1,37,80.7068,1,56,62.7477,1,38,25.8714
6,23,Dynamic,162.95,57.26,466.86,314.85,398.39,1,37,45.3735,1,37,45.8438,1,56,57.281,1,37,17.0015
6,24,Offensive,426.77,354.89,298.17,50.64,330.31,1,33,34.3117,1,33,34.3803,1,34,24.9811,1,34,13.8571
6,24,Neutral,426.77,354.89,298.17,50.64,330.31,1,33,44.9784,1,33,45.047,1,34,26.0811,1,33,8.8999
6,24,Defensive,426.77,354.89,298.17,50.64,330.31,1,32,66.2417,1,32,66.2417,1,34,28.2811,1,33,13.3498
6,24,Dynamic,426.77,354.89,298.17,50.64,330.31,1,33,34.6451,1,33,34.7136,1,34,25.0144,1,34,14.5798
6,25,Offensive,179.97,240.54,323.61,304.95,157.42,1,16,23.0607,1,16,23.0671,1,27,2.6,1,22,8.4942
6,25,Neutral,179.97,240.54,323.61,304.95,157.42,1,16,28.0607,1,16,28.0607,1,27,3.4667,1,30,3.5409
6,25,Defensive,179.97,240.54,323.61,304.95,157.42,1,16,38.0607,1,16,38.0607,1,27,5.2,1,30,5.2587
6,25,Dynamic,179.97,240.54,323.61,304.95,157.42,1,16,24.0607,1,16,24.0671,1,27,2.6,1,22,9.7872
6,26,Offensive,188.21,54.93,259.77,88.98,79.25,1,8,8.6193,1,8,8.6193,1,8,16.8933,1,8,1.7708
6,26,Neutral,188.21,54.93,259.77,88.98,79.25,1,8,10.9527,1,8,10.9527,1,8,17.1266,1,8,2.3611
6,26,Defensive,188.21,54.93,259.77,88.98,79.25,1,8,15.6193,1,8,15.6193,1,8,17.5933,1,8,3.5416
6,26,Dynamic,188.21,54.93,259.77,88.98,79.25,1,8,8.9527,1,8,8.9527,1,8,16.9266,1,8,2.3255
6,27,Offensive,325.01,412.01,328.53,113.37,298.66,1,31,30.0247,1,31,30.0247,1,31,3.2473,1,31,3.2221
6,27,Neutral,325.01,412.01,328.53,113.37,298.66,1,31,40.0247,1,31,40.0247,1,31,4.2473,1,31,4.2961
6,27,Defensive,325.01,412.01,328.53,113.37,298.66,1,31,60.0247,1,31,60.0247,1,31,6.2473,1,31,6.4441
6,27,Dynamic,325.01,412.01,328.53,113.37,298.66,1,31,30.0247,1,31,30.0247,1,31,3.2473,1,31,3.2221
6,28,Offensive,435.78,382.51,344.8,249.76,160.93,1,16,24.3116,1,15,24.6892,1,27,2.6,1,19,8.7526
6,28,Neutral,435.78,382.51,344.8,249.76,160.93,1,15,29.1829,1,15,29.1829,1,27,3.4667,1,19,11.2138
6,28,Defensive,435.78,382.51,344.8,249.76,160.93,1,15,38.5162,1,15,38.5162,1,27,5.2,1,26,4.0201
6,28,Dynamic,435.78,382.51,344.8,249.76,160.93,1,26,25.0686,1,26,25.0717,1,27,2.6,1,19,8.7526
6,29,Offensive,404.76,103.82,384.64,157.58,57.4,1,10,10.5665,1,10,10.5665,1,11,7.5152,1,10,2.9789
6,29,Neutral,404.76,103.82,384.64,157.58,57.4,1,9,13.4658,1,9,13.4658,1,11,7.8485,1,11,2.9033
6,29,Defensive,404.76,103.82,384.64,157.58,57.4,1,9,18.7991,1,9,18.7991,1,11,8.5152,1,11,2.7176
6,29,Dynamic,404.76,103.82,384.64,157.58,57.4,1,10,10.5665,1,10,10.5665,1,11,7.5152,1,10,2.9789
6,30,Offensive,476.15,22.4,50.57,316.9,517.54,1,44,45.93,1,44,45.93,1,51,5.0,1,44,11.3504
6,30,Neutral,476.15,22.4,50.57,316.9,517.54,1,44,60.2633,1,44,60.3021,1,51,6.6667,1,45,14.6964
6,30,Defensive,476.15,22.4,50.57,316.9,517.54,1,44,88.93,1,44,88.93,1,51,10.0,1,48,18.0916
6,30,Dynamic,476.15,22.4,50.57,316.9,517.54,1,44,45.93,1,44,45.93,1,51,5.0,1,44,11.3504
6,31,Offensive,127.59,431.38,222.62,91.68,352.75,1,45,47.0123,1,46,48.3024,1,46,32.471,1,44,17.5625
6,31,Neutral,127.59,431.38,222.62,91.68,352.75,1,35,60.929,1,35,60.929,1,46,33.971,1,47,16.4518
6,31,Defensive,127.59,431.38,222.62,91.68,352.75,1,35,83.5956,1,35,83.5956,1,46,36.971,1,48,21.6513
6,31,Dynamic,127.59,431.38,222.62,91.68,352.75,1,45,47.3457,1,46,48.6358,1,46,32.5044,1,47,14.901
6,32,Offensive,184.01,125.9,463.69,368.69,370.36,1,40,39.9764,1,40,40.3375,1,41,13.0781,1,40,9.0529
6,32,Neutral,184.01,125.9,463.69,368.69,370.36,1,40,52.9764,1,40,52.9764,1,41,14.4115,1,40,9.7001
6,32,Defensive,184.01,125.9,463.69,368.69,370.36,1,32,75.9628,1,32,75.9628,1,41,17.0781,1,40,12.2695
6,32,Dynamic,184.01,125.9,463.69,368.69,370.36,1,40,39.9764,1,40,40.3375,1,41,13.0781,1,40,8.7701
6,33,Offensive,233.2,418.05,367.5,58.99,383.35,1,37,36.0,1,37,36.0798,1,37,3.6,1,37,4.6167
6,33,Neutral,233.2,418.05,367.5,58.99,383.35,1,37,48.0,1,37,48.0,1,37,4.8,1,37,6.1556
6,33,Defensive,233.2,418.05,367.5,58.99,383.35,1,37,72.0,1,37,72.0,1,37,7.2,1,37,9.2334
6,33,Dynamic,233.2,418.05,367.5,58.99,383.35,1,37,36.0,1,37,36.0798,1,37,3.6,1,37,4.6167
6,34,Offensive,324.41,440.77,38.49,118.02,431.19,1,47,49.9808,1,47,50.6161,1,68,25.3255,1,47,16.4993
6,34,Neutral,324.41,440.77,38.49,118.02,431.19,1,46,65.2285,1,46,65.2285,1,68,27.5588,1,49,17.257
6,34,Defensive,324.41,440.77,38.49,118.02,431.19,1,38,91.5016,1,38,91.5016,1,68,32.0255,1,49,24.3045
6,34,Dynamic,324.41,440.77,38.49,118.02,431.19,1,47,50.3142,1,47,50.9494,1,68,25.3588,1,47,17.1202
6,35,Offensive,390.29,40.37,360.7,41.59,29.61,1,4,4.1782,1,4,4.1782,1,4,12.0817,1,4,1.204
6,35,Neutral,390.29,40.37,360.7,41.59,29.61,1,4,5.1782,1,4,5.1782,1,4,12.1817,1,4,1.6053
6,35,Defensive,390.29,40.37,360.7,41.59,29.61,1,4,7.1782,1,4,7.1782,1,4,12.3817,1,4,2.408
6,35,Dynamic,390.29,40.37,360.7,41.59,29.61,1,4,4.1782,1,4,4.1782,1,4,12.0817,1,4,1.204
6,36,Offensive,444.49,134.12,270.52,420.3,334.91,1,30,32.8231,1,30,32.8231,1,32,24.3894,1,32,5.6307
6,36,Neutral,444.49,134.12,270.52,420.3,334.91,1,30,42.4898,1,30,42.4898,1,32,25.4227,1,32,7.5076
6,36,Defensive,444.49,134.12,270.52,420.3,334.91,1,30,61.8231,1,30,61.8231,1,32,27.4894,1,32,11.2614
6,36,Dynamic,444.49,134.12,270.52,420.3,334.91,1,32,33.4623,1,32,33.4623,1,32,24.4227,1,32,6.3285
6,37,Offensive,399.61,104.22,72.52,175.55,334.79,1,35,37.6671,1,35,37.6671,1,47,31.6641,1,35,7.5064
6,37,Neutral,399.61,104.22,72.52,175.55,334.79,1,35,49.0004,1,35,49.0004,1,47,33.1974,1,35,10.0009
6,37,Defensive,399.61,104.22,72.52,175.55,334.79,1,33,70.7966,1,33,70.7966,1,45,36.147,1,35,15.0014
6,37,Dynamic,399.61,104.22,72.52,175.55,334.79,1,35,37.6671,1,35,37.6671,1,47,31.6641,1,35,7.5064
6,38,Offensive,130.68,134.5,50.54,470.08,345.02,1,39,38.9938,1,40,39.508,1,42,4.896,1,40,5.5789
6,38,Neutral,130.68,134.5,50.54,470.08,345.02,1,39,51.6605,1,39,51.6605,1,42,6.2627,1,40,6.816
6,38,Defensive,130.68,134.5,50.54,470.08,345.02,1,35,76.2881,1,35,76.2881,1,42,8.996,1,40,10.2241
6,38,Dynamic,130.68,134.5,50.54,470.08,345.02,1,39,38.9938,1,40,39.508,1,42,4.896,1,40,5.5789
6,39,Offensive,478.29,46.77,459.86,340.54,294.35,1,31,30.7033,1,31,30.7644,1,33,3.2,1,31,3.8773
6,39,Neutral,478.29,46.77,459.86,340.54,294.35,1,31,40.7033,1,31,40.7033,1,33,4.2667,1,31,5.1697
6,39,Defensive,478.29,46.77,459.86,340.54,294.35,1,31,60.7033,1,31,60.7033,1,33,6.4,1,31,7.7545
6,39,Dynamic,478.29,46.77,459.86,340.54,294.35,1,31,30.7033,1,31,30.7644,1,33,3.2,1,31,3.8773
6,40,Offensive,92.52,430.13,352.39,365.53,267.78,1,30,33.8781,1,30,34.3835,1,47,34.407,1,32,8.011
6,40,Neutral,92.52,430.13,352.39,365.53,267.78,1,29,43.3467,1,29,43.3467,1,47,35.9404,1,32,10.1793
6,40,Defensive,92.52,430.13,352.39,365.53,267.78,1,27,61.5501,1,27,61.5501,1,47,39.007,1,32,15.2689
6,40,Dynamic,92.52,430.13,352.39,365.53,267.78,1,30,34.5447,1,30,35.0502,1,47,34.4404,1,32,8.9486
6,41,Offensive,278.16,211.17,395.9,378.37,204.49,1,26,28.6083,1,26,28.6083,1,37,28.4876,1,26,5.2764
6,41,Neutral,278.16,211.17,395.9,378.37,204.49,1,18,34.917,1,18,34.917,1,37,29.6876,1,26,7.0352
6,41,Defensive,278.16,211.17,395.9,378.37,204.49,1,17,45.7007,1,17,45.7007,1,37,32.0876,1,27,10.1392
6,41,Dynamic,278.16,211.17,395.9,378.37,204.49,1,26,28.9416,1,26,28.9416,1,37,28.5209,1,26,5.93
6,42,Offensive,316.69,112.24,278.42,444.35,334.31,1,34,33.0357,1,34,33.3334,1,35,3.4,1,34,4.3767
6,42,Neutral,316.69,112.24,278.42,444.35,334.31,1,34,44.0357,1,34,44.0357,1,35,4.5333,1,34,5.5923
6,42,Defensive,316.69,112.24,278.42,444.35,334.31,1,34,66.0357,1,34,66.0357,1,35,6.8,1,34,8.3884
6,42,Dynamic,316.69,112.24,278.42,444.35,334.31,1,34,33.0357,1,34,33.3334,1,35,3.4,1,34,4.3767
6,43,Offensive,268.8,339.36,199.58,41.7,305.6,1,30,32.5362,1,30,33.1392,1,32,34.5893,1,30,12.929
6,43,Neutral,268.8,339.36,199.58,41.7,305.6,1,30,42.2029,1,30,42.4181,1,32,35.6226,1,35,11.2583
6,43,Defensive,268.8,339.36,199.58,41.7,305.6,1,30,61.5362,1,30,61.5362,1,32,37.6893,1,33,14.6191
6,43,Dynamic,268.8,339.36,199.58,41.7,305.6,1,30,32.8695,1,30,33.4725,1,32,34.6226,1,33,10.0865
6,44,Offensive,166.18,418.91,208.23,260.96,163.45,1,18,26.0802,1,18,26.0926,1,29,51.3988,1,18,9.985
6,44,Neutral,166.18,418.91,208.23,260.96,163.45,1,17,31.7244,1,17,31.7367,1,29,52.3322,1,18,13.3134
6,44,Defensive,166.18,418.91,208.23,260.96,163.45,1,16,42.2075,1,16,42.2075,1,29,54.1988,1,19,19.7969
6,44,Dynamic,166.18,418.91,208.23,260.96,163.45,1,18,27.0802,1,18,27.0926,1,29,51.4322,1,18,12.2401
6,45,Offensive,288.73,223.23,89.71,167.29,206.73,1,21,30.4468,1,21,30.5133,1,46,41.0826,1,23,10.6616
6,45,Neutral,288.73,223.23,89.71,167.29,206.73,1,21,37.1135,1,21,37.1135,1,46,42.5826,1,23,13.971
6,45,Defensive,288.73,223.23,89.71,167.29,206.73,1,21,50.4468,1,21,50.4468,1,46,45.5826,1,31,14.9011
6,45,Dynamic,288.73,223.23,89.71,167.29,206.73,1,21,31.7801,1,21,31.8466,1,46,41.1159,1,23,12.7955
6,46,Offensive,446.74,328.89,384.76,331.29,62.02,1,11,12.4949,1,10,12.6994,1,12,24.6125,1,11,3.2716
6,46,Neutral,446.74,328.89,384.76,331.29,62.02,1,10,15.6994,1,10,15.6994,1,12,24.9792,1,11,4.3622
6,46,Defensive,446.74,328.89,384.76,331.29,62.02,1,10,21.6994,1,10,21.6994,1,12,25.7125,1,11,6.5432
6,46,Dynamic,446.74,328.89,384.76,331.29,62.02,1,11,12.4949,1,10,12.6994,1,12,24.6125,1,11,3.2716
6,47,Offensive,131.28,355.61,261.39,38.19,343.06,1,33,32.0,1,33,32.2811,1,33,3.2,1,33,4.0576
6,47,Neutral,131.28,355.61,261.39,38.19,343.06,1,33,42.6667,1,33,42.6667,1,33,4.2667,1,33,5.4101
6,47,Defensive,131.28,355.61,261.39,38.19,343.06,1,33,64.0,1,33,64.0,1,33,6.4,1,33,8.1152
6,47,Dynamic,131.28,355.61,261.39,38.19,343.06,1,33,32.0,1,33,32.2811,1,33,3.2,1,33,4.0576
6,48,Offensive,124.81,128.17,288.83,277.59,221.88,1,20,30.0156,1,20,30.1145,1,34,24.9162,1,23,11.0915
6,48,Neutral,124.81,128.17,288.83,277.59,221.88,1,20,36.349,1,20,36.4478,1,34,26.0162,1,23,14.7887
6,48,Defensive,124.81,128.17,288.83,277.59,221.88,1,20,49.0156,1,20,49.0156,1,34,28.2162,1,31,10.3385
6,48,Dynamic,124.81,128.17,288.83,277.59,221.88,1,21,30.8959,1,21,30.9948,1,34,24.9162,1,23,12.3612
6,49,Offensive,176.71,424.51,389.48,186.65,319.13,1,26,33.173,1,30,35.1402,1,35,20.0226,1,25,12.2388
6,49,Neutral,176.71,424.51,389.48,186.65,319.13,1,25,41.4838,1,26,41.5063,1,35,21.156,1,35,9.8169
6,49,Defensive,176.71,424.51,389.48,186.65,319.13,1,25,57.4838,1,25,57.4838,1,35,23.4226,1,35,13.6494
6,49,Dynamic,176.71,424.51,389.48,186.65,319.13,1,26,34.173,1,30,35.4735,1,35,20.056,1,34,8.6251
6,50,Offensive,29.09,340.66,427.16,45.54,495.54,1,42,44.3692,1,42,45.6087,1,44,22.8614,1,42,12.3856
6,50,Neutral,29.09,340.66,427.16,45.54,495.54,1,42,58.0358,1,42,58.0746,1,44,24.2947,1,43,14.5352
6,50,Defensive,29.09,340.66,427.16,45.54,495.54,1,42,85.3692,1,42,85.3692,1,44,27.1614,1,44,19.772
6,50,Dynamic,29.09,340.66,427.16,45.54,495.54,1,42,44.7025,1,42,45.942,1,44,22.8947,1,42,13.0043
6,51,Offensive,254.33,326.72,105.46,49.83,314.36,1,29,41.5536,1,38,42.6333,1,43,16.4812,1,29,18.8605
6,51,Neutral,254.33,326.72,105.46,49.83,314.36,1,29,50.887,1,29,50.8993,1,43,17.8812,1,43,10.2088
6,51,Defensive,254.33,326.72,105.46,49.83,314.36,1,29,69.5536,1,29,69.5536,1,43,20.6812,1,43,14.0658
6,51,Dynamic,254.33,326.72,105.46,49.83,314.36,1,29,42.2208,1,38,42.6333,1,43,16.4812,1,42,10.6842
6,52,Offensive,466.19,291.25,109.92,269.4,356.94,1,41,48.6994,1,41,48.7026,1,44,85.3338,1,41,17.4584
6,52,Neutral,466.19,291.25,109.92,269.4,356.94,1,41,62.0327,1,41,62.0327,1,44,86.7671,1,41,20.6688
6,52,Defensive,466.19,291.25,109.92,269.4,356.94,1,41,88.6994,1,41,88.6994,1,44,89.6338,1,41,30.292
6,52,Dynamic,466.19,291.25,109.92,269.4,356.94,1,41,50.0327,1,41,50.0359,1,44,85.4671,1,41,23.2599
6,53,Offensive,295.99,279.46,272.78,43.17,237.42,1,24,23.1839,1,24,23.1839,1,25,2.4,1,24,2.0027
6,53,Neutral,295.99,279.46,272.78,43.17,237.42,1,24,30.8505,1,24,30.8505,1,25,3.2,1,24,2.6702
6,53,Defensive,295.99,279.46,272.78,43.17,237.42,1,24,46.1839,1,24,46.1839,1,25,4.8,1,24,4.0053
6,53,Dynamic,295.99,279.46,272.78,43.17,237.42,1,24,23.1839,1,24,23.1839,1,25,2.4,1,24,2.0027
6,54,Offensive,255.25,327.3,79.73,400.34,190.11,1,19,27.2826,1,19,27.2826,1,30,23.6455,1,19,11.2076
6,54,Neutral,255.25,327.3,79.73,400.34,190.11,1,19,33.2826,1,19,33.2826,1,30,24.6122,1,44,9.2665
6,54,Defensive,255.25,327.3,79.73,400.34,190.11,1,19,45.2826,1,19,45.2826,1,30,26.5455,1,45,10.3774
6,54,Dynamic,255.25,327.3,79.73,400.34,190.11,1,19,28.2826,1,19,28.2826,1,30,23.6788,1,44,7.6484
6,55,Offensive,402.75,48.3,172.37,32.36,230.93,1,24,27.5468,1,24,27.5468,1,24,47.7681,1,24,6.3838
6,55,Neutral,402.75,48.3,172.37,32.36,230.93,1,24,35.2135,1,24,35.2135,1,24,48.5347,1,24,8.5117
6,55,Defensive,402.75,48.3,172.37,32.36,230.93,1,24,50.5468,1,24,50.5468,1,24,50.0681,1,24,12.7675
6,55,Dynamic,402.75,48.3,172.37,32.36,230.93,1,24,27.8801,1,24,27.8801,1,24,47.8014,1,24,7.433
6,56,Offensive,277.6,39.93,380.32,447.25,420.07,1,42,49.653,1,42,49.7966,1,53,68.9897,1,55,20.3714
6,56,Neutral,277.6,39.93,380.32,447.25,420.07,1,42,63.3197,1,42,63.3197,1,53,70.723,1,59,20.1123
6,56,Defensive,277.6,39.93,380.32,447.25,420.07,1,42,90.653,1,42,90.653,1,53,74.1897,1,60,28.6147
6,56,Dynamic,277.6,39.93,380.32,447.25,420.07,1,42,50.9863,1,42,51.13,1,53,69.123,1,55,25.0771
6,57,Offensive,171.54,134.24,371.74,74.18,209.02,1,21,23.5979,1,21,23.5979,1,21,37.9794,1,21,4.9543
6,57,Neutral,171.54,134.24,371.74,74.18,209.02,1,21,30.2646,1,21,30.2646,1,21,38.6461,1,21,6.6057
6,57,Defensive,171.54,134.24,371.74,74.18,209.02,1,21,43.5979,1,21,43.5979,1,21,39.9794,1,21,9.9085
6,57,Dynamic,171.54,134.24,371.74,74.18,209.02,1,21,23.9313,1,21,23.9313,1,21,38.0128,1,21,5.8973
6,58,Offensive,323.69,227.02,407.11,138.87,121.36,1,11,14.718,1,11,14.718,1,12,42.0801,1,11,5.0663
6,58,Neutral,323.69,227.02,407.11,138.87,121.36,1,10,17.9106,1,10,17.9106,1,12,42.4467,1,12,5.9588
6,58,Defensive,323.69,227.02,407.11,138.87,121.36,1,10,23.9106,1,10,23.9106,1,12,43.1801,1,12,8.9382
6,58,Dynamic,323.69,227.02,407.11,138.87,121.36,1,11,15.0514,1,11,15.0514,1,12,42.1134,1,11,6.0918
6,59,Offensive,277.41,80.48,293.11,201.83,122.36,1,13,14.3759,1,13,14.3759,1,15,18.8749,1,15,2.6379
6,59,Neutral,277.41,80.48,293.11,201.83,122.36,1,13,18.3759,1,13,18.3759,1,15,19.3416,1,14,4.0222
6,59,Defensive,277.41,80.48,293.11,201.83,122.36,1,13,26.3759,1,13,26.3759,1,15,20.2749,1,15,4.5088
6,59,Dynamic,277.41,80.48,293.11,201.83,122.36,1,13,14.7092,1,13,14.7092,1,15,18.9083,1,15,3.2204
6,60,Offensive,338.28,21.44,158.04,231.64,276.9,1,25,27.3282,1,29,29.0132,1,30,9.5105,1,29,4.5885
6,60,Neutral,338.28,21.44,158.04,231.64,276.9,1,25,35.3282,1,25,35.3282,1,30,10.4772,1,29,5.5156
6,60,Defensive,338.28,21.44,158.04,231.64,276.9,1,24,50.8401,1,24,50.8401,1,30,12.4105,1,29,7.6547
6,60,Dynamic,338.28,21.44,158.04,231.64,276.9,1,25,27.6616,1,29,29.0132,1,30,9.5105,1,29,4.5885
6,61,Offensive,392.18,235.15,230.92,23.31,266.25,1,22,21.0,1,22,21.0,1,22,2.1,1,22,1.7347
6,61,Neutral,392.18,235.15,230.92,23.31,266.25,1,22,28.0,1,22,28.0,1,22,2.8,1,22,2.3129
6,61,Defensive,392.18,235.15,230.92,23.31,266.25,1,22,42.0,1,22,42.0,1,22,4.2,1,22,3.4694
6,61,Dynamic,392.18,235.15,230.92,23.31,266.25,1,22,21.0,1,22,21.0,1,22,2.1,1,22,1.7347
6,62,Offensive,363.76,331.87,166.65,276.83,204.65,1,26,35.5591,1,26,35.5591,1,51,75.8817,1,31,14.0897
6,62,Neutral,363.76,331.87,166.65,276.83,204.65,1,25,43.8748,1,25,43.8748,1,51,77.5484,1,32,17.7991
6,62,Defensive,363.76,331.87,166.65,276.83,204.65,1,25,59.8748,1,25,59.8748,1,51,80.8817,1,32,23.2786
6,62,Dynamic,363.76,331.87,166.65,276.83,204.65,1,26,37.8925,1,26,37.8925,1,51,76.015,1,32,20.2172
6,63,Offensive,302.87,200.16,124.81,120.8,194.95,1,23,26.8448,1,23,26.8448,1,25,47.7073,1,24,9.1165
6,63,Neutral,302.87,200.16,124.81,120.8,194.95,1,23,34.1782,1,23,34.1782,1,25,48.5073,1,24,9.6028
6,63,Defensive,302.87,200.16,124.81,120.8,194.95,1,23,48.8448,1,23,48.8448,1,25,50.1073,1,24,13.7919
6,63,Dynamic,302.87,200.16,124.81,120.8,194.95,1,23,27.1782,1,23,27.1782,1,25,47.7406,1,24,10.2017
6,64,Offensive,355.1,371.37,377.97,149.65,222.9,1,28,28.7607,1,28,29.0337,1,32,14.0109,1,25,10.4084
6,64,Neutral,355.1,371.37,377.97,149.65,222.9,1,28,37.7607,1,28,37.7607,1,32,15.0443,1,25,13.8779
6,64,Defensive,355.1,371.37,377.97,149.65,222.9,1,27,55.6658,1,27,55.6658,1,32,17.1109,1,31,9.4244
6,64,Dynamic,355.1,371.37,377.97,149.65,222.9,1,28,28.7607,1,28,29.0337,1,32,14.0109,1,25,10.4084
6,65,Offensive,204.45,420.79,366.7,476.41,171.52,1,17,16.2639,1,17,16.2639,1,17,4.2393,1,17,1.1198
6,65,Neutral,204.45,420.79,366.7,476.41,171.52,1,17,21.5973,1,17,21.5973,1,17,4.7726,1,17,1.4931
6,65,Defensive,204.45,420.79,366.7,476.41,171.52,1,17,32.2639,1,17,32.2639,1,17,5.8393,1,17,2.2396
6,65,Dynamic,204.45,420.79,366.7,476.41,171.52,1,17,16.2639,1,17,16.2639,1,17,4.2393,1,17,1.1198
6,66,Offensive,416.22,295.27,468.49,64.83,236.29,1,24,30.3202,1,24,30.3202,1,24,75.5015,1,24,9.3243
6,66,Neutral,416.22,295.27,468.49,64.83,236.29,1,24,37.9868,1,24,37.9868,1,24,76.2682,1,24,12.4324
6,66,Defensive,416.22,295.27,468.49,64.83,236.29,1,24,53.3202,1,24,53.3202,1,24,77.8015,1,24,18.3335
6,66,Dynamic,416.22,295.27,468.49,64.83,236.29,1,24,31.3202,1,24,31.3202,1,24,75.6015,1,24,12.8371
6,67,Offensive,260.01,406.55,354.53,365.83,102.92,1,12,15.8781,1,12,15.8781,1,34,33.107,1,14,4.168
6,67,Neutral,260.01,406.55,354.53,365.83,102.92,1,12,19.5447,1,12,19.5447,1,34,34.207,1,14,5.5574
6,67,Defensive,260.01,406.55,354.53,365.83,102.92,1,10,26.2978,1,10,26.2978,1,34,36.407,1,14,8.3361
6,67,Dynamic,260.01,406.55,354.53,365.83,102.92,1,12,16.5447,1,12,16.5447,1,34,33.1404,1,14,5.1056
6,68,Offensive,203.02,477.79,439.0,292.71,299.9,1,26,46.3706,1,26,46.3706,1,34,158.2262,1,32,20.5464
6,68,Neutral,203.02,477.79,439.0,292.71,299.9,1,26,54.7039,1,26,54.7039,1,34,159.3262,1,32,27.3951
6,68,Defensive,203.02,477.79,439.0,292.71,299.9,1,25,71.1173,1,25,71.1173,1,34,161.5262,1,33,38.1037
6,68,Dynamic,203.02,477.79,439.0,292.71,299.9,1,28,48.8298,1,28,48.8298,1,34,158.4262,1,32,32.059
6,69,Offensive,377.1,349.54,166.6,134.89,300.64,1,32,46.8516,1,33,47.1027,1,55,65.9708,1,37,18.1179
6,69,Neutral,377.1,349.54,166.6,134.89,300.64,1,32,57.185,1,32,57.185,1,55,67.7708,1,48,18.8796
6,69,Defensive,377.1,349.54,166.6,134.89,300.64,1,23,73.6223,1,23,73.6223,1,55,71.3708,1,47,26.2972
6,69,Dynamic,377.1,349.54,166.6,134.89,300.64,1,36,48.5748,1,36,48.5748,1,55,66.1041,1,48,20.2172
6,70,Offensive,23.78,54.7,389.07,233.61,406.75,1,40,39.0,1,38,40.6372,1,40,3.9,1,40,8.8927
6,70,Neutral,23.78,54.7,389.07,233.61,406.75,1,40,52.0,1,40,52.0474,1,40,5.2,1,40,11.8569
6,70,Defensive,23.78,54.7,389.07,233.61,406.75,1,37,77.0559,1,37,77.0559,1,40,7.8,1,41,16.5697
6,70,Dynamic,23.78,54.7,389.07,233.61,406.75,1,40,39.0,1,38,40.6372,1,40,3.9,1,40,8.8927
6,71,Offensive,373.13,274.26,25.58,74.26,400.99,1,44,44.6758,1,39,44.9779,1,44,21.0581,1,43,10.1334
6,71,Neutral,373.13,274.26,25.58,74.26,400.99,1,39,57.4628,1,39,57.5617,1,44,22.4914,1,44,11.8314
6,71,Defensive,373.13,274.26,25.58,74.26,400.99,1,39,82.7962,1,39,82.7962,1,44,25.3581,1,44,17.747
6,71,Dynamic,373.13,274.26,25.58,74.26,400.99,1,44,45.0091,1,39,45.3112,1,44,21.0914,1,43,10.91
6,72,Offensive,452.27,377.88,393.5,81.65,302.0,1,31,30.0,1,30,30.1123,1,31,3.0,1,31,5.9561
6,72,Neutral,452.27,377.88,393.5,81.65,302.0,1,30,39.7104,1,30,39.7104,1,31,4.0,1,31,4.8307
6,72,Defensive,452.27,377.88,393.5,81.65,302.0,1,30,59.0437,1,30,59.0437,1,31,6.0,1,31,6.9616
6,72,Dynamic,452.27,377.88,393.5,81.65,302.0,1,31,30.0,1,30,30.1123,1,31,3.0,1,31,5.9561
6,73,Offensive,388.58,334.53,167.73,108.79,315.8,1,31,45.5668,1,31,47.6323,1,58,89.5369,1,41,17.5611
6,73,Neutral,388.58,334.53,167.73,108.79,315.8,1,31,55.5668,1,31,55.5668,1,58,91.4369,1,41,22.082
6,73,Defensive,388.58,334.53,167.73,108.79,315.8,1,31,75.5668,1,31,75.5668,1,58,95.2369,1,55,32.995
6,73,Dynamic,388.58,334.53,167.73,108.79,315.8,1,31,47.2335,1,31,47.2335,1,58,89.6036,1,41,19.3719
6,74,Offensive,268.68,250.76,272.23,424.65,173.93,1,18,21.8153,1,18,21.8153,1,20,33.1119,1,20,4.5063
6,74,Neutral,268.68,250.76,272.23,424.65,173.93,1,18,27.482,1,18,27.482,1,20,33.7452,1,20,6.0084
6,74,Defensive,268.68,250.76,272.23,424.65,173.93,1,18,38.8153,1,18,38.8153,1,20,35.0119,1,20,9.0126
6,74,Dynamic,268.68,250.76,272.23,424.65,173.93,1,20,22.4545,1,20,22.4545,1,20,33.1452,1,20,5.204
6,75,Offensive,254.02,215.91,463.93,304.22,227.73,1,27,36.9718,1,27,36.975,1,39,42.689,1,29,13.2471
6,75,Neutral,254.02,215.91,463.93,304.22,227.73,1,27,45.6385,1,27,45.6385,1,39,43.9557,1,29,16.3951
6,75,Defensive,254.02,215.91,463.93,304.22,227.73,1,27,62.9718,1,27,62.9718,1,39,46.489,1,38,16.0695
6,75,Dynamic,254.02,215.91,463.93,304.22,227.73,1,27,38.3052,1,27,38.3084,1,39,42.7224,1,29,16.3573
6,76,Offensive,34.96,80.49,343.64,51.9,310.0,1,34,34.6696,1,34,34.7169,1,34,19.9958,1,35,6.8847
6,76,Neutral,34.96,80.49,343.64,51.9,310.0,1,32,45.3522,1,32,45.3522,1,34,21.0958,1,35,8.337
6,76,Defensive,34.96,80.49,343.64,51.9,310.0,1,32,66.0189,1,32,66.0189,1,34,23.2958,1,35,11.3122
6,76,Dynamic,34.96,80.49,343.64,51.9,310.0,1,34,35.0029,1,34,35.0503,1,34,20.0291,1,35,7.4412
6,77,Offensive,278.14,223.28,340.07,407.33,194.19,1,21,25.664,1,21,25.664,1,23,53.1542,1,21,7.1262
6,77,Neutral,278.14,223.28,340.07,407.33,194.19,1,21,32.3307,1,21,32.3307,1,23,53.8875,1,21,9.5015
6,77,Defensive,278.14,223.28,340.07,407.33,194.19,1,19,44.3832,1,19,44.3832,1,23,55.3542,1,21,14.1745
6,77,Dynamic,278.14,223.28,340.07,407.33,194.19,1,21,26.3307,1,21,26.3307,1,23,53.2208,1,21,8.5562
6,78,Offensive,404.91,476.71,221.4,391.43,202.36,1,19,20.0236,1,19,20.6057,1,22,19.4036,1,19,3.8727
6,78,Neutral,404.91,476.71,221.4,391.43,202.36,1,19,26.0236,1,19,26.0236,1,22,20.1036,1,19,5.1636
6,78,Defensive,404.91,476.71,221.4,391.43,202.36,1,19,38.0236,1,19,38.0236,1,22,21.5036,1,21,6.7729
6,78,Dynamic,404.91,476.71,221.4,391.43,202.36,1,19,20.357,1,19,20.9391,1,22,19.437,1,19,4.4495
6,79,Offensive,214.21,188.64,229.88,80.42,109.34,1,11,10.0,1,11,10.0,1,11,1.0,1,11,0.3182
6,79,Neutral,214.21,188.64,229.88,80.42,109.34,1,11,13.3333,1,11,13.3333,1,11,1.3333,1,11,0.4243
6,79,Defensive,214.21,188.64,229.88,80.42,109.34,1,11,20.0,1,11,20.0,1,11,2.0,1,11,0.6364
6,79,Dynamic,214.21,188.64,229.88,80.42,109.34,1,11,10.0,1,11,10.0,1,11,1.0,1,11,0.3182
6,80,Offensive,420.36,223.37,106.79,302.33,323.36,1,33,32.0491,1,33,32.3221,1,33,3.6909,1,33,5.51
6,80,Neutral,420.36,223.37,106.79,302.33,323.36,1,33,42.7158,1,33,42.7158,1,33,4.7576,1,34,5.1033
6,80,Defensive,420.36,223.37,106.79,302.33,323.36,1,33,64.0491,1,33,64.0491,1,33,6.8909,1,34,7.6549
6,80,Dynamic,420.36,223.37,106.79,302.33,323.36,1,33,32.0491,1,33,32.3221,1,33,3.6909,1,33,5.51
6,81,Offensive,60.73,141.79,427.0,386.86,440.69,1,39,49.362,1,40,50.3125,1,65,14.8703,1,45,17.6858
6,81,Neutral,60.73,141.79,427.0,386.86,440.69,1,39,62.0287,1,39,62.0292,1,65,17.0036,1,56,14.6337
6,81,Defensive,60.73,141.79,427.0,386.86,440.69,1,38,87.2672,1,38,87.2672,1,65,21.2703,1,56,21.9506
6,81,Dynamic,60.73,141.79,427.0,386.86,440.69,1,39,50.0292,1,40,50.1928,1,65,14.8703,1,46,16.3624
6,82,Offensive,110.7,349.6,24.8,208.63,165.08,1,15,18.0461,1,15,18.0461,1,15,41.8614,1,15,4.7552
6,82,Neutral,110.7,349.6,24.8,208.63,165.08,1,15,22.7128,1,15,22.7128,1,15,42.3281,1,15,6.3402
6,82,Defensive,110.7,349.6,24.8,208.63,165.08,1,15,32.0461,1,15,32.0461,1,15,43.2614,1,15,9.5104
6,82,Dynamic,110.7,349.6,24.8,208.63,165.08,1,15,18.3795,1,15,18.3795,1,15,41.8948,1,15,5.8883
6,83,Offensive,188.51,192.79,172.72,52.35,141.33,1,15,21.601,1,15,21.7438,1,15,77.4102,1,15,10.2951
6,83,Neutral,188.51,192.79,172.72,52.35,141.33,1,15,26.2677,1,15,26.2677,1,15,77.8769,1,15,11.2593
6,83,Defensive,188.51,192.79,172.72,52.35,141.33,1,15,35.601,1,15,35.601,1,15,78.8102,1,15,16.8889
6,83,Dynamic,188.51,192.79,172.72,52.35,141.33,1,15,22.9344,1,15,23.0771,1,15,77.5435,1,15,15.164
6,84,Offensive,38.99,394.35,31.94,94.09,300.34,1,31,32.1835,1,31,32.4046,1,61,17.7427,1,31,5.5244
6,84,Neutral,38.99,394.35,31.94,94.09,300.34,1,31,42.1835,1,31,42.1835,1,61,19.7427,1,31,7.3658
6,84,Defensive,38.99,394.35,31.94,94.09,300.34,1,31,62.1835,1,31,62.1835,1,61,23.7427,1,31,10.612
6,84,Dynamic,38.99,394.35,31.94,94.09,300.34,1,31,32.5169,1,31,32.7379,1,61,17.7427,1,31,6.1103
6,85,Offensive,360.42,155.74,66.16,100.21,299.45,1,31,34.5092,1,31,34.6081,1,35,11.1125,1,35,7.6925
6,85,Neutral,360.42,155.74,66.16,100.21,299.45,1,31,44.5092,1,31,44.6081,1,35,12.2458,1,35,10.2567
6,85,Defensive,360.42,155.74,66.16,100.21,299.45,1,31,64.5092,1,31,64.5092,1,35,14.5125,1,35,14.7726
6,85,Dynamic,360.42,155.74,66.16,100.21,299.45,1,31,34.5092,1,31,34.6081,1,35,11.1125,1,35,7.6925
6,86,Offensive,180.99,169.81,123.98,443.58,279.64,1,39,42.8655,1,39,42.9271,1,40,50.3132,1,36,15.091
6,86,Neutral,180.99,169.81,123.98,443.58,279.64,1,33,54.5937,1,33,54.5937,1,40,51.6132,1,43,14.3115
6,86,Defensive,180.99,169.81,123.98,443.58,279.64,1,31,74.9247,1,31,74.9247,1,40,54.2132,1,51,18.4582
6,86,Dynamic,180.99,169.81,123.98,443.58,279.64,1,39,43.8655,1,39,43.9271,1,40,50.4132,1,43,14.2802
6,87,Offensive,141.18,300.27,377.54,400.92,256.9,1,24,26.1273,1,24,26.1273,1,42,18.5846,1,25,4.6115
6,87,Neutral,141.18,300.27,377.54,400.92,256.9,1,24,33.794,1,24,33.794,1,42,19.9513,1,25,5.8546
6,87,Defensive,141.18,300.27,377.54,400.92,256.9,1,24,49.1273,1,24,49.1273,1,42,22.6846,1,26,7.9953
6,87,Dynamic,141.18,300.27,377.54,400.92,256.9,1,24,26.1273,1,24,26.1273,1,42,18.5846,1,25,4.6115
6,88,Offensive,29.18,140.84,466.1,136.08,436.94,1,49,48.0,1,49,48.223,1,49,4.8,1,49,12.8648
6,88,Neutral,29.18,140.84,466.1,136.08,436.94,1,49,64.0,1,49,64.0,1,49,6.4,1,52,12.3572
6,88,Defensive,29.18,140.84,466.1,136.08,436.94,1,49,96.0,1,49,96.0,1,49,9.6,1,50,17.4684
6,88,Dynamic,29.18,140.84,466.1,136.08,436.94,1,49,48.0,1,49,48.223,1,49,4.8,1,49,12.8648
6,89,Offensive,273.49,325.37,53.81,73.24,334.41,1,26,37.3255,1,26,37.651,1,46,4.5,1,28,13.7798
6,89,Neutral,273.49,325.37,53.81,73.24,334.41,1,26,45.6588,1,26,45.6588,1,46,6.0,1,39,12.8339
6,89,Defensive,273.49,325.37,53.81,73.24,334.41,1,26,62.3255,1,26,62.3255,1,46,9.0,1,39,15.185
6,89,Dynamic,273.49,325.37,53.81,73.24,334.41,1,26,37.9927,1,26,38.651,1,46,4.5,1,38,10.1206
6,90,Offensive,71.56,281.22,193.8,298.35,123.44,1,13,22.7144,1,13,22.7144,1,15,90.4458,1,13,11.253
6,90,Neutral,71.56,281.22,193.8,298.35,123.44,1,13,26.7144,1,13,26.7144,1,15,90.9124,1,14,13.842
6,90,Defensive,71.56,281.22,193.8,298.35,123.44,1,13,34.7144,1,13,34.7144,1,15,91.8458,1,15,19.2451
6,90,Dynamic,71.56,281.22,193.8,298.35,123.44,1,14,24.09,1,14,24.09,1,15,90.5791,1,14,16.1025
6,91,Offensive,285.89,215.69,443.16,99.2,195.71,1,20,19.7051,1,20,20.2828,1,20,8.9508,1,20,3.1116
6,91,Neutral,285.89,215.69,443.16,99.2,195.71,1,20,26.0384,1,20,26.0384,1,20,9.5841,1,20,4.1487
6,91,Defensive,285.89,215.69,443.16,99.2,195.71,1,20,38.7051,1,20,38.7051,1,20,10.8508,1,20,4.2636
6,91,Dynamic,285.89,215.69,443.16,99.2,195.71,1,20,19.7051,1,20,20.2828,1,20,8.9508,1,20,3.1116
6,92,Offensive,53.49,413.05,98.87,139.02,277.76,1,31,42.8062,1,31,42.8062,1,82,49.192,1,32,16.0926
6,92,Neutral,53.49,413.05,98.87,139.02,277.76,1,31,52.8062,1,31,52.8062,1,82,51.892,1,32,21.4568
6,92,Defensive,53.49,413.05,98.87,139.02,277.76,1,31,72.8062,1,31,72.8062,1,82,57.292,1,44,26.216
6,92,Dynamic,53.49,413.05,98.87,139.02,277.76,1,31,43.8062,1,31,43.8062,1,82,49.2254,1,33,18.3594
6,93,Offensive,112.11,339.63,321.94,183.08,261.79,1,27,26.7382,1,28,27.4964,1,28,2.7,1,27,4.9958
6,93,Neutral,112.11,339.63,321.94,183.08,261.79,1,27,35.4048,1,27,35.6201,1,28,3.6,1,27,6.6611
6,93,Defensive,112.11,339.63,321.94,183.08,261.79,1,27,52.7382,1,27,52.7382,1,28,5.4,1,27,7.1519
6,93,Dynamic,112.11,339.63,321.94,183.08,261.79,1,27,26.7382,1,28,27.4964,1,28,2.7,1,27,4.9958
6,94,Offensive,88.99,32.15,197.77,108.08,132.65,1,21,21.1237,1,21,21.171,1,21,13.2366,1,20,3.7938
6,94,Neutral,88.99,32.15,197.77,108.08,132.65,1,21,27.7903,1,21,27.7903,1,21,13.9033,1,21,3.2778
6,94,Defensive,88.99,32.15,197.77,108.08,132.65,1,13,37.7773,1,13,37.7773,1,21,15.2366,1,21,4.9166
6,94,Dynamic,88.99,32.15,197.77,108.08,132.65,1,21,21.1237,1,21,21.171,1,21,13.2366,1,20,3.7938
6,95,Offensive,173.52,224.35,62.72,311.24,140.8,1,13,12.7749,1,13,12.7749,1,14,1.3,1,13,1.7764
6,95,Neutral,173.52,224.35,62.72,311.24,140.8,1,13,16.7749,1,13,16.7749,1,14,1.7333,1,13,2.3685
6,95,Defensive,173.52,224.35,62.72,311.24,140.8,1,13,24.7749,1,13,24.7749,1,14,2.6,1,14,1.4455
6,95,Dynamic,173.52,224.35,62.72,311.24,140.8,1,13,12.7749,1,13,12.7749,1,14,1.3,1,13,1.7764
6,96,Offensive,418.68,301.96,437.4,277.16,31.08,1,4,18.1481,1,4,18.1481,1,4,151.7813,1,4,15.1781
6,96,Neutral,418.68,301.96,437.4,277.16,31.08,1,4,19.1481,1,4,19.1481,1,4,151.8813,1,4,20.2375
6,96,Defensive,418.68,301.96,437.4,277.16,31.08,1,4,21.1481,1,4,21.1481,1,4,152.0813,1,4,30.3563
6,96,Dynamic,418.68,301.96,437.4,277.16,31.08,1,4,20.1481,1,4,20.1481,1,4,151.9813,1,6,28.0988
6,97,Offensive,144.24,110.95,447.45,457.09,460.16,1,40,50.2127,1,40,50.9334,1,54,24.9099,1,50,15.5287
6,97,Neutral,144.24,110.95,447.45,457.09,460.16,1,40,63.2127,1,40,63.3121,1,54,26.6765,1,50,17.6963
6,97,Defensive,144.24,110.95,447.45,457.09,460.16,1,39,89.1179,1,39,89.1179,1,54,30.2099,1,51,23.1312
6,97,Dynamic,144.24,110.95,447.45,457.09,460.16,1,40,50.8799,1,52,54.0319,1,54,24.9099,1,50,15.5287
6,98,Offensive,362.49,94.11,479.37,131.72,122.79,1,12,11.0,1,12,11.1287,1,12,1.1,1,12,1.0859
6,98,Neutral,362.49,94.11,479.37,131.72,122.79,1,12,14.6667,1,12,14.6667,1,12,1.4667,1,12,1.4479
6,98,Defensive,362.49,94.11,479.37,131.72,122.79,1,12,22.0,1,12,22.0,1,12,2.2,1,12,1.4453
6,98,Dynamic,362.49,94.11,479.37,131.72,122.79,1,12,11.0,1,12,11.1287,1,12,1.1,1,12,1.0859
6,99,Offensive,206.18,417.94,280.33,143.51,284.27,1,31,31.4942,1,31,32.1769,1,32,17.426,1,31,5.7285
6,99,Neutral,206.18,417.94,280.33,143.51,284.27,1,28,40.7881,1,28,40.7881,1,32,18.4593,1,31,7.5334
6,99,Defensive,206.18,417.94,280.33,143.51,284.27,1,28,58.7881,1,28,58.7881,1,32,20.526,1,31,10.1075
6,99,Dynamic,206.18,417.94,280.33,143.51,284.27,1,31,31.4942,1,31,32.1769,1,32,17.426,1,31,5.7285
6,100,Offensive,22.04,130.18,51.82,170.09,49.8,1,5,12.2632,1,5,12.2632,1,16,42.1608,1,5,8.3232
6,100,Neutral,22.04,130.18,51.82,170.09,49.8,1,5,13.5966,1,5,13.5966,1,16,42.6608,1,16,6.2408
6,100,Defensive,22.04,130.18,51.82,170.09,49.8,1,5,16.2632,1,5,16.2632,1,16,43.6608,1,16,9.3612
6,100,Dynamic,22.04,130.18,51.82,170.09,49.8,1,5,13.2632,1,5,13.2632,1,16,42.1941,1,15,6.6666
7,1,Offensive,294.01,341.83,199.54,112.05,248.44,1,33,34.456,1,33,35.0577,1,33,27.7605,1,37,8.977
7,1,Neutral,294.01,341.83,199.54,112.05,248.44,1,32,45.029,1,32,45.029,1,33,28.8272,1,38,9.2009
7,1,Defensive,294.01,341.83,199.54,112.05,248.44,1,31,65.2118,1,31,65.2118,1,33,30.9605,1,40,12.4929
7,1,Dynamic,294.01,341.83,199.54,112.05,248.44,1,33,34.7894,1,33,35.3911,1,33,27.7938,1,37,9.7957
7,2,Offensive,114.31,355.44,265.71,190.03,224.24,1,20,23.6554,1,20,23.6554,1,20,48.4536,1,19,7.5927
7,2,Neutral,114.31,355.44,265.71,190.03,224.24,1,20,29.9887,1,20,29.9887,1,20,49.0869,1,20,8.5292
7,2,Defensive,114.31,355.44,265.71,190.03,224.24,1,19,42.3906,1,19,42.3906,1,20,50.3536,1,20,11.796
7,2,Dynamic,114.31,355.44,265.71,190.03,224.24,1,20,23.9887,1,20,23.9887,1,20,48.4869,1,19,8.7222
7,3,Offensive,303.87,348.95,150.37,333.8,154.24,1,18,18.0806,1,18,18.3593,1,18,12.5056,1,18,2.5897
7,3,Neutral,303.87,348.95,150.37,333.8,154.24,1,18,23.7472,1,18,23.7472,1,18,13.0722,1,18,3.453
7,3,Defensive,303.87,348.95,150.37,333.8,154.24,1,18,35.0806,1,18,35.0806,1,18,14.2056,1,18,5.1795
7,3,Dynamic,303.87,348.95,150.37,333.8,154.24,1,18,18.0806,1,18,18.3593,1,18,12.5056,1,18,2.5897
7,4,Offensive,25.18,261.99,311.93,272.88,286.96,1,30,31.044,1,30,31.0512,1,32,21.011,1,30,9.8733
7,4,Neutral,25.18,261.99,311.93,272.88,286.96,1,30,40.7106,1,30,40.7106,1,32,22.0444,1,32,7.5298
7,4,Defensive,25.18,261.99,311.93,272.88,286.96,1,30,60.044,1,30,60.044,1,32,24.111,1,34,10.1877
7,4,Dynamic,25.18,261.99,311.93,272.88,286.96,1,30,31.3773,1,30,31.3845,1,32,21.0444,1,31,7.5812
7,5,Offensive,38.83,135.65,425.99,21.68,403.59,1,45,44.4499,1,45,46.5452,1,46,4.5,1,49,9.7442
7,5,Neutral,38.83,135.65,425.99,21.68,403.59,1,45,59.1166,1,45,59.1166,1,46,6.0,1,49,12.9923
7,5,Defensive,38.83,135.65,425.99,21.68,403.59,1,40,87.8525,1,40,87.8525,1,46,9.0,1,50,15.9098
7,5,Dynamic,38.83,135.65,425.99,21.68,403.59,1,45,44.4499,1,45,46.5452,1,46,4.5,1,49,9.7442
7,6,Offensive,321.85,316.24,314.39,198.91,117.56,1,13,13.6203,1,13,13.6203,1,15,1.4,1,13,2.1012
7,6,Neutral,321.85,316.24,314.39,198.91,117.56,1,13,17.6203,1,13,17.6203,1,15,1.8667,1,13,2.8017
7,6,Defensive,321.85,316.24,314.39,198.91,117.56,1,13,25.6203,1,13,25.6203,1,15,2.8,1,15,1.4147
7,6,Dynamic,321.85,316.24,314.39,198.91,117.56,1,13,13.6203,1,13,13.6203,1,15,1.4,1,13,2.1012
7,7,Offensive,142.05,254.2,159.54,357.53,104.81,1,11,14.468,1,11,14.468,1,11,45.6797,1,11,4.7924
7,7,Neutral,142.05,254.2,159.54,357.53,104.81,1,11,17.8013,1,11,17.8013,1,11,46.013,1,11,6.3898
7,7,Defensive,142.05,254.2,159.54,357.53,104.81,1,11,24.468,1,11,24.468,1,11,46.6797,1,11,9.5847
7,7,Dynamic,142.05,254.2,159.54,357.53,104.81,1,11,15.468,1,11,15.468,1,11,45.7797,1,11,8.6122
7,8,Offensive,171.9,244.93,274.65,346.06,144.17,1,13,13.5639,1,13,13.5639,1,15,16.384,1,12,3.532
7,8,Neutral,171.9,244.93,274.65,346.06,144.17,1,13,17.5639,1,13,17.5639,1,15,16.8507,1,13,2.7412
7,8,Defensive,171.9,244.93,274.65,346.06,144.17,1,11,24.7806,1,11,24.7806,1,15,17.784,1,13,4.1118
7,8,Dynamic,171.9,244.93,274.65,346.06,144.17,1,13,13.5639,1,13,13.5639,1,15,16.384,1,12,3.532
7,9,Offensive,424.39,233.65,434.12,120.82,113.25,1,12,11.2798,1,12,11.4048,1,29,2.8,1,12,0.8205
7,9,Neutral,424.39,233.65,434.12,120.82,113.25,1,12,14.9464,1,12,14.9464,1,29,3.7333,1,12,1.094
7,9,Defensive,424.39,233.65,434.12,120.82,113.25,1,12,22.2798,1,12,22.2798,1,12,4.9975,1,12,1.641
7,9,Dynamic,424.39,233.65,434.12,120.82,113.25,1,12,11.2798,1,12,11.4048,1,29,2.8,1,12,0.8205
7,10,Offensive,297.02,95.05,239.76,92.31,57.32,1,7,6.0,1,7,6.0,1,7,0.6,1,7,0.1061
7,10,Neutral,297.02,95.05,239.76,92.31,57.32,1,7,8.0,1,7,8.0,1,7,0.8,1,7,0.1414
7,10,Defensive,297.02,95.05,239.76,92.31,57.32,1,7,12.0,1,7,12.0,1,7,1.2,1,7,0.2121
7,10,Dynamic,297.02,95.05,239.76,92.31,57.32,1,7,6.0,1,7,6.0,1,7,0.6,1,7,0.1061
7,11,Offensive,469.3,117.64,475.31,117.57,6.01,1,2,1.0,1,2,1.0,1,2,0.1,1,2,0.0
7,11,Neutral,469.3,117.64,475.31,117.57,6.01,1,2,1.3333,1,2,1.3333,1,2,0.1333,1,2,0.0
7,11,Defensive,469.3,117.64,475.31,117.57,6.01,1,2,2.0,1,2,2.0,1,2,0.2,1,2,0.0
7,11,Dynamic,469.3,117.64,475.31,117.57,6.01,1,2,1.0,1,2,1.0,1,2,0.1,1,2,0.0
7,12,Offensive,30.28,193.97,263.02,164.92,234.55,1,25,30.9146,1,26,31.2179,1,28,48.9213,1,42,9.6965
7,12,Neutral,30.28,193.97,263.02,164.92,234.55,1,25,38.9146,1,25,38.9146,1,28,49.8213,1,39,11.3402
7,12,Defensive,30.28,193.97,263.02,164.92,234.55,1,25,54.9146,1,25,54.9146,1,28,51.6213,1,40,15.1132
7,12,Dynamic,30.28,193.97,263.02,164.92,234.55,1,25,31.5813,1,26,31.8846,1,28,48.988,1,42,11.1597
7,13,Offensive,43.96,384.91,209.54,291.08,190.31,1,21,22.834,1,21,22.8412,1,22,28.9967,1,21,4.2376
7,13,Neutral,43.96,384.91,209.54,291.08,190.31,1,17,28.5425,1,17,28.5425,1,22,29.6967,1,21,5.6501
7,13,Defensive,43.96,384.91,209.54,291.08,190.31,1,17,39.2092,1,17,39.2092,1,22,31.0967,1,21,8.4752
7,13,Dynamic,43.96,384.91,209.54,291.08,190.31,1,21,23.1673,1,21,23.1745,1,22,29.0301,1,21,5.1784
7,14,Offensive,187.0,83.06,383.69,263.11,266.65,1,28,27.0,1,28,27.7224,1,28,2.7,1,27,6.2847
7,14,Neutral,187.0,83.06,383.69,263.11,266.65,1,28,36.0,1,28,36.0,1,28,3.6,1,27,6.9403
7,14,Defensive,187.0,83.06,383.69,263.11,266.65,1,26,52.8689,1,26,52.8689,1,28,5.4,1,28,5.4864
7,14,Dynamic,187.0,83.06,383.69,263.11,266.65,1,28,27.0,1,28,27.7224,1,28,2.7,1,27,6.2847
7,15,Offensive,412.03,384.82,268.3,139.38,284.43,1,40,39.3943,1,40,39.7306,1,42,5.8944,1,38,10.3926
7,15,Neutral,412.03,384.82,268.3,139.38,284.43,1,40,52.3943,1,40,52.3943,1,42,7.261,1,40,9.163
7,15,Defensive,412.03,384.82,268.3,139.38,284.43,1,27,74.0834,1,27,74.0834,1,42,9.9944,1,40,12.3012
7,15,Dynamic,412.03,384.82,268.3,139.38,284.43,1,40,39.3943,1,40,39.7306,1,42,5.8944,1,38,10.3926
7,16,Offensive,306.92,371.3,100.03,214.83,259.4,1,32,43.5647,1,32,43.5647,1,34,126.2602,1,32,17.1237
7,16,Neutral,306.92,371.3,100.03,214.83,259.4,1,32,53.898,1,32,53.898,1,34,127.3602,1,32,22.119
7,16,Defensive,306.92,371.3,100.03,214.83,259.4,1,24,71.0464,1,24,71.0464,1,34,129.5602,1,34,30.2148
7,16,Dynamic,306.92,371.3,100.03,214.83,259.4,1,32,45.5647,1,32,45.5647,1,34,126.4602,1,32,28.6414
7,17,Offensive,362.19,282.94,95.15,176.32,287.54,1,28,27.0,1,28,27.0,1,28,2.7,1,28,2.6627
7,17,Neutral,362.19,282.94,95.15,176.32,287.54,1,28,36.0,1,28,36.0,1,28,3.6,1,28,3.5503
7,17,Defensive,362.19,282.94,95.15,176.32,287.54,1,28,54.0,1,28,54.0,1,28,5.4,1,28,5.2297
7,17,Dynamic,362.19,282.94,95.15,176.32,287.54,1,28,27.0,1,28,27.0,1,28,2.7,1,28,2.6627
7,18,Offensive,351.97,92.46,104.59,264.9,301.56,1,31,37.5291,1,31,37.8084,1,41,37.7293,1,42,16.0323
7,18,Neutral,351.97,92.46,104.59,264.9,301.56,1,31,47.5291,1,31,47.5291,1,41,39.0626,1,31,15.3701
7,18,Defensive,351.97,92.46,104.59,264.9,301.56,1,31,67.5291,1,31,67.5291,1,41,41.7293,1,42,15.0891
7,18,Dynamic,351.97,92.46,104.59,264.9,301.56,1,31,38.5291,1,31,38.8084,1,41,37.7626,1,31,13.6603
7,19,Offensive,165.36,65.49,416.59,225.22,297.71,1,33,32.0,1,33,32.7224,1,33,3.2,1,32,5.656
7,19,Neutral,165.36,65.49,416.59,225.22,297.71,1,33,42.6667,1,33,42.6667,1,33,4.2667,1,33,4.604
7,19,Defensive,165.36,65.49,416.59,225.22,297.71,1,26,60.8949,1,26,60.8949,1,33,6.4,1,33,6.3374
7,19,Dynamic,165.36,65.49,416.59,225.22,297.71,1,33,32.0,1,33,32.7224,1,33,3.2,1,32,5.656
7,20,Offensive,385.71,301.13,330.38,137.31,172.91,1,18,17.0,1,18,17.0,1,18,1.7,1,18,0.97
7,20,Neutral,385.71,301.13,330.38,137.31,172.91,1,18,22.6667,1,18,22.6667,1,18,2.2667,1,18,1.2934
7,20,Defensive,385.71,301.13,330.38,137.31,172.91,1,18,34.0,1,18,34.0,1,18,3.4,1,18,1.9401
7,20,Dynamic,385.71,301.13,330.38,137.31,172.91,1,18,17.0,1,18,17.0,1,18,1.7,1,18,0.97
7,21,Offensive,21.29,372.83,446.73,47.66,535.47,1,45,44.5942,1,45,44.6014,1,47,4.6,1,45,10.2844
7,21,Neutral,21.29,372.83,446.73,47.66,535.47,1,45,59.2609,1,45,59.2681,1,47,6.1333,1,45,12.8515
7,21,Defensive,21.29,372.83,446.73,47.66,535.47,1,44,88.5233,1,44,88.5233,1,47,9.2,1,45,18.2758
7,21,Dynamic,21.29,372.83,446.73,47.66,535.47,1,45,44.5942,1,45,44.6014,1,47,4.6,1,45,10.2844
7,22,Offensive,197.18,373.72,58.57,405.62,142.24,1,15,19.8174,1,15,19.8174,1,15,59.5742,1,15,6.5773
7,22,Neutral,197.18,373.72,58.57,405.62,142.24,1,15,24.4841,1,15,24.4841,1,15,60.0408,1,15,8.7697
7,22,Defensive,197.18,373.72,58.57,405.62,142.24,1,15,33.8174,1,15,33.8174,1,15,60.9742,1,15,13.1545
7,22,Dynamic,197.18,373.72,58.57,405.62,142.24,1,15,20.4841,1,15,20.4841,1,15,59.6408,1,15,8.2952
7,23,Offensive,440.54,274.07,210.42,56.8,316.48,1,32,31.1674,1,32,31.5763,1,32,4.7741,1,35,5.488
7,23,Neutral,440.54,274.07,210.42,56.8,316.48,1,32,41.5007,1,32,41.5007,1,32,5.8075,1,35,7.3173
7,23,Defensive,440.54,274.07,210.42,56.8,316.48,1,24,57.0623,1,24,57.0623,1,32,7.8741,1,35,9.9185
7,23,Dynamic,440.54,274.07,210.42,56.8,316.48,1,32,31.1674,1,32,31.5763,1,32,4.7741,1,35,5.488
7,24,Offensive,126.48,222.49,201.92,353.45,151.13,1,20,36.3134,1,19,36.334,1,34,154.3399,1,24,17.9457
7,24,Neutral,126.48,222.49,201.92,353.45,151.13,1,19,42.334,1,19,42.334,1,34,155.4399,1,24,23.6674
7,24,Defensive,126.48,222.49,201.92,353.45,151.13,1,19,54.334,1,19,54.334,1,34,157.6399,1,26,33.8493
7,24,Dynamic,126.48,222.49,201.92,353.45,151.13,1,20,39.3134,1,19,39.334,1,34,154.6066,1,24,28.4889
7,25,Offensive,207.5,335.78,408.07,35.95,360.74,1,31,31.8405,1,31,32.2375,1,32,17.0056,1,31,5.6913
7,25,Neutral,207.5,335.78,408.07,35.95,360.74,1,31,41.8405,1,31,41.8405,1,32,18.039,1,31,7.3183
7,25,Defensive,207.5,335.78,408.07,35.95,360.74,1,31,61.8405,1,31,61.8405,1,32,20.1056,1,31,10.9775
7,25,Dynamic,207.5,335.78,408.07,35.95,360.74,1,31,31.8405,1,31,32.2375,1,32,17.0056,1,31,5.6913
7,26,Offensive,367.11,461.67,218.76,418.07,154.62,1,16,15.9058,1,16,15.9135,1,16,10.5583,1,16,1.6785
7,26,Neutral,367.11,461.67,218.76,418.07,154.62,1,16,20.9058,1,16,20.9058,1,16,11.0583,1,16,2.238
7,26,Defensive,367.11,461.67,218.76,418.07,154.62,1,16,30.9058,1,16,30.9058,1,16,12.0583,1,16,3.357
7,26,Dynamic,367.11,461.67,218.76,418.07,154.62,1,16,15.9058,1,16,15.9135,1,16,10.5583,1,16,1.6785
7,27,Offensive,310.49,193.05,192.43,394.1,233.15,1,21,31.4995,1,21,31.4995,1,30,69.3712,1,30,10.1941
7,27,Neutral,310.49,193.05,192.43,394.1,233.15,1,21,38.1661,1,21,38.1661,1,30,70.3379,1,30,13.5922
7,27,Defensive,310.49,193.05,192.43,394.1,233.15,1,21,51.4995,1,21,51.4995,1,30,72.2712,1,31,18.4823
7,27,Dynamic,310.49,193.05,192.43,394.1,233.15,1,25,33.5154,1,25,33.5154,1,30,69.5046,1,30,15.2105
7,28,Offensive,157.66,449.51,455.9,359.28,311.59,1,36,40.9145,1,36,41.212,1,38,52.2989,1,39,10.902
7,28,Neutral,157.66,449.51,455.9,359.28,311.59,1,36,52.5812,1,36,52.5812,1,38,53.5322,1,39,13.346
7,28,Defensive,157.66,449.51,455.9,359.28,311.59,1,35,75.5026,1,35,75.5026,1,38,55.9989,1,39,19.7247
7,28,Dynamic,157.66,449.51,455.9,359.28,311.59,1,36,42.2479,1,36,42.5453,1,38,52.3989,1,39,14.7983
7,29,Offensive,65.07,39.96,67.8,412.98,373.03,1,39,40.3591,1,39,40.3591,1,45,4.7488,1,39,8.2096
7,29,Neutral,65.07,39.96,67.8,412.98,373.03,1,39,53.0257,1,39,53.0257,1,45,6.2155,1,39,10.9462
7,29,Defensive,65.07,39.96,67.8,412.98,373.03,1,39,78.3591,1,39,78.3591,1,45,9.1488,1,40,13.7347
7,29,Dynamic,65.07,39.96,67.8,412.98,373.03,1,39,40.3591,1,39,40.3591,1,45,4.7488,1,39,8.2096
7,30,Offensive,380.76,69.73,191.66,244.56,257.53,1,25,28.1793,1,25,28.1793,1,30,15.1946,1,28,4.7387
7,30,Neutral,380.76,69.73,191.66,244.56,257.53,1,25,36.1793,1,25,36.1793,1,30,16.1613,1,28,6.3183
7,30,Defensive,380.76,69.73,191.66,244.56,257.53,1,25,52.1793,1,25,52.1793,1,30,18.0946,1,28,9.4775
7,30,Dynamic,380.76,69.73,191.66,244.56,257.53,1,25,28.5126,1,25,28.5126,1,30,15.1946,1,28,4.7387
7,31,Offensive,323.52,294.0,68.53,248.56,259.0,1,34,36.7363,1,30,36.7955,1,37,22.7061,1,29,13.4035
7,31,Neutral,323.52,294.0,68.53,248.56,259.0,1,27,45.7391,1,27,45.7391,1,37,23.9061,1,38,8.8291
7,31,Defensive,323.52,294.0,68.53,248.56,259.0,1,27,63.0725,1,27,63.0725,1,37,26.3061,1,37,11.3399
7,31,Dynamic,323.52,294.0,68.53,248.56,259.0,1,34,36.7363,1,34,36.9566,1,37,22.7061,1,36,10.247
7,32,Offensive,405.82,209.01,154.09,463.68,358.08,1,34,33.0,1,34,33.2229,1,34,3.3,1,33,7.3397
7,32,Neutral,405.82,209.01,154.09,463.68,358.08,1,33,43.9063,1,34,44.042,1,34,4.4,1,34,5.7579
7,32,Defensive,405.82,209.01,154.09,463.68,358.08,1,31,64.3897,1,31,64.3897,1,34,6.6,1,34,8.6369
7,32,Dynamic,405.82,209.01,154.09,463.68,358.08,1,34,33.0,1,34,33.2229,1,34,3.3,1,33,7.3397
7,33,Offensive,375.9,258.85,202.8,384.02,213.61,1,21,26.3611,1,20,26.7816,1,21,65.6111,1,20,9.1186
7,33,Neutral,375.9,258.85,202.8,384.02,213.61,1,20,32.9341,1,20,32.9341,1,21,66.2778,1,21,10.6915
7,33,Defensive,375.9,258.85,202.8,384.02,213.61,1,20,45.6007,1,20,45.6007,1,21,67.6111,1,21,16.0373
7,33,Dynamic,375.9,258.85,202.8,384.02,213.61,1,21,27.6944,1,20,28.1149,1,21,65.7445,1,20,13.5231
7,34,Offensive,322.72,213.15,432.82,173.0,117.2,1,18,17.0231,1,18,17.8405,1,18,1.9315,1,18,2.5647
7,34,Neutral,322.72,213.15,432.82,173.0,117.2,1,18,22.6898,1,18,22.6898,1,18,2.4982,1,18,3.401
7,34,Defensive,322.72,213.15,432.82,173.0,117.2,1,16,32.8588,1,16,32.8588,1,18,3.6315,1,18,3.6305
7,34,Dynamic,322.72,213.15,432.82,173.0,117.2,1,18,17.0231,1,18,17.8405,1,18,1.9315,1,18,2.5647
7,35,Offensive,344.13,174.29,341.07,145.76,28.69,1,4,3.0,1,4,3.0,1,4,0.3,1,4,0.0212
7,35,Neutral,344.13,174.29,341.07,145.76,28.69,1,4,4.0,1,4,4.0,1,4,0.4,1,4,0.0283
7,35,Defensive,344.13,174.29,341.07,145.76,28.69,1,4,6.0,1,4,6.0,1,4,0.6,1,4,0.0424
7,35,Dynamic,344.13,174.29,341.07,145.76,28.69,1,4,3.0,1,4,3.0,1,4,0.3,1,4,0.0212
7,36,Offensive,102.0,232.5,180.15,64.07,185.68,1,25,30.1195,1,25,30.4086,1,42,42.0432,1,25,9.4575
7,36,Neutral,102.0,232.5,180.15,64.07,185.68,1,19,37.7974,1,19,37.7974,1,42,43.4099,1,25,12.6101
7,36,Defensive,102.0,232.5,180.15,64.07,185.68,1,19,49.7974,1,19,49.7974,1,42,46.1432,1,26,15.9827
7,36,Dynamic,102.0,232.5,180.15,64.07,185.68,1,25,30.4528,1,25,30.742,1,42,42.0765,1,25,10.4416
7,37,Offensive,401.37,127.11,141.55,438.36,405.44,1,40,41.2477,1,40,41.5694,1,41,18.6109,1,40,9.5909
7,37,Neutral,401.37,127.11,141.55,438.36,405.44,1,38,53.7861,1,38,53.7861,1,41,19.9442,1,40,12.7879
7,37,Defensive,401.37,127.11,141.55,438.36,405.44,1,38,78.4527,1,38,78.4527,1,41,22.6109,1,40,16.536
7,37,Dynamic,401.37,127.11,141.55,438.36,405.44,1,40,41.2477,1,40,41.5694,1,41,18.6109,1,40,9.5909
7,38,Offensive,48.02,293.66,333.35,58.77,369.58,1,41,53.0592,1,41,53.8972,1,41,134.592,1,41,21.8909
7,38,Neutral,48.02,293.66,333.35,58.77,369.58,1,41,66.3925,1,41,66.3997,1,41,135.9254,1,41,28.7267
7,38,Defensive,48.02,293.66,333.35,58.77,369.58,1,41,93.0592,1,41,93.0592,1,41,138.592,1,42,41.0733
7,38,Dynamic,48.02,293.66,333.35,58.77,369.58,1,41,55.3925,1,41,56.2306,1,41,134.8254,1,41,33.4796
7,39,Offensive,273.94,346.62,169.15,413.29,124.2,1,15,14.7099,1,15,14.962,1,15,8.4992,1,14,3.3169
7,39,Neutral,273.94,346.62,169.15,413.29,124.2,1,15,19.3766,1,15,19.3766,1,15,8.9659,1,15,2.2787
7,39,Defensive,273.94,346.62,169.15,413.29,124.2,1,13,27.86,1,13,27.86,1,15,9.8992,1,15,3.1117
7,39,Dynamic,273.94,346.62,169.15,413.29,124.2,1,15,14.7099,1,15,14.962,1,15,8.4992,1,14,3.3169
7,40,Offensive,217.4,251.41,444.48,87.91,279.82,1,24,23.0,1,24,23.4499,1,24,2.3,1,24,3.7574
7,40,Neutral,217.4,251.41,444.48,87.91,279.82,1,24,30.6667,1,24,30.6667,1,24,3.0667,1,24,3.1622
7,40,Defensive,217.4,251.41,444.48,87.91,279.82,1,24,46.0,1,24,46.0,1,24,4.6,1,24,4.7432
7,40,Dynamic,217.4,251.41,444.48,87.91,279.82,1,24,23.0,1,24,23.4499,1,24,2.3,1,24,3.7574
7,41,Offensive,295.28,204.61,456.31,257.6,169.52,1,18,17.0,1,18,17.0,1,18,1.7,1,17,2.2098
7,41,Neutral,295.28,204.61,456.31,257.6,169.52,1,18,22.6667,1,18,22.6667,1,18,2.2667,1,17,2.9464
7,41,Defensive,295.28,204.61,456.31,257.6,169.52,1,17,33.3528,1,17,33.3528,1,18,3.4,1,18,1.8985
7,41,Dynamic,295.28,204.61,456.31,257.6,169.52,1,18,17.0,1,18,17.0,1,18,1.7,1,17,2.2098
7,42,Offensive,228.06,305.58,314.22,195.22,140.01,1,12,11.0,1,12,11.0,1,12,1.1,1,12,0.4701
7,42,Neutral,228.06,305.58,314.22,195.22,140.01,1,12,14.6667,1,12,14.6667,1,12,1.4667,1,12,0.6268
7,42,Defensive,228.06,305.58,314.22,195.22,140.01,1,12,22.0,1,12,22.0,1,12,2.2,1,12,0.9403
7,42,Dynamic,228.06,305.58,314.22,195.22,140.01,1,12,11.0,1,12,11.0,1,12,1.1,1,12,0.4701
7,43,Offensive,186.05,308.59,214.71,173.14,138.45,1,14,15.1758,1,14,15.1758,1,14,23.0582,1,14,2.7355
7,43,Neutral,186.05,308.59,214.71,173.14,138.45,1,14,19.5092,1,14,19.5092,1,14,23.4916,1,14,3.6473
7,43,Defensive,186.05,308.59,214.71,173.14,138.45,1,14,28.1758,1,14,28.1758,1,14,24.3582,1,14,5.4709
7,43,Dynamic,186.05,308.59,214.71,173.14,138.45,1,14,15.5092,1,14,15.5092,1,14,23.0916,1,14,3.4417
7,44,Offensive,375.43,404.67,258.9,122.68,305.12,1,43,45.1326,1,43,45.7343,1,43,35.5256,1,43,13.4604
7,44,Neutral,375.43,404.67,258.9,122.68,305.12,1,43,59.1326,1,43,59.1326,1,43,36.9256,1,44,13.4312
7,44,Defensive,375.43,404.67,258.9,122.68,305.12,1,30,79.8917,1,30,79.8917,1,43,39.7256,1,44,19.3253
7,44,Dynamic,375.43,404.67,258.9,122.68,305.12,1,43,45.4659,1,43,46.0676,1,43,35.5589,1,43,14.5795
7,45,Offensive,176.38,432.68,227.95,263.8,176.58,1,20,19.7866,1,21,20.1471,1,21,2.0,1,20,3.2101
7,45,Neutral,176.38,432.68,227.95,263.8,176.58,1,20,26.1199,1,20,26.1199,1,21,2.6667,1,20,3.3077
7,45,Defensive,176.38,432.68,227.95,263.8,176.58,1,20,38.7866,1,20,38.7866,1,21,4.0,1,20,4.5802
7,45,Dynamic,176.38,432.68,227.95,263.8,176.58,1,20,19.7866,1,21,20.1471,1,21,2.0,1,20,3.2101
7,46,Offensive,382.75,48.87,102.73,57.31,280.14,1,37,39.9825,1,30,40.786,1,39,37.0838,1,30,14.7847
7,46,Neutral,382.75,48.87,102.73,57.31,280.14,1,30,50.4526,1,30,50.4526,1,39,38.3504,1,30,19.5664
7,46,Defensive,382.75,48.87,102.73,57.31,280.14,1,29,69.6288,1,29,69.6288,1,39,40.8838,1,37,16.8556
7,46,Dynamic,382.75,48.87,102.73,57.31,280.14,1,37,40.3158,1,37,40.3158,1,39,37.1171,1,30,18.245
7,47,Offensive,226.27,34.87,50.57,122.77,196.47,1,18,21.0817,1,19,21.4391,1,23,4.8554,1,19,5.5497
7,47,Neutral,226.27,34.87,50.57,122.77,196.47,1,18,26.7484,1,18,26.7484,1,23,5.5888,1,21,4.8508
7,47,Defensive,226.27,34.87,50.57,122.77,196.47,1,18,38.0817,1,18,38.0817,1,23,7.0554,1,22,5.1618
7,47,Dynamic,226.27,34.87,50.57,122.77,196.47,1,20,21.2542,1,21,21.6116,1,23,4.8554,1,20,4.9262
7,48,Offensive,360.59,99.89,312.03,337.17,242.2,1,26,26.4994,1,26,26.7222,1,26,17.4936,1,25,5.5659
7,48,Neutral,360.59,99.89,312.03,337.17,242.2,1,25,34.739,1,25,34.739,1,26,18.3269,1,26,5.5114
7,48,Defensive,360.59,99.89,312.03,337.17,242.2,1,25,50.739,1,25,50.739,1,26,19.9936,1,26,8.2671
7,48,Dynamic,360.59,99.89,312.03,337.17,242.2,1,26,26.4994,1,26,26.7222,1,26,17.4936,1,25,5.5659
7,49,Offensive,222.73,86.09,366.67,344.12,295.45,1,28,29.825,1,28,30.1063,1,28,30.9503,1,27,6.7952
7,49,Neutral,222.73,86.09,366.67,344.12,295.45,1,28,38.825,1,28,38.825,1,28,31.8503,1,28,7.6034
7,49,Defensive,222.73,86.09,366.67,344.12,295.45,1,27,56.3412,1,27,56.3412,1,28,33.6503,1,28,11.405
7,49,Dynamic,222.73,86.09,366.67,344.12,295.45,1,28,30.1584,1,28,30.4397,1,28,30.9836,1,27,7.6039
7,50,Offensive,351.05,358.04,437.75,74.27,296.72,1,29,30.2308,1,29,30.5075,1,30,22.6753,1,29,5.2487
7,50,Neutral,351.05,358.04,437.75,74.27,296.72,1,29,39.5641,1,29,39.5906,1,30,23.642,1,29,6.9982
7,50,Defensive,351.05,358.04,437.75,74.27,296.72,1,29,58.2308,1,29,58.2308,1,30,25.5753,1,29,10.4973
7,50,Dynamic,351.05,358.04,437.75,74.27,296.72,1,29,30.5641,1,29,30.8408,1,30,22.7086,1,29,5.9195
7,51,Offensive,57.26,316.75,369.3,124.98,366.26,1,33,32.2793,1,33,32.2865,1,33,5.9932,1,33,5.6691
7,51,Neutral,57.26,316.75,369.3,124.98,366.26,1,33,42.946,1,33,42.9532,1,33,7.0599,1,33,6.7866
7,51,Defensive,57.26,316.75,369.3,124.98,366.26,1,33,64.2793,1,33,64.2793,1,33,9.1932,1,33,9.1784
7,51,Dynamic,57.26,316.75,369.3,124.98,366.26,1,33,32.2793,1,33,32.2865,1,33,5.9932,1,33,5.6691
7,52,Offensive,201.8,459.66,438.02,445.77,236.62,1,24,27.2671,1,24,27.2671,1,24,44.9706,1,24,6.0603
7,52,Neutral,201.8,459.66,438.02,445.77,236.62,1,24,34.9337,1,24,34.9337,1,24,45.7373,1,24,8.0804
7,52,Defensive,201.8,459.66,438.02,445.77,236.62,1,24,50.2671,1,24,50.2671,1,24,47.2706,1,24,12.1206
7,52,Dynamic,201.8,459.66,438.02,445.77,236.62,1,24,28.2671,1,24,28.2671,1,24,45.0706,1,24,9.8107
7,53,Offensive,187.63,235.53,357.42,429.31,257.64,1,26,31.8143,1,26,31.8143,1,26,70.6432,1,24,11.8539
7,53,Neutral,187.63,235.53,357.42,429.31,257.64,1,25,39.9999,1,25,39.9999,1,26,71.4765,1,26,12.4119
7,53,Defensive,187.63,235.53,357.42,429.31,257.64,1,21,53.8791,1,21,53.8791,1,26,73.1432,1,26,17.5098
7,53,Dynamic,187.63,235.53,357.42,429.31,257.64,1,26,33.1477,1,26,33.1477,1,26,70.7765,1,24,17.4761
7,54,Offensive,61.55,161.62,365.33,379.78,374.0,1,38,51.7851,1,38,51.7851,1,39,151.1663,1,39,21.2141
7,54,Neutral,61.55,161.62,365.33,379.78,374.0,1,38,64.1184,1,38,64.1184,1,39,152.4329,1,39,27.5817
7,54,Defensive,61.55,161.62,365.33,379.78,374.0,1,31,85.5432,1,31,85.5432,1,39,154.9663,1,40,40.3929
7,54,Dynamic,61.55,161.62,365.33,379.78,374.0,1,38,54.1184,1,38,54.1184,1,39,151.3996,1,39,32.3944
7,55,Offensive,460.88,53.24,293.87,418.38,401.52,1,37,36.2798,1,39,38.2229,1,39,3.8,1,37,5.9638
7,55,Neutral,460.88,53.24,293.87,418.38,401.52,1,37,48.2798,1,37,48.2798,1,39,5.0667,1,37,7.2422
7,55,Defensive,460.88,53.24,293.87,418.38,401.52,1,37,72.2798,1,37,72.2798,1,39,7.6,1,37,10.8634
7,55,Dynamic,460.88,53.24,293.87,418.38,401.52,1,37,36.2798,1,39,38.2229,1,39,3.8,1,37,5.9638
7,56,Offensive,118.66,292.87,119.93,359.96,67.1,1,7,7.9529,1,7,7.96,1,7,20.1286,1,7,2.0713
7,56,Neutral,118.66,292.87,119.93,359.96,67.1,1,7,9.9529,1,7,9.96,1,7,20.3286,1,7,2.7617
7,56,Defensive,118.66,292.87,119.93,359.96,67.1,1,7,13.9529,1,7,13.9529,1,7,20.7286,1,7,4.1426
7,56,Dynamic,118.66,292.87,119.93,359.96,67.1,1,7,8.2862,1,7,8.2934,1,7,20.162,1,7,2.7343
7,57,Offensive,456.5,266.76,445.07,339.53,73.65,1,8,11.7045,1,8,11.7045,1,8,47.7452,1,8,5.0313
7,57,Neutral,456.5,266.76,445.07,339.53,73.65,1,8,14.0379,1,8,14.0379,1,8,47.9785,1,8,6.7084
7,57,Defensive,456.5,266.76,445.07,339.53,73.65,1,8,18.7045,1,8,18.7045,1,8,48.4452,1,8,9.7259
7,57,Dynamic,456.5,266.76,445.07,339.53,73.65,1,8,12.0379,1,8,12.0379,1,8,47.7785,1,8,6.1926
7,58,Offensive,468.67,407.04,429.39,103.15,306.42,1,31,30.2798,1,31,30.2798,1,41,4.0,1,31,3.3889
7,58,Neutral,468.67,407.04,429.39,103.15,306.42,1,31,40.2798,1,31,40.2798,1,41,5.3333,1,31,4.5185
7,58,Defensive,468.67,407.04,429.39,103.15,306.42,1,31,60.2798,1,31,60.2798,1,41,8.0,1,31,6.7778
7,58,Dynamic,468.67,407.04,429.39,103.15,306.42,1,31,30.2798,1,31,30.2798,1,41,4.0,1,31,3.3889
7,59,Offensive,315.61,166.21,278.82,120.13,58.97,1,5,4.0,1,5,4.0,1,5,0.4,1,5,0.06
7,59,Neutral,315.61,166.21,278.82,120.13,58.97,1,5,5.3333,1,5,5.3333,1,5,0.5333,1,5,0.08
7,59,Defensive,315.61,166.21,278.82,120.13,58.97,1,5,8.0,1,5,8.0,1,5,0.8,1,5,0.12
7,59,Dynamic,315.61,166.21,278.82,120.13,58.97,1,5,4.0,1,5,4.0,1,5,0.4,1,5,0.06
7,60,Offensive,80.6,424.32,314.36,404.95,234.55,1,24,23.0,1,24,23.194,1,24,2.3,1,24,2.9382
7,60,Neutral,80.6,424.32,314.36,404.95,234.55,1,24,30.6667,1,24,30.6744,1,24,3.0667,1,24,3.9176
7,60,Defensive,80.6,424.32,314.36,404.95,234.55,1,24,46.0,1,24,46.0,1,24,4.6,1,24,4.1207
7,60,Dynamic,80.6,424.32,314.36,404.95,234.55,1,24,23.0,1,24,23.194,1,24,2.3,1,24,2.9382
7,61,Offensive,182.98,101.57,190.29,198.73,97.44,1,15,16.7081,1,15,17.0606,1,18,1.7,1,17,3.0684
7,61,Neutral,182.98,101.57,190.29,198.73,97.44,1,15,21.3747,1,15,21.3747,1,18,2.2667,1,17,2.8032
7,61,Defensive,182.98,101.57,190.29,198.73,97.44,1,10,28.6993,1,10,28.6993,1,18,3.4,1,18,2.518
7,61,Dynamic,182.98,101.57,190.29,198.73,97.44,1,16,16.7436,1,16,17.0962,1,18,1.7,1,17,3.0684
7,62,Offensive,41.17,151.92,111.71,243.58,115.66,1,16,20.4707,1,16,20.4707,1,41,44.3101,1,15,7.2333
7,62,Neutral,41.17,151.92,111.71,243.58,115.66,1,15,25.3717,1,15,25.3717,1,41,45.6434,1,15,9.6444
7,62,Defensive,41.17,151.92,111.71,243.58,115.66,1,15,34.705,1,15,34.705,1,41,48.3101,1,16,12.0892
7,62,Dynamic,41.17,151.92,111.71,243.58,115.66,1,16,20.8041,1,16,20.8041,1,41,44.3434,1,15,8.2055
7,63,Offensive,33.88,383.55,299.49,283.74,283.74,1,30,32.217,1,30,32.2242,1,31,33.7267,1,30,6.1513
7,63,Neutral,33.88,383.55,299.49,283.74,283.74,1,30,41.8836,1,30,41.8836,1,31,34.7267,1,30,8.2018
7,63,Defensive,33.88,383.55,299.49,283.74,283.74,1,29,61.146,1,29,61.146,1,31,36.7267,1,30,12.3027
7,63,Dynamic,33.88,383.55,299.49,283.74,283.74,1,30,32.5503,1,30,32.5575,1,31,33.76,1,30,6.8127
7,64,Offensive,20.35,385.54,466.12,22.89,574.65,1,48,47.7696,1,48,47.7768,1,50,6.6541,1,48,11.7409
7,64,Neutral,20.35,385.54,466.12,22.89,574.65,1,48,63.4363,1,48,63.4435,1,50,8.2874,1,48,14.7935
7,64,Defensive,20.35,385.54,466.12,22.89,574.65,1,48,94.7696,1,48,94.7696,1,50,11.5541,1,48,21.1888
7,64,Dynamic,20.35,385.54,466.12,22.89,574.65,1,48,47.7696,1,48,47.7768,1,50,6.6541,1,48,11.7409
7,65,Offensive,292.22,61.52,347.05,258.8,204.75,1,20,20.3528,1,20,20.5966,1,21,8.7442,1,20,2.8626
7,65,Neutral,292.22,61.52,347.05,258.8,204.75,1,20,26.6861,1,20,26.6861,1,21,9.4109,1,21,2.6994
7,65,Defensive,292.22,61.52,347.05,258.8,204.75,1,20,39.3528,1,20,39.3528,1,21,10.7442,1,21,4.049
7,65,Dynamic,292.22,61.52,347.05,258.8,204.75,1,20,20.3528,1,20,20.5966,1,21,8.7442,1,20,2.8626
7,66,Offensive,145.48,226.76,325.26,308.09,197.32,1,23,28.5376,1,23,28.6013,1,27,55.0728,1,25,7.873
7,66,Neutral,145.48,226.76,325.26,308.09,197.32,1,23,35.8709,1,23,35.8709,1,27,55.9394,1,25,10.4974
7,66,Defensive,145.48,226.76,325.26,308.09,197.32,1,19,48.9819,1,19,48.9819,1,27,57.6728,1,28,13.6074
7,66,Dynamic,145.48,226.76,325.26,308.09,197.32,1,23,29.5376,1,23,29.6013,1,27,55.1394,1,25,9.3639
7,67,Offensive,164.71,350.79,174.35,134.02,216.99,1,23,28.9567,1,23,28.9567,1,25,62.9333,1,23,8.6095
7,67,Neutral,164.71,350.79,174.35,134.02,216.99,1,23,36.29,1,23,36.29,1,25,63.7333,1,23,11.4793
7,67,Defensive,164.71,350.79,174.35,134.02,216.99,1,23,50.9567,1,23,50.9567,1,25,65.3333,1,24,16.2494
7,67,Dynamic,164.71,350.79,174.35,134.02,216.99,1,23,30.29,1,23,30.29,1,25,63.0666,1,23,13.5547
7,68,Offensive,475.25,86.53,272.87,392.02,366.44,1,32,38.4674,1,32,38.6903,1,42,63.7792,1,36,10.5511
7,68,Neutral,475.25,86.53,272.87,392.02,366.44,1,32,48.8007,1,32,48.8427,1,42,65.1458,1,36,14.0681
7,68,Defensive,475.25,86.53,272.87,392.02,366.44,1,32,69.4674,1,32,69.4674,1,42,67.8792,1,36,21.1022
7,68,Dynamic,475.25,86.53,272.87,392.02,366.44,1,32,39.8007,1,32,40.0236,1,42,63.9125,1,36,15.2172
7,69,Offensive,43.54,89.76,189.22,123.18,149.46,1,21,27.2609,1,21,27.4944,1,21,74.6088,1,23,12.118
7,69,Neutral,43.54,89.76,189.22,123.18,149.46,1,21,33.9275,1,21,33.9275,1,21,75.2754,1,24,13.4919
7,69,Defensive,43.54,89.76,189.22,123.18,149.46,1,18,45.6693,1,18,45.6693,1,21,76.6088,1,25,19.3327
7,69,Dynamic,43.54,89.76,189.22,123.18,149.46,1,21,28.5942,1,21,28.8277,1,21,74.7421,1,23,17.7448
7,70,Offensive,285.29,439.9,21.91,31.71,485.79,1,48,53.5074,1,48,54.979,1,50,61.3779,1,51,19.7218
7,70,Neutral,285.29,439.9,21.91,31.71,485.79,1,47,69.0264,1,47,69.0264,1,50,63.0113,1,51,22.9289
7,70,Defensive,285.29,439.9,21.91,31.71,485.79,1,46,99.1927,1,46,99.1927,1,50,66.2779,1,52,29.6176
7,70,Dynamic,285.29,439.9,21.91,31.71,485.79,1,48,54.8407,1,48,56.3124,1,50,61.5113,1,51,24.1427
7,71,Offensive,131.95,93.61,334.62,415.46,380.35,1,35,36.9079,1,35,37.2605,1,37,32.4767,1,34,9.4559
7,71,Neutral,131.95,93.61,334.62,415.46,380.35,1,34,48.0936,1,35,48.2413,1,35,33.6127,1,35,10.4242
7,71,Defensive,131.95,93.61,334.62,415.46,380.35,1,33,69.5932,1,33,69.5932,1,35,35.8794,1,35,14.5954
7,71,Dynamic,131.95,93.61,334.62,415.46,380.35,1,35,37.2413,1,35,37.5938,1,37,32.51,1,34,10.2314
7,72,Offensive,247.8,219.47,250.62,404.5,185.05,1,20,24.2834,1,20,24.2834,1,22,41.155,1,22,5.1604
7,72,Neutral,247.8,219.47,250.62,404.5,185.05,1,20,30.6167,1,20,30.6167,1,22,41.855,1,22,6.8806
7,72,Defensive,247.8,219.47,250.62,404.5,185.05,1,20,43.2834,1,20,43.2834,1,22,43.255,1,22,10.3209
7,72,Dynamic,247.8,219.47,250.62,404.5,185.05,1,20,24.9501,1,20,24.9501,1,22,41.2216,1,22,6.5022
7,73,Offensive,35.27,41.35,168.59,276.41,270.24,1,30,30.3098,1,29,30.4793,1,32,7.6016,1,29,7.0581
7,73,Neutral,35.27,41.35,168.59,276.41,270.24,1,29,39.8126,1,29,39.8126,1,32,8.6349,1,31,5.5716
7,73,Defensive,35.27,41.35,168.59,276.41,270.24,1,29,58.4793,1,29,58.4793,1,32,10.7016,1,31,8.3574
7,73,Dynamic,35.27,41.35,168.59,276.41,270.24,1,30,30.3098,1,29,30.4793,1,32,7.6016,1,29,7.0581
7,74,Offensive,214.47,379.13,306.96,382.81,92.56,1,11,10.468,1,10,10.6536,1,11,5.6798,1,10,3.3256
7,74,Neutral,214.47,379.13,306.96,382.81,92.56,1,10,13.6536,1,10,13.6536,1,11,6.0131,1,10,2.5892
7,74,Defensive,214.47,379.13,306.96,382.81,92.56,1,10,19.6536,1,10,19.6536,1,11,6.6798,1,11,1.5493
7,74,Dynamic,214.47,379.13,306.96,382.81,92.56,1,11,10.468,1,10,10.6536,1,11,5.6798,1,10,3.3256
7,75,Offensive,449.61,339.08,335.65,391.73,125.54,1,18,23.0406,1,18,23.4674,1,24,28.8866,1,18,8.185
7,75,Neutral,449.61,339.08,335.65,391.73,125.54,1,18,28.7072,1,18,28.7072,1,24,29.6532,1,21,7.3122
7,75,Defensive,449.61,339.08,335.65,391.73,125.54,1,18,40.0406,1,18,40.0406,1,24,31.1866,1,22,9.8544
7,75,Dynamic,449.61,339.08,335.65,391.73,125.54,1,18,23.3739,1,18,23.8008,1,24,28.8866,1,20,6.9503
7,76,Offensive,465.44,439.68,101.43,258.7,406.52,1,41,46.0175,1,40,46.2031,1,53,16.2716,1,44,15.8755
7,76,Neutral,465.44,439.68,101.43,258.7,406.52,1,40,59.2031,1,40,59.2031,1,53,18.005,1,44,19.7669
7,76,Defensive,465.44,439.68,101.43,258.7,406.52,1,39,85.1691,1,39,85.1691,1,53,21.4716,1,52,16.4952
7,76,Dynamic,465.44,439.68,101.43,258.7,406.52,1,41,46.6842,1,40,46.8698,1,53,16.2716,1,44,17.1216
7,77,Offensive,365.36,454.69,66.07,450.61,299.31,1,31,30.0,1,31,30.0,1,31,3.0,1,31,3.0759
7,77,Neutral,365.36,454.69,66.07,450.61,299.31,1,31,40.0,1,31,40.0,1,31,4.0,1,31,4.1012
7,77,Defensive,365.36,454.69,66.07,450.61,299.31,1,31,60.0,1,31,60.0,1,31,6.0,1,31,6.1518
7,77,Dynamic,365.36,454.69,66.07,450.61,299.31,1,31,30.0,1,31,30.0,1,31,3.0,1,31,3.0759
7,78,Offensive,138.78,260.19,434.77,344.99,307.9,1,31,46.4185,1,31,46.4622,1,38,126.1558,1,36,16.4365
7,78,Neutral,138.78,260.19,434.77,344.99,307.9,1,31,56.4185,1,31,56.4185,1,38,127.3891,1,37,21.7319
7,78,Defensive,138.78,260.19,434.77,344.99,307.9,1,31,76.4185,1,31,76.4185,1,38,129.8558,1,37,32.5978
7,78,Dynamic,138.78,260.19,434.77,344.99,307.9,1,33,48.8484,1,33,48.9598,1,38,126.3224,1,36,24.2281
7,79,Offensive,167.13,437.02,171.63,251.76,185.31,1,19,20.4625,1,19,20.4625,1,23,18.9589,1,19,3.5674
7,79,Neutral,167.13,437.02,171.63,251.76,185.31,1,19,26.4625,1,19,26.4625,1,23,19.6922,1,19,4.7565
7,79,Defensive,167.13,437.02,171.63,251.76,185.31,1,19,38.4625,1,19,38.4625,1,23,21.1589,1,19,7.1348
7,79,Dynamic,167.13,437.02,171.63,251.76,185.31,1,19,20.7958,1,19,20.7958,1,23,18.9922,1,19,4.126
7,80,Offensive,177.88,459.28,476.09,202.45,393.56,1,34,33.0,1,34,33.103,1,34,3.3,1,33,6.3154
7,80,Neutral,177.88,459.28,476.09,202.45,393.56,1,34,44.0,1,34,44.0,1,34,4.4,1,34,6.8349
7,80,Defensive,177.88,459.28,476.09,202.45,393.56,1,32,65.15,1,32,65.15,1,34,6.6,1,34,9.3141
7,80,Dynamic,177.88,459.28,476.09,202.45,393.56,1,34,33.0,1,34,33.103,1,34,3.3,1,33,6.3154
7,81,Offensive,276.54,275.16,152.16,120.33,198.6,1,17,20.0132,1,17,20.0132,1,17,41.7324,1,17,5.5618
7,81,Neutral,276.54,275.16,152.16,120.33,198.6,1,17,25.3466,1,17,25.3466,1,17,42.2657,1,17,7.4158
7,81,Defensive,276.54,275.16,152.16,120.33,198.6,1,17,36.0132,1,17,36.0132,1,17,43.3324,1,17,9.9676
7,81,Dynamic,276.54,275.16,152.16,120.33,198.6,1,17,20.3466,1,17,20.3466,1,17,41.7657,1,17,6.5725
7,82,Offensive,252.45,122.26,189.75,212.13,109.58,1,11,19.5789,1,11,19.5789,1,22,2.1,1,22,1.7959
7,82,Neutral,252.45,122.26,189.75,212.13,109.58,1,10,22.7302,1,10,22.7302,1,22,2.8,1,22,2.3945
7,82,Defensive,252.45,122.26,189.75,212.13,109.58,1,10,28.7302,1,10,28.7302,1,22,4.2,1,22,2.6133
7,82,Dynamic,252.45,122.26,189.75,212.13,109.58,1,12,20.8664,1,12,20.8664,1,22,2.1,1,22,1.7959
7,83,Offensive,77.96,132.42,379.89,300.32,345.47,1,31,30.1178,1,31,30.8878,1,32,3.1,1,31,4.598
7,83,Neutral,77.96,132.42,379.89,300.32,345.47,1,31,40.1178,1,31,40.1662,1,32,4.1333,1,31,6.1306
7,83,Defensive,77.96,132.42,379.89,300.32,345.47,1,31,60.1178,1,31,60.1178,1,32,6.2,1,31,7.7937
7,83,Dynamic,77.96,132.42,379.89,300.32,345.47,1,31,30.1178,1,31,30.8878,1,32,3.1,1,31,4.598
7,84,Offensive,231.6,118.59,113.18,446.27,348.42,1,40,39.0,1,40,39.4558,1,40,3.9,1,40,7.1493
7,84,Neutral,231.6,118.59,113.18,446.27,348.42,1,40,52.0,1,40,52.0,1,40,5.2,1,40,8.3369
7,84,Defensive,231.6,118.59,113.18,446.27,348.42,1,34,75.1998,1,34,75.1998,1,40,7.8,1,40,11.7938
7,84,Dynamic,231.6,118.59,113.18,446.27,348.42,1,40,39.0,1,40,39.4558,1,40,3.9,1,40,7.1493
7,85,Offensive,89.34,145.74,418.19,378.76,403.04,1,48,49.1285,1,48,49.4259,1,49,25.6002,1,52,10.3239
7,85,Neutral,89.34,145.74,418.19,378.76,403.04,1,47,64.6474,1,47,64.6474,1,49,27.2002,1,52,13.0607
7,85,Defensive,89.34,145.74,418.19,378.76,403.04,1,36,90.9461,1,36,90.9461,1,49,30.4002,1,52,18.4107
7,85,Dynamic,89.34,145.74,418.19,378.76,403.04,1,48,49.1285,1,48,49.4259,1,49,25.6002,1,52,10.3239
7,86,Offensive,289.3,317.67,374.66,411.31,126.71,1,21,30.3506,1,21,30.3506,1,21,105.5062,1,21,13.1146
7,86,Neutral,289.3,317.67,374.66,411.31,126.71,1,21,37.0173,1,21,37.0173,1,21,106.1729,1,21,16.7473
7,86,Defensive,289.3,317.67,374.66,411.31,126.71,1,19,49.7554,1,19,49.7554,1,21,107.5062,1,21,23.1117
7,86,Dynamic,289.3,317.67,374.66,411.31,126.71,1,21,31.684,1,21,31.684,1,21,105.6396,1,21,19.628
7,87,Offensive,117.5,145.48,392.06,128.76,275.06,1,29,28.4248,1,31,31.4165,1,29,7.0476,1,32,5.5001
7,87,Neutral,117.5,145.48,392.06,128.76,275.06,1,29,37.7581,1,29,37.7581,1,29,7.981,1,32,5.2103
7,87,Defensive,117.5,145.48,392.06,128.76,275.06,1,29,56.4248,1,29,56.4248,1,29,9.8476,1,31,7.423
7,87,Dynamic,117.5,145.48,392.06,128.76,275.06,1,29,28.4248,1,31,31.4165,1,29,7.0476,1,32,5.5001
7,88,Offensive,184.74,479.37,234.88,233.9,250.54,1,25,24.5839,1,25,24.5839,1,25,8.2385,1,25,2.5412
7,88,Neutral,184.74,479.37,234.88,233.9,250.54,1,25,32.5839,1,25,32.5839,1,25,9.0385,1,25,3.3882
7,88,Defensive,184.74,479.37,234.88,233.9,250.54,1,25,48.5839,1,25,48.5839,1,25,10.6385,1,25,5.0823
7,88,Dynamic,184.74,479.37,234.88,233.9,250.54,1,25,24.5839,1,25,24.5839,1,25,8.2385,1,25,2.5412
7,89,Offensive,39.2,430.36,128.24,251.6,199.7,1,21,28.0637,1,20,28.4266,1,24,64.6378,1,20,10.6986
7,89,Neutral,39.2,430.36,128.24,251.6,199.7,1,21,34.7304,1,21,34.7304,1,24,65.4045,1,20,14.2649
7,89,Defensive,39.2,430.36,128.24,251.6,199.7,1,20,47.4266,1,20,47.4266,1,24,66.9378,1,26,17.1489
7,89,Dynamic,39.2,430.36,128.24,251.6,199.7,1,21,29.7304,1,20,30.0933,1,24,64.7712,1,20,16.013
7,90,Offensive,267.0,269.96,255.05,257.54,17.22,1,2,1.0,1,2,1.0,1,2,0.1,1,2,0.0
7,90,Neutral,267.0,269.96,255.05,257.54,17.22,1,2,1.3333,1,2,1.3333,1,2,0.1333,1,2,0.0
7,90,Defensive,267.0,269.96,255.05,257.54,17.22,1,2,2.0,1,2,2.0,1,2,0.2,1,2,0.0
7,90,Dynamic,267.0,269.96,255.05,257.54,17.22,1,2,1.0,1,2,1.0,1,2,0.1,1,2,0.0
7,91,Offensive,178.42,264.59,116.55,174.51,109.27,1,14,13.8873,1,14,14.3024,1,16,6.8229,1,14,3.4621
7,91,Neutral,178.42,264.59,116.55,174.51,109.27,1,14,18.2206,1,14,18.2206,1,16,7.3229,1,14,3.3428
7,91,Defensive,178.42,264.59,116.55,174.51,109.27,1,14,26.8873,1,14,26.8873,1,16,8.3229,1,14,4.0165
7,91,Dynamic,178.42,264.59,116.55,174.51,109.27,1,14,13.8873,1,14,14.3024,1,16,6.8229,1,14,3.4621
7,92,Offensive,400.05,435.54,90.04,51.63,493.45,1,49,56.244,1,49,56.7076,1,53,55.2088,1,52,17.3182
7,92,Neutral,400.05,435.54,90.04,51.63,493.45,1,48,72.0963,1,48,72.0963,1,53,56.9421,1,53,21.3824
7,92,Defensive,400.05,435.54,90.04,51.63,493.45,1,46,102.8953,1,46,102.8953,1,53,60.4088,1,53,28.9681
7,92,Dynamic,400.05,435.54,90.04,51.63,493.45,1,49,57.244,1,49,57.7076,1,53,55.2754,1,52,18.9885
7,93,Offensive,188.37,250.51,338.87,32.49,264.92,1,34,42.8783,1,34,42.8783,1,36,95.261,1,36,15.812
7,93,Neutral,188.37,250.51,338.87,32.49,264.92,1,29,53.1752,1,29,53.1752,1,36,96.4276,1,37,17.9259
7,93,Defensive,188.37,250.51,338.87,32.49,264.92,1,23,69.4208,1,23,69.4208,1,36,98.761,1,37,25.3453
7,93,Dynamic,188.37,250.51,338.87,32.49,264.92,1,34,44.2117,1,34,44.2117,1,36,95.3943,1,36,22.0667
7,94,Offensive,131.82,34.53,465.31,156.28,355.02,1,34,42.0738,1,34,42.1515,1,46,81.4495,1,39,13.9409
7,94,Neutral,131.82,34.53,465.31,156.28,355.02,1,34,53.0738,1,34,53.0738,1,46,82.9495,1,41,16.3769
7,94,Defensive,131.82,34.53,465.31,156.28,355.02,1,34,75.0738,1,34,75.0738,1,46,85.9495,1,39,23.9754
7,94,Dynamic,131.82,34.53,465.31,156.28,355.02,1,34,43.4071,1,34,43.4848,1,46,81.5829,1,39,19.4279
7,95,Offensive,212.63,38.83,231.94,70.37,36.98,1,5,4.9144,1,5,4.9144,1,5,9.5442,1,5,0.958
7,95,Neutral,212.63,38.83,231.94,70.37,36.98,1,5,6.2478,1,5,6.2478,1,5,9.6775,1,5,1.2773
7,95,Defensive,212.63,38.83,231.94,70.37,36.98,1,5,8.9144,1,5,8.9144,1,5,9.9442,1,5,1.916
7,95,Dynamic,212.63,38.83,231.94,70.37,36.98,1,5,4.9144,1,5,4.9144,1,5,9.5442,1,5,0.958
7,96,Offensive,245.32,151.99,197.39,115.45,60.26,1,8,10.5453,1,8,10.5453,1,9,30.9067,1,8,3.707
7,96,Neutral,245.32,151.99,197.39,115.45,60.26,1,8,12.8786,1,8,12.8786,1,9,31.1733,1,8,4.9426
7,96,Defensive,245.32,151.99,197.39,115.45,60.26,1,8,17.5453,1,8,17.5453,1,9,31.7067,1,9,6.4284
7,96,Dynamic,245.32,151.99,197.39,115.45,60.26,1,8,10.8786,1,8,10.8786,1,9,30.94,1,8,4.5256
7,97,Offensive,69.21,429.15,272.0,198.27,307.29,1,27,28.9841,1,27,28.9841,1,27,32.4409,1,26,8.0153
7,97,Neutral,69.21,429.15,272.0,198.27,307.29,1,27,37.6508,1,27,37.6508,1,27,33.3076,1,27,8.0422
7,97,Defensive,69.21,429.15,272.0,198.27,307.29,1,26,54.7193,1,26,54.7193,1,27,35.0409,1,27,11.0645
7,97,Dynamic,69.21,429.15,272.0,198.27,307.29,1,27,29.3174,1,27,29.3174,1,27,32.4742,1,26,8.8298
7,98,Offensive,433.58,270.22,468.66,315.22,57.06,1,5,4.0,1,5,4.0,1,5,0.4,1,5,0.0484
7,98,Neutral,433.58,270.22,468.66,315.22,57.06,1,5,5.3333,1,5,5.3333,1,5,0.5333,1,5,0.0645
7,98,Defensive,433.58,270.22,468.66,315.22,57.06,1,5,8.0,1,5,8.0,1,5,0.8,1,5,0.0968
7,98,Dynamic,433.58,270.22,468.66,315.22,57.06,1,5,4.0,1,5,4.0,1,5,0.4,1,5,0.0484
7,99,Offensive,301.47,399.04,30.9,408.5,270.73,1,29,35.6921,1,29,35.9921,1,29,79.7215,1,28,12.5141
7,99,Neutral,301.47,399.04,30.9,408.5,270.73,1,29,45.0255,1,29,45.0255,1,29,80.6548,1,29,14.6107
7,99,Defensive,301.47,399.04,30.9,408.5,270.73,1,28,63.2916,1,28,63.2916,1,29,82.5215,1,29,21.106
7,99,Dynamic,301.47,399.04,30.9,408.5,270.73,1,29,37.0255,1,29,37.3255,1,29,79.8548,1,28,18.0843
7,100,Offensive,95.68,263.62,252.55,122.75,210.83,1,31,32.2858,1,31,32.4386,1,39,3.8,1,28,14.2356
7,100,Neutral,95.68,263.62,252.55,122.75,210.83,1,30,42.1868,1,30,42.1868,1,39,5.0667,1,43,8.3524
7,100,Defensive,95.68,263.62,252.55,122.75,210.83,1,17,57.0665,1,17,57.0665,1,39,7.6,1,32,10.0878
7,100,Dynamic,95.68,263.62,252.55,122.75,210.83,1,31,32.2858,1,31,32.4386,1,39,3.8,1,42,9.7469
8,1,Offensive,431.51,369.89,470.76,124.86,248.16,1,25,25.5384,1,25,25.5384,1,25,17.7838,1,25,3.6073
8,1,Neutral,431.51,369.89,470.76,124.86,248.16,1,25,33.5384,1,25,33.5384,1,25,18.5838,1,25,4.6685
8,1,Defensive,431.51,369.89,470.76,124.86,248.16,1,25,49.5384,1,25,49.5384,1,25,20.1838,1,25,7.0028
8,1,Dynamic,431.51,369.89,470.76,124.86,248.16,1,25,25.8717,1,25,25.8717,1,25,17.8171,1,25,4.1748
8,2,Offensive,170.55,262.63,135.23,193.58,77.55,1,8,9.84,1,8,10.1534,1,8,29.0997,1,8,3.3134
8,2,Neutral,170.55,262.63,135.23,193.58,77.55,1,8,12.1733,1,8,12.1977,1,8,29.333,1,8,4.4179
8,2,Defensive,170.55,262.63,135.23,193.58,77.55,1,8,16.84,1,8,16.84,1,8,29.7997,1,8,6.6268
8,2,Dynamic,170.55,262.63,135.23,193.58,77.55,1,8,10.1733,1,8,10.4867,1,8,29.133,1,8,3.916
8,3,Offensive,76.78,267.54,61.82,434.42,167.55,1,18,19.5046,1,18,19.5046,1,19,23.0821,1,18,4.5554
8,3,Neutral,76.78,267.54,61.82,434.42,167.55,1,18,25.1712,1,18,25.1712,1,19,23.6821,1,18,6.0739
8,3,Defensive,76.78,267.54,61.82,434.42,167.55,1,18,36.5046,1,18,36.5046,1,19,24.8821,1,18,7.3675
8,3,Dynamic,76.78,267.54,61.82,434.42,167.55,1,18,19.8379,1,18,19.8379,1,19,23.1155,1,18,5.3026
8,4,Offensive,452.2,432.99,28.07,271.16,453.96,1,52,53.8003,1,52,53.9623,1,79,20.0241,1,46,19.631
8,4,Neutral,452.2,432.99,28.07,271.16,453.96,1,45,68.8736,1,45,68.8736,1,79,22.6241,1,54,17.0204
8,4,Defensive,452.2,432.99,28.07,271.16,453.96,1,44,97.6969,1,44,97.6969,1,79,27.8241,1,54,24.107
8,4,Dynamic,452.2,432.99,28.07,271.16,453.96,1,52,53.8003,1,52,53.9623,1,79,20.0241,1,54,13.0717
8,5,Offensive,133.12,23.28,380.19,151.24,278.23,1,26,31.3002,1,26,32.3137,1,26,65.5021,1,26,10.9144
8,5,Neutral,133.12,23.28,380.19,151.24,278.23,1,26,39.6335,1,26,39.6335,1,26,66.3354,1,27,14.4334
8,5,Defensive,133.12,23.28,380.19,151.24,278.23,1,26,56.3002,1,26,56.3002,1,26,68.0021,1,27,20.763
8,5,Dynamic,133.12,23.28,380.19,151.24,278.23,1,26,32.6335,1,26,33.647,1,26,65.6354,1,26,16.1432
8,6,Offensive,134.67,274.74,244.88,358.25,138.28,1,14,13.861,1,14,14.041,1,15,1.4,1,14,1.6287
8,6,Neutral,134.67,274.74,244.88,358.25,138.28,1,14,18.1943,1,14,18.1943,1,15,1.8667,1,14,2.1716
8,6,Defensive,134.67,274.74,244.88,358.25,138.28,1,13,26.648,1,13,26.648,1,15,2.8,1,15,2.4922
8,6,Dynamic,134.67,274.74,244.88,358.25,138.28,1,14,13.861,1,14,14.041,1,15,1.4,1,14,1.6287
8,7,Offensive,141.86,24.04,353.63,155.9,249.47,1,23,22.7434,1,23,23.1103,1,23,9.634,1,22,5.462
8,7,Neutral,141.86,24.04,353.63,155.9,249.47,1,23,30.0767,1,23,30.0767,1,23,10.3673,1,23,6.137
8,7,Defensive,141.86,24.04,353.63,155.9,249.47,1,22,44.2703,1,22,44.2703,1,23,11.834,1,23,9.2055
8,7,Dynamic,141.86,24.04,353.63,155.9,249.47,1,23,22.7434,1,23,23.1103,1,23,9.634,1,22,5.462
8,8,Offensive,398.84,357.42,464.64,198.93,171.6,1,18,19.4102,1,18,19.4102,1,19,17.2673,1,19,3.4041
8,8,Neutral,398.84,357.42,464.64,198.93,171.6,1,17,24.882,1,17,24.882,1,19,17.8673,1,19,4.5388
8,8,Defensive,398.84,357.42,464.64,198.93,171.6,1,17,35.5486,1,17,35.5486,1,19,19.0673,1,19,5.8888
8,8,Dynamic,398.84,357.42,464.64,198.93,171.6,1,18,19.7435,1,18,19.7435,1,19,17.3006,1,19,3.9197
8,9,Offensive,165.41,199.71,84.65,154.28,92.66,1,10,9.1461,1,10,9.3122,1,11,1.0,1,10,0.5665
8,9,Neutral,165.41,199.71,84.65,154.28,92.66,1,10,12.1461,1,10,12.1513,1,11,1.3333,1,10,0.7553
8,9,Defensive,165.41,199.71,84.65,154.28,92.66,1,10,18.1461,1,10,18.1461,1,11,2.0,1,10,1.133
8,9,Dynamic,165.41,199.71,84.65,154.28,92.66,1,10,9.1461,1,10,9.3122,1,11,1.0,1,10,0.5665
8,10,Offensive,165.15,432.67,385.54,354.68,233.78,1,23,25.8452,1,23,25.8452,1,77,25.253,1,24,5.2392
8,10,Neutral,165.15,432.67,385.54,354.68,233.78,1,23,33.1785,1,23,33.1785,1,77,27.7864,1,25,6.3913
8,10,Defensive,165.15,432.67,385.54,354.68,233.78,1,23,47.8452,1,23,47.8452,1,26,30.6092,1,25,9.587
8,10,Dynamic,165.15,432.67,385.54,354.68,233.78,1,23,26.1785,1,23,26.1785,1,77,25.2864,1,24,5.8276
8,11,Offensive,426.29,81.21,347.17,221.36,160.94,1,16,24.9124,1,16,24.9124,1,24,70.2787,1,16,10.6993
8,11,Neutral,426.29,81.21,347.17,221.36,160.94,1,16,29.9124,1,16,29.9124,1,24,71.0454,1,16,14.2657
8,11,Defensive,426.29,81.21,347.17,221.36,160.94,1,16,39.9124,1,16,39.9124,1,24,72.5787,1,17,19.602
8,11,Dynamic,426.29,81.21,347.17,221.36,160.94,1,16,25.9124,1,16,25.9124,1,24,70.312,1,16,12.9675
8,12,Offensive,57.27,431.58,332.33,91.2,437.62,1,40,39.0,1,40,39.1707,1,40,3.9,1,49,14.0708
8,12,Neutral,57.27,431.58,332.33,91.2,437.62,1,40,52.0,1,40,52.1707,1,40,5.2,1,51,14.4315
8,12,Defensive,57.27,431.58,332.33,91.2,437.62,1,39,77.7732,1,39,77.7732,1,40,7.8,1,40,13.5809
8,12,Dynamic,57.27,431.58,332.33,91.2,437.62,1,40,39.0,1,40,39.1707,1,40,3.9,1,49,14.0708
8,13,Offensive,108.68,333.18,156.11,314.31,51.05,1,6,5.0,1,6,5.0,1,6,0.5,1,6,0.0716
8,13,Neutral,108.68,333.18,156.11,314.31,51.05,1,6,6.6667,1,6,6.6667,1,6,0.6667,1,6,0.0954
8,13,Defensive,108.68,333.18,156.11,314.31,51.05,1,6,10.0,1,6,10.0,1,6,1.0,1,6,0.1432
8,13,Dynamic,108.68,333.18,156.11,314.31,51.05,1,6,5.0,1,6,5.0,1,6,0.5,1,6,0.0716
8,14,Offensive,46.66,66.0,334.41,25.42,290.6,1,30,29.314,1,30,29.6676,1,31,3.0,1,33,4.8594
8,14,Neutral,46.66,66.0,334.41,25.42,290.6,1,30,38.9807,1,30,38.9807,1,31,4.0,1,33,6.4792
8,14,Defensive,46.66,66.0,334.41,25.42,290.6,1,30,58.314,1,30,58.314,1,31,6.0,1,34,7.4305
8,14,Dynamic,46.66,66.0,334.41,25.42,290.6,1,30,29.314,1,30,29.6676,1,31,3.0,1,33,4.8594
8,15,Offensive,48.12,444.78,348.91,397.47,304.49,1,31,44.2653,1,31,44.4784,1,93,83.2567,1,31,17.745
8,15,Neutral,48.12,444.78,348.91,397.47,304.49,1,31,54.2653,1,31,54.2653,1,93,86.3233,1,60,19.9727
8,15,Defensive,48.12,444.78,348.91,397.47,304.49,1,31,74.2653,1,31,74.2653,1,93,92.4567,1,60,29.8983
8,15,Dynamic,48.12,444.78,348.91,397.47,304.49,1,31,46.5987,1,31,46.8117,1,93,83.39,1,47,26.9617
8,16,Offensive,451.41,441.9,164.81,27.61,503.76,1,49,56.7652,1,49,57.3603,1,64,39.9098,1,48,20.5353
8,16,Neutral,451.41,441.9,164.81,27.61,503.76,1,49,72.7652,1,49,72.7652,1,64,42.0098,1,49,24.5884
8,16,Defensive,451.41,441.9,164.81,27.61,503.76,1,43,102.6742,1,43,102.6742,1,64,46.2098,1,60,32.2244
8,16,Dynamic,451.41,441.9,164.81,27.61,503.76,1,49,57.7652,1,49,58.3603,1,64,39.9431,1,48,22.7764
8,17,Offensive,175.22,123.73,460.34,182.5,291.11,1,37,36.2098,1,37,36.3167,1,37,5.6985,1,38,5.81
8,17,Neutral,175.22,123.73,460.34,182.5,291.11,1,30,48.1741,1,30,48.1741,1,37,6.8985,1,38,7.7467
8,17,Defensive,175.22,123.73,460.34,182.5,291.11,1,30,67.5074,1,30,67.5074,1,37,9.2985,1,38,11.62
8,17,Dynamic,175.22,123.73,460.34,182.5,291.11,1,37,36.2098,1,37,36.3167,1,37,5.6985,1,38,5.81
8,18,Offensive,441.58,77.71,184.8,166.99,271.86,1,27,26.0,1,27,27.7297,1,27,2.6,1,27,4.0905
8,18,Neutral,441.58,77.71,184.8,166.99,271.86,1,27,34.6667,1,27,34.6667,1,27,3.4667,1,27,5.454
8,18,Defensive,441.58,77.71,184.8,166.99,271.86,1,27,52.0,1,27,52.0,1,27,5.2,1,27,8.1811
8,18,Dynamic,441.58,77.71,184.8,166.99,271.86,1,27,26.0,1,27,27.7297,1,27,2.6,1,27,4.0905
8,19,Offensive,245.44,278.14,193.3,418.33,149.57,1,15,14.6843,1,15,14.6843,1,15,8.2433,1,15,2.4144
8,19,Neutral,245.44,278.14,193.3,418.33,149.57,1,15,19.351,1,15,19.351,1,15,8.7099,1,15,1.8486
8,19,Defensive,245.44,278.14,193.3,418.33,149.57,1,15,28.6843,1,15,28.6843,1,15,9.6433,1,15,2.7729
8,19,Dynamic,245.44,278.14,193.3,418.33,149.57,1,15,14.6843,1,15,14.6843,1,15,8.2433,1,15,2.4144
8,20,Offensive,283.37,362.77,37.62,396.83,248.1,1,27,30.8444,1,27,30.9833,1,32,37.5232,1,28,7.4701
8,20,Neutral,283.37,362.77,37.62,396.83,248.1,1,27,39.5111,1,27,39.5137,1,32,38.5566,1,28,9.9602
8,20,Defensive,283.37,362.77,37.62,396.83,248.1,1,27,56.8444,1,27,56.8444,1,32,40.6232,1,28,13.953
8,20,Dynamic,283.37,362.77,37.62,396.83,248.1,1,27,31.1777,1,27,31.3167,1,32,37.5566,1,28,8.5331
8,21,Offensive,294.21,253.61,447.99,85.09,228.13,1,27,27.8907,1,27,28.0418,1,33,3.2,1,27,4.4932
8,21,Neutral,294.21,253.61,447.99,85.09,228.13,1,27,36.5574,1,27,36.5574,1,33,4.2667,1,27,5.9909
8,21,Defensive,294.21,253.61,447.99,85.09,228.13,1,27,53.8907,1,27,53.8907,1,33,6.4,1,27,8.9863
8,21,Dynamic,294.21,253.61,447.99,85.09,228.13,1,27,27.8907,1,27,28.0418,1,33,3.2,1,27,4.4932
8,22,Offensive,203.58,308.47,406.76,166.62,247.8,1,28,40.0595,1,28,40.1717,1,53,66.8968,1,47,12.8566
8,22,Neutral,203.58,308.47,406.76,166.62,247.8,1,28,49.0595,1,28,49.0595,1,53,68.6302,1,47,16.6465
8,22,Defensive,203.58,308.47,406.76,166.62,247.8,1,28,67.0595,1,28,67.0595,1,53,72.0968,1,48,23.5693
8,22,Dynamic,203.58,308.47,406.76,166.62,247.8,1,28,42.3928,1,31,42.4455,1,53,66.9968,1,47,16.4325
8,23,Offensive,331.28,185.66,151.17,416.97,293.16,1,34,36.8389,1,34,36.9771,1,44,18.4938,1,33,9.5235
8,23,Neutral,331.28,185.66,151.17,416.97,293.16,1,34,47.8389,1,34,47.8389,1,44,19.9272,1,34,11.1462
8,23,Defensive,331.28,185.66,151.17,416.97,293.16,1,26,67.3606,1,26,67.3606,1,44,22.7938,1,34,16.3799
8,23,Dynamic,331.28,185.66,151.17,416.97,293.16,1,34,37.1722,1,34,37.3104,1,44,18.4938,1,34,9.6517
8,24,Offensive,280.66,110.71,447.38,293.79,247.62,1,23,34.6374,1,32,35.7731,1,39,3.8,1,23,15.0771
8,24,Neutral,280.66,110.71,447.38,293.79,247.62,1,23,41.9708,1,23,41.9708,1,39,5.0667,1,24,20.1003
8,24,Defensive,280.66,110.71,447.38,293.79,247.62,1,22,56.1643,1,22,56.1643,1,39,7.6,1,40,12.0317
8,24,Dynamic,280.66,110.71,447.38,293.79,247.62,1,23,35.9708,1,32,36.4398,1,39,3.8,1,24,17.4616
8,25,Offensive,174.57,275.54,414.08,128.73,280.92,1,26,40.5228,1,26,40.6293,1,32,139.4215,1,26,17.8973
8,25,Neutral,174.57,275.54,414.08,128.73,280.92,1,26,48.8562,1,26,48.8562,1,32,140.4548,1,26,23.863
8,25,Defensive,174.57,275.54,414.08,128.73,280.92,1,26,65.5228,1,26,65.5228,1,32,142.5215,1,26,35.7946
8,25,Dynamic,174.57,275.54,414.08,128.73,280.92,1,26,42.8562,1,26,42.9627,1,32,139.6548,1,26,29.4776
8,26,Offensive,455.65,340.05,101.37,264.02,362.35,1,36,40.5079,1,36,40.9669,1,61,53.123,1,38,10.7525
8,26,Neutral,455.65,340.05,101.37,264.02,362.35,1,36,52.1746,1,36,52.1746,1,61,55.123,1,38,14.3366
8,26,Defensive,455.65,340.05,101.37,264.02,362.35,1,36,75.5079,1,36,75.5079,1,61,59.123,1,38,20.9912
8,26,Dynamic,455.65,340.05,101.37,264.02,362.35,1,36,41.5079,1,36,41.9669,1,61,53.223,1,38,15.0122
8,27,Offensive,464.42,412.29,148.43,425.59,316.27,1,38,40.6784,1,33,42.2088,1,83,24.2729,1,34,13.8913
8,27,Neutral,464.42,412.29,148.43,425.59,316.27,1,33,52.8627,1,33,52.8627,1,83,27.0063,1,34,18.5217
8,27,Defensive,464.42,412.29,148.43,425.59,316.27,1,33,74.196,1,33,74.196,1,40,31.8291,1,39,16.2451
8,27,Dynamic,464.42,412.29,148.43,425.59,316.27,1,38,41.0118,1,33,43.2088,1,83,24.3063,1,34,16.188
8,28,Offensive,273.17,62.96,475.42,129.49,212.91,1,21,20.0815,1,21,20.0815,1,21,2.8146,1,21,2.4852
8,28,Neutral,273.17,62.96,475.42,129.49,212.91,1,21,26.7481,1,21,26.7481,1,21,3.4813,1,21,3.3136
8,28,Defensive,273.17,62.96,475.42,129.49,212.91,1,21,40.0815,1,21,40.0815,1,21,4.8146,1,22,3.1207
8,28,Dynamic,273.17,62.96,475.42,129.49,212.91,1,21,20.0815,1,21,20.0815,1,21,2.8146,1,21,2.4852
8,29,Offensive,258.71,151.78,172.22,127.78,89.76,1,9,8.0,1,9,8.0,1,9,0.8,1,9,0.2006
8,29,Neutral,258.71,151.78,172.22,127.78,89.76,1,9,10.6667,1,9,10.6667,1,9,1.0667,1,9,0.2674
8,29,Defensive,258.71,151.78,172.22,127.78,89.76,1,9,16.0,1,9,16.0,1,9,1.6,1,9,0.4011
8,29,Dynamic,258.71,151.78,172.22,127.78,89.76,1,9,8.0,1,9,8.0,1,9,0.8,1,9,0.2006
8,30,Offensive,407.55,357.49,234.71,428.91,187.02,1,19,21.8769,1,18,21.9668,1,76,19.3989,1,18,7.6613
8,30,Neutral,407.55,357.49,234.71,428.91,187.02,1,18,27.6057,1,18,27.6335,1,76,21.8989,1,19,6.8067
8,30,Defensive,407.55,357.49,234.71,428.91,187.02,1,18,38.939,1,18,38.939,1,25,24.6551,1,19,10.2101
8,30,Dynamic,407.55,357.49,234.71,428.91,187.02,1,19,21.8769,1,18,21.9668,1,76,19.3989,1,18,7.6613
8,31,Offensive,139.25,156.37,237.01,112.64,107.09,1,11,10.0,1,11,10.0,1,11,1.0,1,11,0.3239
8,31,Neutral,139.25,156.37,237.01,112.64,107.09,1,11,13.3333,1,11,13.3333,1,11,1.3333,1,11,0.4318
8,31,Defensive,139.25,156.37,237.01,112.64,107.09,1,11,20.0,1,11,20.0,1,11,2.0,1,11,0.6478
8,31,Dynamic,139.25,156.37,237.01,112.64,107.09,1,11,10.0,1,11,10.0,1,11,1.0,1,11,0.3239
8,32,Offensive,26.31,344.59,320.71,287.45,299.9,1,31,32.5853,1,31,33.3193,1,31,28.8527,1,31,7.3025
8,32,Neutral,26.31,344.59,320.71,287.45,299.9,1,31,42.5853,1,31,42.5853,1,31,29.8527,1,31,9.7367
8,32,Defensive,26.31,344.59,320.71,287.45,299.9,1,31,62.5853,1,31,62.5853,1,31,31.8527,1,32,12.5818
8,32,Dynamic,26.31,344.59,320.71,287.45,299.9,1,31,32.9186,1,31,33.6527,1,31,28.886,1,31,7.9199
8,33,Offensive,190.73,437.84,349.23,433.49,158.56,1,16,28.2856,1,16,28.2983,1,92,61.4455,1,19,12.7275
8,33,Neutral,190.73,437.84,349.23,433.49,158.56,1,16,33.2856,1,16,33.2856,1,92,64.4788,1,19,16.97
8,33,Defensive,190.73,437.84,349.23,433.49,158.56,1,16,43.2856,1,16,43.2856,1,47,69.5016,1,19,25.455
8,33,Dynamic,190.73,437.84,349.23,433.49,158.56,1,16,29.6189,1,16,29.6316,1,92,61.4788,1,19,15.5864
8,34,Offensive,54.31,228.66,427.66,313.31,382.83,1,38,38.026,1,38,38.1939,1,66,6.5,1,38,6.0714
8,34,Neutral,54.31,228.66,427.66,313.31,382.83,1,38,50.3593,1,38,50.3593,1,66,8.6667,1,38,8.0952
8,34,Defensive,54.31,228.66,427.66,313.31,382.83,1,38,75.026,1,38,75.026,1,62,12.7878,1,39,11.8996
8,34,Dynamic,54.31,228.66,427.66,313.31,382.83,1,38,38.026,1,38,38.1939,1,66,6.5,1,38,6.0714
8,35,Offensive,38.3,42.03,403.76,317.68,457.76,1,38,41.622,1,38,41.9716,1,64,6.3,1,38,10.5801
8,35,Neutral,38.3,42.03,403.76,317.68,457.76,1,38,53.9553,1,38,53.9553,1,64,8.4,1,38,14.1067
8,35,Defensive,38.3,42.03,403.76,317.68,457.76,1,38,78.622,1,38,78.622,1,64,12.6,1,46,16.4984
8,35,Dynamic,38.3,42.03,403.76,317.68,457.76,1,38,42.2886,1,38,42.6382,1,64,6.3,1,38,11.7146
8,36,Offensive,182.55,452.19,448.29,119.75,425.6,1,45,51.0688,1,44,51.7048,1,55,40.967,1,49,14.7332
8,36,Neutral,182.55,452.19,448.29,119.75,425.6,1,44,65.4642,1,44,65.4642,1,55,42.767,1,49,19.6443
8,36,Defensive,182.55,452.19,448.29,119.75,425.6,1,43,93.7285,1,43,93.7285,1,55,46.367,1,49,27.4885
8,36,Dynamic,182.55,452.19,448.29,119.75,425.6,1,45,52.0688,1,44,52.7048,1,55,41.067,1,49,18.2899
8,37,Offensive,194.32,466.53,202.99,131.32,335.32,1,34,33.0,1,34,33.0,1,34,3.3,1,34,4.7808
8,37,Neutral,194.32,466.53,202.99,131.32,335.32,1,34,44.0,1,34,44.0,1,34,4.4,1,34,6.3744
8,37,Defensive,194.32,466.53,202.99,131.32,335.32,1,34,66.0,1,34,66.0,1,34,6.6,1,34,7.4832
8,37,Dynamic,194.32,466.53,202.99,131.32,335.32,1,34,33.0,1,34,33.0,1,34,3.3,1,34,4.7808
8,38,Offensive,245.65,300.04,139.59,387.35,137.38,1,16,15.9417,1,16,16.1217,1,16,10.9166,1,15,4.1855
8,38,Neutral,245.65,300.04,139.59,387.35,137.38,1,16,20.9417,1,16,20.9417,1,16,11.4166,1,16,2.9849
8,38,Defensive,245.65,300.04,139.59,387.35,137.38,1,15,30.5982,1,15,30.5982,1,16,12.4166,1,16,4.4774
8,38,Dynamic,245.65,300.04,139.59,387.35,137.38,1,16,15.9417,1,16,16.1217,1,16,10.9166,1,15,4.1855
8,39,Offensive,258.35,96.38,197.11,180.54,104.09,1,10,9.0,1,10,9.0,1,10,0.9,1,10,0.2808
8,39,Neutral,258.35,96.38,197.11,180.54,104.09,1,10,12.0,1,10,12.0,1,10,1.2,1,10,0.3744
8,39,Defensive,258.35,96.38,197.11,180.54,104.09,1,10,18.0,1,10,18.0,1,10,1.8,1,10,0.5616
8,39,Dynamic,258.35,96.38,197.11,180.54,104.09,1,10,9.0,1,10,9.0,1,10,0.9,1,10,0.2808
8,40,Offensive,395.07,194.71,353.85,315.42,127.56,1,13,16.889,1,13,17.1167,1,27,14.5292,1,13,5.6455
8,40,Neutral,395.07,194.71,353.85,315.42,127.56,1,13,20.889,1,13,21.0831,1,27,15.3959,1,13,7.5274
8,40,Defensive,395.07,194.71,353.85,315.42,127.56,1,13,28.889,1,13,28.889,1,27,17.1292,1,13,11.2911
8,40,Dynamic,395.07,194.71,353.85,315.42,127.56,1,13,17.5556,1,13,17.7834,1,27,14.5292,1,13,6.7859
8,41,Offensive,116.74,366.62,278.84,245.45,202.39,1,19,19.146,1,19,19.2807,1,21,11.2936,1,18,4.2473
8,41,Neutral,116.74,366.62,278.84,245.45,202.39,1,19,25.146,1,19,25.146,1,21,11.9602,1,19,3.1749
8,41,Defensive,116.74,366.62,278.84,245.45,202.39,1,18,37.0011,1,18,37.0011,1,21,13.2936,1,19,4.7623
8,41,Dynamic,116.74,366.62,278.84,245.45,202.39,1,19,19.146,1,19,19.2807,1,21,11.2936,1,18,4.2473
8,42,Offensive,268.92,217.83,451.25,173.61,187.61,1,24,33.2973,1,24,33.2973,1,40,18.8227,1,33,7.1652
8,42,Neutral,268.92,217.83,451.25,173.61,187.61,1,24,40.964,1,24,40.964,1,40,20.1227,1,34,9.2398
8,42,Defensive,268.92,217.83,451.25,173.61,187.61,1,24,56.2973,1,24,56.2973,1,40,22.7227,1,34,12.1836
8,42,Dynamic,268.92,217.83,451.25,173.61,187.61,1,24,33.964,1,24,33.964,1,40,18.8227,1,33,7.1652
8,43,Offensive,269.77,330.8,38.13,272.12,238.95,1,24,23.0,1,24,23.162,1,24,2.3,1,24,2.3246
8,43,Neutral,269.77,330.8,38.13,272.12,238.95,1,24,30.6667,1,24,30.6667,1,24,3.0667,1,24,3.0995
8,43,Defensive,269.77,330.8,38.13,272.12,238.95,1,24,46.0,1,24,46.0,1,24,4.6,1,24,4.0374
8,43,Dynamic,269.77,330.8,38.13,272.12,238.95,1,24,23.0,1,24,23.162,1,24,2.3,1,24,2.3246
8,44,Offensive,133.67,479.81,338.4,292.03,277.8,1,24,28.3454,1,24,28.8387,1,84,34.5851,1,24,8.0261
8,44,Neutral,133.67,479.81,338.4,292.03,277.8,1,24,36.0121,1,24,36.0121,1,84,37.3518,1,28,8.7863
8,44,Defensive,133.67,479.81,338.4,292.03,277.8,1,24,51.3454,1,24,51.3454,1,30,40.0412,1,28,12.0367
8,44,Dynamic,133.67,479.81,338.4,292.03,277.8,1,24,29.0121,1,24,29.5053,1,84,34.6184,1,28,7.5204
8,45,Offensive,172.47,360.78,119.86,477.67,128.19,1,12,12.6616,1,12,13.54,1,12,17.7159,1,12,2.989
8,45,Neutral,172.47,360.78,119.86,477.67,128.19,1,12,16.3283,1,12,16.3283,1,12,18.0826,1,12,3.0284
8,45,Defensive,172.47,360.78,119.86,477.67,128.19,1,12,23.6616,1,12,23.6616,1,12,18.8159,1,12,4.5426
8,45,Dynamic,172.47,360.78,119.86,477.67,128.19,1,12,12.9949,1,12,13.8734,1,12,17.7492,1,12,3.5692
8,46,Offensive,239.03,382.86,330.32,458.03,118.25,1,11,18.0217,1,11,18.0217,1,89,36.1999,1,11,8.3831
8,46,Neutral,239.03,382.86,330.32,458.03,118.25,1,11,21.3551,1,11,21.3551,1,89,39.1333,1,11,11.1775
8,46,Defensive,239.03,382.86,330.32,458.03,118.25,1,11,28.0217,1,11,28.0217,1,43,43.9073,1,11,16.7662
8,46,Dynamic,239.03,382.86,330.32,458.03,118.25,1,11,19.0217,1,11,19.0217,1,89,36.2333,1,11,10.6582
8,47,Offensive,449.69,111.05,150.23,392.56,411.01,1,45,45.8907,1,45,47.5219,1,49,4.8,1,46,17.4795
8,47,Neutral,449.69,111.05,150.23,392.56,411.01,1,45,60.5574,1,45,60.5574,1,49,6.4,1,45,14.7889
8,47,Defensive,449.69,111.05,150.23,392.56,411.01,1,43,89.4024,1,43,89.4024,1,49,9.6,1,45,18.5519
8,47,Dynamic,449.69,111.05,150.23,392.56,411.01,1,45,45.8907,1,45,47.5219,1,49,4.8,1,46,18.7145
8,48,Offensive,402.91,46.99,273.6,107.61,142.82,1,15,14.5562,1,14,15.221,1,16,1.5,1,15,2.2044
8,48,Neutral,402.91,46.99,273.6,107.61,142.82,1,14,19.0129,1,14,19.0129,1,16,2.0,1,15,2.4012
8,48,Defensive,402.91,46.99,273.6,107.61,142.82,1,14,27.6795,1,14,27.6795,1,16,3.0,1,16,2.7795
8,48,Dynamic,402.91,46.99,273.6,107.61,142.82,1,15,14.5562,1,14,15.221,1,16,1.5,1,15,2.2044
8,49,Offensive,113.83,153.46,114.85,208.67,55.23,1,10,11.8623,1,10,12.1464,1,12,28.1593,1,10,3.3649
8,49,Neutral,113.83,153.46,114.85,208.67,55.23,1,10,14.8623,1,10,14.8623,1,11,28.4961,1,10,4.4865
8,49,Defensive,113.83,153.46,114.85,208.67,55.23,1,10,20.8623,1,10,20.8623,1,11,29.1628,1,10,6.7298
8,49,Dynamic,113.83,153.46,114.85,208.67,55.23,1,10,12.1957,1,10,12.4798,1,12,28.1926,1,10,4.2669
8,50,Offensive,136.36,47.92,340.32,85.68,207.43,1,22,21.0,1,22,21.0,1,22,2.1,1,22,1.4983
8,50,Neutral,136.36,47.92,340.32,85.68,207.43,1,22,28.0,1,22,28.0,1,22,2.8,1,22,1.9977
8,50,Defensive,136.36,47.92,340.32,85.68,207.43,1,22,42.0,1,22,42.0,1,22,4.2,1,22,2.9965
8,50,Dynamic,136.36,47.92,340.32,85.68,207.43,1,22,21.0,1,22,21.0,1,22,2.1,1,22,1.4983
8,51,Offensive,25.88,233.6,211.11,236.33,185.25,1,20,19.0588,1,20,19.0848,1,22,2.1,1,20,1.342
8,51,Neutral,25.88,233.6,211.11,236.33,185.25,1,20,25.3921,1,20,25.3921,1,22,2.8,1,20,1.7893
8,51,Defensive,25.88,233.6,211.11,236.33,185.25,1,20,38.0588,1,20,38.0588,1,22,4.2,1,20,2.684
8,51,Dynamic,25.88,233.6,211.11,236.33,185.25,1,20,19.0588,1,20,19.0848,1,22,2.1,1,20,1.342
8,52,Offensive,172.49,243.85,87.83,140.99,133.22,1,15,14.1461,1,15,14.4354,1,16,1.5,1,15,1.0316
8,52,Neutral,172.49,243.85,87.83,140.99,133.22,1,15,18.8127,1,15,18.8127,1,16,2.0,1,15,1.3755
8,52,Defensive,172.49,243.85,87.83,140.99,133.22,1,15,28.1461,1,15,28.1461,1,16,3.0,1,15,2.0633
8,52,Dynamic,172.49,243.85,87.83,140.99,133.22,1,15,14.1461,1,15,14.4354,1,16,1.5,1,15,1.0316
8,53,Offensive,397.21,427.87,74.18,34.37,509.11,1,43,52.619,1,43,53.546,1,75,17.0921,1,43,19.875
8,53,Neutral,397.21,427.87,74.18,34.37,509.11,1,43,66.619,1,43,66.9894,1,75,19.5588,1,50,23.4458
8,53,Defensive,397.21,427.87,74.18,34.37,509.11,1,42,94.0271,1,42,94.0271,1,75,24.4921,1,61,31.1369
8,53,Dynamic,397.21,427.87,74.18,34.37,509.11,1,43,53.9523,1,43,54.8793,1,75,17.0921,1,49,19.9819
8,54,Offensive,80.17,445.24,379.01,326.51,321.56,1,30,30.2889,1,30,30.6194,1,79,7.8,1,30,4.8484
8,54,Neutral,80.17,445.24,379.01,326.51,321.56,1,30,39.9555,1,30,39.9555,1,79,10.4,1,30,6.4645
8,54,Defensive,80.17,445.24,379.01,326.51,321.56,1,30,59.2889,1,30,59.2889,1,31,13.9561,1,30,9.4967
8,54,Dynamic,80.17,445.24,379.01,326.51,321.56,1,30,30.2889,1,30,30.6194,1,79,7.8,1,30,4.8484
8,55,Offensive,248.95,328.34,414.25,282.56,171.52,1,18,17.7956,1,18,17.9131,1,61,6.0,1,18,6.3235
8,55,Neutral,248.95,328.34,414.25,282.56,171.52,1,18,23.4623,1,18,23.5798,1,61,8.0,1,18,2.9431
8,55,Defensive,248.95,328.34,414.25,282.56,171.52,1,18,34.7956,1,18,34.7956,1,18,11.3561,1,19,4.2036
8,55,Dynamic,248.95,328.34,414.25,282.56,171.52,1,18,17.7956,1,18,17.9131,1,61,6.0,1,18,2.2073
8,56,Offensive,369.01,24.99,279.12,69.59,100.34,1,10,12.2507,1,10,12.2507,1,10,33.4075,1,10,3.7472
8,56,Neutral,369.01,24.99,279.12,69.59,100.34,1,10,15.2507,1,10,15.2507,1,10,33.7075,1,10,4.6884
8,56,Defensive,369.01,24.99,279.12,69.59,100.34,1,10,21.2507,1,10,21.2507,1,10,34.3075,1,10,7.0326
8,56,Dynamic,369.01,24.99,279.12,69.59,100.34,1,10,12.5841,1,10,12.5841,1,10,33.4408,1,10,4.8036
8,57,Offensive,105.05,357.94,63.5,111.78,249.65,1,25,24.0,1,25,24.0218,1,25,2.4,1,25,1.98
8,57,Neutral,105.05,357.94,63.5,111.78,249.65,1,25,32.0,1,25,32.0,1,25,3.2,1,25,2.64
8,57,Defensive,105.05,357.94,63.5,111.78,249.65,1,25,48.0,1,25,48.0,1,25,4.8,1,25,3.96
8,57,Dynamic,105.05,357.94,63.5,111.78,249.65,1,25,24.0,1,25,24.0218,1,25,2.4,1,25,1.98
8,58,Offensive,372.22,271.96,463.03,428.37,180.85,1,16,17.0141,1,16,17.0141,1,17,13.918,1,16,2.8129
8,58,Neutral,372.22,271.96,463.03,428.37,180.85,1,16,22.0141,1,16,22.0141,1,17,14.4513,1,16,3.7505
8,58,Defensive,372.22,271.96,463.03,428.37,180.85,1,16,32.0141,1,16,32.0141,1,17,15.518,1,16,5.6257
8,58,Dynamic,372.22,271.96,463.03,428.37,180.85,1,16,17.0141,1,16,17.0141,1,17,13.918,1,16,2.8129
8,59,Offensive,209.37,266.26,194.35,22.32,244.4,1,25,24.0,1,25,24.0,1,25,2.4,1,25,1.9518
8,59,Neutral,209.37,266.26,194.35,22.32,244.4,1,25,32.0,1,25,32.0,1,25,3.2,1,25,2.6024
8,59,Defensive,209.37,266.26,194.35,22.32,244.4,1,25,48.0,1,25,48.0,1,25,4.8,1,25,3.9035
8,59,Dynamic,209.37,266.26,194.35,22.32,244.4,1,25,24.0,1,25,24.0,1,25,2.4,1,25,1.9518
8,60,Offensive,220.79,435.13,374.1,129.9,341.57,1,38,38.8907,1,38,39.1541,1,44,4.3,1,38,8.3188
8,60,Neutral,220.79,435.13,374.1,129.9,341.57,1,38,51.224,1,38,51.224,1,44,5.7333,1,38,10.5264
8,60,Defensive,220.79,435.13,374.1,129.9,341.57,1,38,75.8907,1,38,75.8907,1,44,8.6,1,38,14.2141
8,60,Dynamic,220.79,435.13,374.1,129.9,341.57,1,38,38.8907,1,38,39.1541,1,44,4.3,1,38,8.3188
8,61,Offensive,397.34,418.89,88.52,220.23,367.2,1,38,44.6698,1,38,44.9329,1,73,22.5621,1,38,13.1138
8,61,Neutral,397.34,418.89,88.52,220.23,367.2,1,32,56.3961,1,32,56.3961,1,73,24.9621,1,38,17.4851
8,61,Defensive,397.34,418.89,88.52,220.23,367.2,1,32,77.0627,1,32,77.0627,1,73,29.7621,1,49,23.3622
8,61,Dynamic,397.34,418.89,88.52,220.23,367.2,1,38,45.3365,1,38,45.5995,1,73,22.5621,1,38,14.4362
8,62,Offensive,260.84,370.29,140.58,287.74,145.86,1,15,16.8907,1,15,16.8907,1,18,11.117,1,15,4.3264
8,62,Neutral,260.84,370.29,140.58,287.74,145.86,1,15,21.5574,1,15,21.5574,1,18,11.6837,1,17,3.5088
8,62,Defensive,260.84,370.29,140.58,287.74,145.86,1,13,30.4652,1,13,30.4652,1,18,12.817,1,18,4.4925
8,62,Dynamic,260.84,370.29,140.58,287.74,145.86,1,15,16.8907,1,15,16.8907,1,18,11.117,1,15,4.3264
8,63,Offensive,51.9,363.83,413.94,90.07,453.89,1,39,41.0547,1,41,41.325,1,41,17.25,1,38,9.7546
8,63,Neutral,51.9,363.83,413.94,90.07,453.89,1,38,53.6236,1,39,53.7214,1,41,18.5834,1,39,12.3305
8,63,Defensive,51.9,363.83,413.94,90.07,453.89,1,38,78.2903,1,38,78.2903,1,41,21.25,1,41,15.0858
8,63,Dynamic,51.9,363.83,413.94,90.07,453.89,1,39,41.0547,1,41,41.325,1,41,17.25,1,38,9.7546
8,64,Offensive,273.5,177.0,174.55,215.66,106.23,1,11,10.0,1,11,10.161,1,11,1.0,1,11,0.4916
8,64,Neutral,273.5,177.0,174.55,215.66,106.23,1,11,13.3333,1,11,13.3333,1,11,1.3333,1,11,0.6554
8,64,Defensive,273.5,177.0,174.55,215.66,106.23,1,11,20.0,1,11,20.0,1,11,2.0,1,11,0.9831
8,64,Dynamic,273.5,177.0,174.55,215.66,106.23,1,11,10.0,1,11,10.161,1,11,1.0,1,11,0.4916
8,65,Offensive,334.93,166.48,140.45,45.38,229.09,1,20,21.3763,1,23,23.5269,1,24,2.3,1,20,3.9304
8,65,Neutral,334.93,166.48,140.45,45.38,229.09,1,20,27.7096,1,20,27.7096,1,24,3.0667,1,20,5.2406
8,65,Defensive,334.93,166.48,140.45,45.38,229.09,1,20,40.3763,1,20,40.3763,1,24,4.6,1,24,4.5757
8,65,Dynamic,334.93,166.48,140.45,45.38,229.09,1,20,21.3763,1,23,23.5269,1,24,2.3,1,20,3.9304
8,66,Offensive,204.12,396.64,205.7,151.01,245.64,1,25,24.0,1,25,24.0,1,25,2.4,1,25,2.9996
8,66,Neutral,204.12,396.64,205.7,151.01,245.64,1,25,32.0,1,25,32.0,1,25,3.2,1,25,3.9995
8,66,Defensive,204.12,396.64,205.7,151.01,245.64,1,25,48.0,1,25,48.0,1,25,4.8,1,25,3.9211
8,66,Dynamic,204.12,396.64,205.7,151.01,245.64,1,25,24.0,1,25,24.0,1,25,2.4,1,25,2.9996
8,67,Offensive,77.58,156.2,140.55,295.63,152.99,1,15,14.8234,1,15,14.8234,1,16,6.1123,1,15,1.5676
8,67,Neutral,77.58,156.2,140.55,295.63,152.99,1,15,19.49,1,15,19.49,1,16,6.6123,1,15,2.0901
8,67,Defensive,77.58,156.2,140.55,295.63,152.99,1,15,28.8234,1,15,28.8234,1,16,7.6123,1,15,3.1351
8,67,Dynamic,77.58,156.2,140.55,295.63,152.99,1,15,14.8234,1,15,14.8234,1,16,6.1123,1,15,1.5676
8,68,Offensive,117.23,47.84,478.58,62.23,361.64,1,37,38.2729,1,37,38.4074,1,39,23.9603,1,37,7.9207
8,68,Neutral,117.23,47.84,478.58,62.23,361.64,1,37,50.2729,1,37,50.2729,1,39,25.227,1,37,10.5609
8,68,Defensive,117.23,47.84,478.58,62.23,361.64,1,37,74.2729,1,37,74.2729,1,39,27.7603,1,37,14.1314
8,68,Dynamic,117.23,47.84,478.58,62.23,361.64,1,37,38.6062,1,37,38.7407,1,39,23.9936,1,37,8.5927
8,69,Offensive,479.89,20.53,277.42,146.61,238.51,1,25,28.4271,1,25,28.623,1,29,21.3274,1,29,6.9296
8,69,Neutral,479.89,20.53,277.42,146.61,238.51,1,25,36.4271,1,25,36.4879,1,29,22.2608,1,29,9.2395
8,69,Defensive,479.89,20.53,277.42,146.61,238.51,1,24,52.2004,1,24,52.2004,1,29,24.1274,1,29,10.4259
8,69,Dynamic,479.89,20.53,277.42,146.61,238.51,1,26,28.8409,1,26,29.0368,1,29,21.3608,1,29,7.5288
8,70,Offensive,203.82,172.61,52.44,233.32,163.1,1,16,15.0588,1,16,15.5087,1,21,2.0,1,16,1.3024
8,70,Neutral,203.82,172.61,52.44,233.32,163.1,1,16,20.0588,1,16,20.103,1,16,2.5878,1,16,1.1995
8,70,Defensive,203.82,172.61,52.44,233.32,163.1,1,16,30.0588,1,16,30.0588,1,16,3.5878,1,16,1.7992
8,70,Dynamic,203.82,172.61,52.44,233.32,163.1,1,16,15.0588,1,16,15.5087,1,21,2.0,1,16,1.3024
8,71,Offensive,413.3,425.25,102.83,444.81,311.08,1,32,39.6055,1,32,39.6183,1,90,28.4432,1,32,12.4773
8,71,Neutral,413.3,425.25,102.83,444.81,311.08,1,32,49.9388,1,32,49.9388,1,90,31.4099,1,32,16.6364
8,71,Defensive,413.3,425.25,102.83,444.81,311.08,1,32,70.6055,1,32,70.6055,1,46,36.4994,1,32,24.9546
8,71,Dynamic,413.3,425.25,102.83,444.81,311.08,1,32,40.2722,1,32,40.2849,1,90,28.4766,1,32,14.2558
8,72,Offensive,183.0,49.95,303.14,402.98,372.92,1,40,40.5331,1,40,40.5331,1,40,19.2306,1,37,10.6492
8,72,Neutral,183.0,49.95,303.14,402.98,372.92,1,40,53.5331,1,40,53.5331,1,40,20.5306,1,37,14.199
8,72,Defensive,183.0,49.95,303.14,402.98,372.92,1,37,77.5949,1,37,77.5949,1,40,23.1306,1,41,14.5316
8,72,Dynamic,183.0,49.95,303.14,402.98,372.92,1,40,40.8664,1,40,40.8664,1,40,19.2639,1,37,11.1603
8,73,Offensive,223.52,65.6,84.51,197.07,191.33,1,19,19.2696,1,19,19.2749,1,19,14.4962,1,19,2.4245
8,73,Neutral,223.52,65.6,84.51,197.07,191.33,1,19,25.2696,1,19,25.2696,1,19,15.0962,1,19,3.2327
8,73,Defensive,223.52,65.6,84.51,197.07,191.33,1,19,37.2696,1,19,37.2696,1,19,16.2962,1,19,4.849
8,73,Dynamic,223.52,65.6,84.51,197.07,191.33,1,19,19.2696,1,19,19.2749,1,19,14.4962,1,19,2.4245
8,74,Offensive,42.98,145.43,386.42,164.18,343.95,1,35,43.6854,1,35,44.0523,1,35,100.2538,1,35,15.4423
8,74,Neutral,42.98,145.43,386.42,164.18,343.95,1,35,55.0187,1,35,55.0187,1,35,101.3871,1,35,20.5897
8,74,Defensive,42.98,145.43,386.42,164.18,343.95,1,35,77.6854,1,35,77.6854,1,35,103.6538,1,35,30.8845
8,74,Dynamic,42.98,145.43,386.42,164.18,343.95,1,35,45.6854,1,35,46.0523,1,35,100.4538,1,35,24.9671
8,75,Offensive,373.77,76.49,65.33,271.5,364.92,1,35,37.2113,1,35,37.6177,1,36,25.8579,1,35,8.659
8,75,Neutral,373.77,76.49,65.33,271.5,364.92,1,33,48.0268,1,33,48.0268,1,36,27.0246,1,35,11.5453
8,75,Defensive,373.77,76.49,65.33,271.5,364.92,1,32,69.1334,1,32,69.1334,1,36,29.3579,1,36,13.6581
8,75,Dynamic,373.77,76.49,65.33,271.5,364.92,1,35,37.5447,1,35,37.9511,1,36,25.8912,1,35,9.3684
8,76,Offensive,284.35,92.91,355.05,212.42,138.86,1,15,19.6583,1,15,19.6583,1,37,38.9911,1,14,8.3875
8,76,Neutral,284.35,92.91,355.05,212.42,138.86,1,15,24.3249,1,15,24.3249,1,37,40.1911,1,15,8.9168
8,76,Defensive,284.35,92.91,355.05,212.42,138.86,1,14,33.1852,1,14,33.1852,1,37,42.5911,1,15,13.3752
8,76,Dynamic,284.35,92.91,355.05,212.42,138.86,1,15,20.3249,1,15,20.3249,1,37,38.9911,1,14,9.5647
8,77,Offensive,443.58,376.66,260.8,373.44,182.81,1,22,30.2198,1,22,30.2476,1,77,34.982,1,26,14.3516
8,77,Neutral,443.58,376.66,260.8,373.44,182.81,1,22,37.2198,1,22,37.2198,1,77,37.5153,1,28,9.403
8,77,Defensive,443.58,376.66,260.8,373.44,182.81,1,19,50.024,1,19,50.024,1,32,41.5381,1,30,13.6855
8,77,Dynamic,443.58,376.66,260.8,373.44,182.81,1,25,30.8163,1,25,30.8441,1,77,35.0153,1,28,8.4854
8,78,Offensive,105.38,201.27,414.42,252.64,313.28,1,32,34.0143,1,32,34.0386,1,58,24.9955,1,32,11.0334
8,78,Neutral,105.38,201.27,414.42,252.64,313.28,1,32,44.3476,1,32,44.3476,1,58,26.8955,1,32,14.5331
8,78,Defensive,105.38,201.27,414.42,252.64,313.28,1,32,65.0143,1,32,65.0143,1,58,30.6955,1,32,20.8261
8,78,Dynamic,105.38,201.27,414.42,252.64,313.28,1,32,34.3476,1,32,34.372,1,58,25.0289,1,32,12.7927
8,79,Offensive,77.31,179.47,314.48,174.44,237.22,1,26,28.1259,1,26,28.1312,1,33,21.5373,1,26,5.2696
8,79,Neutral,77.31,179.47,314.48,174.44,237.22,1,26,36.4593,1,26,36.4593,1,33,22.604,1,26,7.0261
8,79,Defensive,77.31,179.47,314.48,174.44,237.22,1,26,53.1259,1,26,53.1259,1,33,24.7373,1,26,10.5392
8,79,Dynamic,77.31,179.47,314.48,174.44,237.22,1,26,28.4593,1,26,28.4645,1,33,21.5707,1,26,5.8079
8,80,Offensive,176.8,471.99,283.0,142.45,346.23,1,34,36.9079,1,34,37.3624,1,34,42.3794,1,34,10.2695
8,80,Neutral,176.8,471.99,283.0,142.45,346.23,1,34,47.9079,1,34,47.9079,1,34,43.4794,1,34,11.6775
8,80,Defensive,176.8,471.99,283.0,142.45,346.23,1,34,69.9079,1,34,69.9079,1,34,45.6794,1,34,17.1573
8,80,Dynamic,176.8,471.99,283.0,142.45,346.23,1,34,37.2413,1,34,37.6957,1,34,42.4128,1,34,11.2644
8,81,Offensive,369.2,406.18,196.28,156.69,303.55,1,29,38.8414,1,28,40.9166,1,65,16.0921,1,30,15.6126
8,81,Neutral,369.2,406.18,196.28,156.69,303.55,1,26,47.6789,1,26,47.6789,1,65,18.2255,1,30,19.915
8,81,Defensive,369.2,406.18,196.28,156.69,303.55,1,26,64.3456,1,26,64.3456,1,65,22.4921,1,51,19.117
8,81,Dynamic,369.2,406.18,196.28,156.69,303.55,1,29,40.1747,1,28,42.9166,1,65,16.0921,1,30,18.094
8,82,Offensive,22.98,29.35,89.22,410.08,386.45,1,44,44.0568,1,44,44.0595,1,45,11.2048,1,40,11.4584
8,82,Neutral,22.98,29.35,89.22,410.08,386.45,1,40,57.445,1,40,57.445,1,45,12.6715,1,46,10.9526
8,82,Defensive,22.98,29.35,89.22,410.08,386.45,1,40,83.445,1,40,83.445,1,45,15.6048,1,46,15.595
8,82,Dynamic,22.98,29.35,89.22,410.08,386.45,1,44,44.0568,1,44,44.0595,1,45,11.2048,1,46,8.2145
8,83,Offensive,265.05,428.52,133.17,177.32,283.71,1,26,27.9774,1,26,28.4686,1,28,31.2416,1,26,5.8995
8,83,Neutral,265.05,428.52,133.17,177.32,283.71,1,26,36.3107,1,26,36.4823,1,28,32.1416,1,26,7.8659
8,83,Defensive,265.05,428.52,133.17,177.32,283.71,1,26,52.9774,1,26,52.9774,1,28,33.9416,1,26,11.7989
8,83,Dynamic,265.05,428.52,133.17,177.32,283.71,1,26,28.3107,1,26,28.8019,1,28,31.275,1,26,6.8508
8,84,Offensive,151.73,90.44,32.77,244.28,194.47,1,17,18.5345,1,17,18.5563,1,20,8.8083,1,17,3.8084
8,84,Neutral,151.73,90.44,32.77,244.28,194.47,1,17,23.8679,1,17,23.8896,1,20,9.4416,1,18,3.7859
8,84,Defensive,151.73,90.44,32.77,244.28,194.47,1,17,34.5345,1,17,34.5345,1,20,10.7083,1,20,3.89
8,84,Dynamic,151.73,90.44,32.77,244.28,194.47,1,17,18.8679,1,17,18.8896,1,20,8.8083,1,19,3.1793
8,85,Offensive,300.61,21.8,29.58,224.47,338.42,1,32,34.4129,1,32,34.4572,1,39,28.5656,1,34,6.9552
8,85,Neutral,300.61,21.8,29.58,224.47,338.42,1,32,44.7462,1,32,44.7462,1,39,29.8323,1,34,9.2736
8,85,Defensive,300.61,21.8,29.58,224.47,338.42,1,32,65.4129,1,32,65.4129,1,35,32.1535,1,34,13.1272
8,85,Dynamic,300.61,21.8,29.58,224.47,338.42,1,32,34.7462,1,32,34.7905,1,39,28.599,1,34,7.6895
8,86,Offensive,365.67,280.64,38.81,245.39,328.75,1,36,36.1435,1,36,36.9781,1,72,7.1,1,36,6.6791
8,86,Neutral,365.67,280.64,38.81,245.39,328.75,1,36,47.8102,1,36,47.8544,1,72,9.4667,1,36,8.2089
8,86,Defensive,365.67,280.64,38.81,245.39,328.75,1,34,70.6808,1,34,70.6808,1,68,13.9878,1,36,11.7511
8,86,Dynamic,365.67,280.64,38.81,245.39,328.75,1,36,36.1435,1,36,36.9781,1,72,7.1,1,36,6.6791
8,87,Offensive,255.66,202.05,174.77,407.59,220.88,1,23,22.0,1,22,22.0406,1,23,2.2,1,22,4.3439
8,87,Neutral,255.66,202.05,174.77,407.59,220.88,1,22,29.0406,1,22,29.0406,1,23,2.9333,1,23,3.952
8,87,Defensive,255.66,202.05,174.77,407.59,220.88,1,22,43.0406,1,22,43.0406,1,23,4.4,1,23,4.0299
8,87,Dynamic,255.66,202.05,174.77,407.59,220.88,1,23,22.0,1,22,22.0406,1,23,2.2,1,22,4.3439
8,88,Offensive,436.79,426.39,357.87,187.11,251.96,1,25,34.5947,1,25,35.377,1,48,41.646,1,25,13.7815
8,88,Neutral,436.79,426.39,357.87,187.11,251.96,1,25,42.5947,1,25,42.5947,1,48,43.2127,1,25,17.115
8,88,Defensive,436.79,426.39,357.87,187.11,251.96,1,25,58.5947,1,25,58.5947,1,48,46.346,1,38,20.7416
8,88,Dynamic,436.79,426.39,357.87,187.11,251.96,1,25,35.928,1,25,36.7103,1,48,41.6794,1,26,16.2804
8,89,Offensive,196.72,318.06,75.15,222.78,154.46,1,16,16.3262,1,16,16.3262,1,22,2.5425,1,16,2.0726
8,89,Neutral,196.72,318.06,75.15,222.78,154.46,1,16,21.3262,1,16,21.3262,1,22,3.2425,1,16,2.7634
8,89,Defensive,196.72,318.06,75.15,222.78,154.46,1,16,31.3262,1,16,31.3262,1,18,4.4303,1,17,2.5646
8,89,Dynamic,196.72,318.06,75.15,222.78,154.46,1,16,16.3262,1,16,16.3262,1,22,2.5425,1,16,2.0726
8,90,Offensive,291.08,377.7,450.27,259.57,198.23,1,17,17.6158,1,17,17.7333,1,69,12.468,1,17,2.7328
8,90,Neutral,291.08,377.7,450.27,259.57,198.23,1,17,22.9491,1,17,23.0667,1,69,14.7346,1,17,3.6437
8,90,Defensive,291.08,377.7,450.27,259.57,198.23,1,17,33.6158,1,17,33.6158,1,69,19.268,1,17,5.4655
8,90,Dynamic,291.08,377.7,450.27,259.57,198.23,1,17,17.9491,1,17,18.0667,1,69,12.468,1,17,3.1465
8,91,Offensive,461.14,221.2,149.97,184.44,313.33,1,37,38.238,1,35,40.3681,1,47,14.38,1,35,10.8727
8,91,Neutral,461.14,221.2,149.97,184.44,313.33,1,36,50.1473,1,37,50.4096,1,47,15.9134,1,38,11.3114
8,91,Defensive,461.14,221.2,149.97,184.44,313.33,1,36,73.4806,1,36,73.4806,1,47,18.98,1,37,15.153
8,91,Dynamic,461.14,221.2,149.97,184.44,313.33,1,37,38.238,1,37,38.6726,1,47,14.38,1,38,9.0952
8,92,Offensive,43.22,159.84,423.88,152.17,380.74,1,39,50.6198,1,39,50.6198,1,56,84.1764,1,56,15.6882
8,92,Neutral,43.22,159.84,423.88,152.17,380.74,1,39,63.2865,1,39,63.2865,1,56,86.0097,1,57,20.4965
8,92,Defensive,43.22,159.84,423.88,152.17,380.74,1,39,88.6198,1,39,88.6198,1,56,89.6764,1,57,30.9444
8,92,Dynamic,43.22,159.84,423.88,152.17,380.74,1,39,53.2865,1,39,53.2865,1,56,84.3097,1,56,20.0189
8,93,Offensive,430.98,95.07,176.84,41.02,259.83,1,27,26.0,1,27,26.8563,1,27,2.6,1,27,4.0748
8,93,Neutral,430.98,95.07,176.84,41.02,259.83,1,27,34.6667,1,27,34.6667,1,27,3.4667,1,27,4.3147
8,93,Defensive,430.98,95.07,176.84,41.02,259.83,1,27,52.0,1,27,52.0,1,27,5.2,1,27,5.7698
8,93,Dynamic,430.98,95.07,176.84,41.02,259.83,1,27,26.0,1,27,26.8563,1,27,2.6,1,27,4.0748
8,94,Offensive,392.1,56.6,413.63,185.94,131.12,1,19,21.6056,1,19,21.6056,1,37,33.3447,1,19,5.3361
8,94,Neutral,392.1,56.6,413.63,185.94,131.12,1,19,27.6056,1,19,27.6056,1,22,34.0605,1,19,7.1147
8,94,Defensive,392.1,56.6,413.63,185.94,131.12,1,14,38.7762,1,14,38.7762,1,22,35.4605,1,19,9.0009
8,94,Dynamic,392.1,56.6,413.63,185.94,131.12,1,19,21.9389,1,19,21.9389,1,37,33.3447,1,19,5.9331
8,95,Offensive,215.82,404.93,296.13,57.45,356.64,1,36,35.9358,1,36,36.1545,1,36,12.8579,1,36,8.249
8,95,Neutral,215.82,404.93,296.13,57.45,356.64,1,36,47.6025,1,36,47.6025,1,36,14.0245,1,37,8.2524
8,95,Defensive,215.82,404.93,296.13,57.45,356.64,1,36,70.9358,1,36,70.9358,1,36,16.3579,1,37,12.0638
8,95,Dynamic,215.82,404.93,296.13,57.45,356.64,1,36,35.9358,1,36,36.1545,1,36,12.8579,1,36,8.249
8,96,Offensive,70.85,396.41,425.82,294.05,369.43,1,36,38.0587,1,36,38.1762,1,67,29.2306,1,36,7.7167
8,96,Neutral,70.85,396.41,425.82,294.05,369.43,1,36,49.7253,1,36,49.7417,1,67,31.4306,1,36,10.2889
8,96,Defensive,70.85,396.41,425.82,294.05,369.43,1,36,73.0587,1,36,73.0587,1,67,35.8306,1,37,15.2312
8,96,Dynamic,70.85,396.41,425.82,294.05,369.43,1,36,38.392,1,36,38.5095,1,67,29.2639,1,36,8.4959
8,97,Offensive,382.19,199.93,323.9,440.63,247.66,1,27,41.8225,1,28,42.2905,1,45,80.5416,1,28,18.1754
8,97,Neutral,382.19,199.93,323.9,440.63,247.66,1,27,50.4891,1,27,50.4891,1,45,82.0083,1,28,24.0464
8,97,Defensive,382.19,199.93,323.9,440.63,247.66,1,27,67.8225,1,27,67.8225,1,44,84.8929,1,34,29.4907
8,97,Dynamic,382.19,199.93,323.9,440.63,247.66,1,28,44.0627,1,28,44.2905,1,45,80.675,1,28,23.9064
8,98,Offensive,239.11,358.38,70.84,307.56,175.78,1,18,17.0,1,19,18.0,1,18,1.7,1,18,2.757
8,98,Neutral,239.11,358.38,70.84,307.56,175.78,1,17,22.3739,1,17,22.3739,1,18,2.2667,1,19,1.4439
8,98,Defensive,239.11,358.38,70.84,307.56,175.78,1,17,33.0406,1,17,33.0406,1,18,3.4,1,19,2.1659
8,98,Dynamic,239.11,358.38,70.84,307.56,175.78,1,18,17.0,1,19,18.0,1,18,1.7,1,18,2.757
8,99,Offensive,241.44,353.23,432.5,176.87,260.01,1,26,32.6857,1,26,32.6857,1,55,31.1797,1,35,14.509
8,99,Neutral,241.44,353.23,432.5,176.87,260.01,1,26,41.019,1,26,41.019,1,55,32.9797,1,49,15.3523
8,99,Defensive,241.44,353.23,432.5,176.87,260.01,1,26,57.6857,1,26,57.6857,1,55,36.5797,1,34,13.9644
8,99,Dynamic,241.44,353.23,432.5,176.87,260.01,1,26,33.3524,1,26,33.3524,1,55,31.1797,1,49,11.5142
8,100,Offensive,108.81,266.31,454.91,383.65,365.46,1,39,40.7571,1,39,40.9371,1,65,18.1917,1,39,8.3825
8,100,Neutral,108.81,266.31,454.91,383.65,365.46,1,39,53.4237,1,39,53.4237,1,65,20.325,1,39,10.0079
8,100,Defensive,108.81,266.31,454.91,383.65,365.46,1,39,78.7571,1,39,78.7571,1,65,24.5917,1,39,15.0119
8,100,Dynamic,108.81,266.31,454.91,383.65,365.46,1,39,40.7571,1,39,40.9371,1,65,18.1917,1,39,8.3825
9,1,Offensive,146.71,161.19,453.59,174.93,307.19,1,44,48.8533,1,43,48.9604,1,60,39.5641,1,39,21.2639
9,1,Neutral,146.71,161.19,453.59,174.93,307.19,1,43,62.9604,1,43,62.9604,1,49,41.224,1,48,15.2942
9,1,Defensive,146.71,161.19,453.59,174.93,307.19,1,33,85.76,1,33,85.76,1,49,44.424,1,50,20.0001
9,1,Dynamic,146.71,161.19,453.59,174.93,307.19,1,44,49.1867,1,43,49.2937,1,60,39.5974,1,39,22.8595
9,2,Offensive,348.54,227.36,140.95,328.72,231.02,1,21,31.9296,1,21,31.9296,1,42,76.7367,1,21,13.4495
9,2,Neutral,348.54,227.36,140.95,328.72,231.02,1,21,38.5963,1,21,38.5963,1,42,78.1034,1,21,17.9327
9,2,Defensive,348.54,227.36,140.95,328.72,231.02,1,21,51.9296,1,21,51.9296,1,42,80.8367,1,21,26.899
9,2,Dynamic,348.54,227.36,140.95,328.72,231.02,1,21,34.2629,1,21,34.2629,1,42,76.8034,1,29,22.6836
9,3,Offensive,411.77,124.55,43.5,327.84,420.66,1,38,47.3511,1,38,47.6406,1,57,9.3644,1,38,16.7996
9,3,Neutral,411.77,124.55,43.5,327.84,420.66,1,38,59.6845,1,38,59.6845,1,57,11.2311,1,38,22.1896
9,3,Defensive,411.77,124.55,43.5,327.84,420.66,1,38,84.3511,1,38,84.3511,1,57,14.9644,1,56,25.7476
9,3,Dynamic,411.77,124.55,43.5,327.84,420.66,1,38,47.6845,1,38,47.9739,1,57,9.3644,1,38,16.9798
9,4,Offensive,292.85,133.55,104.71,249.97,221.24,1,20,27.9192,1,20,27.9192,1,26,80.1119,1,20,10.2113
9,4,Neutral,292.85,133.55,104.71,249.97,221.24,1,20,34.2525,1,20,34.2525,1,26,80.9453,1,20,13.6151
9,4,Defensive,292.85,133.55,104.71,249.97,221.24,1,20,46.9192,1,20,46.9192,1,26,82.6119,1,23,20.3963
9,4,Dynamic,292.85,133.55,104.71,249.97,221.24,1,20,29.2525,1,20,29.2525,1,26,80.2453,1,27,12.3768
9,5,Offensive,210.11,217.59,67.92,458.09,279.39,1,26,35.5554,1,26,35.7763,1,36,68.0337,1,26,13.4861
9,5,Neutral,210.11,217.59,67.92,458.09,279.39,1,26,43.8887,1,26,43.8887,1,36,69.2004,1,34,14.3018
9,5,Defensive,210.11,217.59,67.92,458.09,279.39,1,25,59.9072,1,25,59.9072,1,36,71.5337,1,34,20.7138
9,5,Dynamic,210.11,217.59,67.92,458.09,279.39,1,26,36.8887,1,26,37.1097,1,36,68.167,1,26,18.4178
9,6,Offensive,279.46,213.38,397.1,376.34,200.99,1,21,23.899,1,21,23.899,1,39,33.4051,1,21,6.2663
9,6,Neutral,279.46,213.38,397.1,376.34,200.99,1,21,30.5657,1,21,30.5657,1,39,34.6718,1,21,7.403
9,6,Defensive,279.46,213.38,397.1,376.34,200.99,1,19,42.713,1,19,42.713,1,39,37.2051,1,21,11.1045
9,6,Dynamic,279.46,213.38,397.1,376.34,200.99,1,21,24.2323,1,21,24.2323,1,39,33.4384,1,21,6.9835
9,7,Offensive,370.4,444.31,125.02,103.8,419.72,1,37,36.4852,1,37,36.5029,1,64,6.3,1,35,7.9227
9,7,Neutral,370.4,444.31,125.02,103.8,419.72,1,36,48.2325,1,36,48.2325,1,64,8.4,1,37,7.7018
9,7,Defensive,370.4,444.31,125.02,103.8,419.72,1,35,71.336,1,35,71.336,1,37,12.0521,1,37,11.5528
9,7,Dynamic,370.4,444.31,125.02,103.8,419.72,1,37,36.4852,1,37,36.5029,1,64,6.3,1,35,7.9227
9,8,Offensive,447.59,250.04,157.08,309.92,296.62,1,31,30.0,1,31,30.0,1,31,3.0,1,30,4.4431
9,8,Neutral,447.59,250.04,157.08,309.92,296.62,1,31,40.0,1,31,40.0,1,31,4.0,1,31,4.7767
9,8,Defensive,447.59,250.04,157.08,309.92,296.62,1,30,59.5585,1,30,59.5585,1,31,6.0,1,31,6.165
9,8,Dynamic,447.59,250.04,157.08,309.92,296.62,1,31,30.0,1,31,30.0,1,31,3.0,1,30,4.4431
9,9,Offensive,144.4,406.99,404.6,163.69,356.23,1,47,56.8224,1,39,57.0904,1,66,48.8055,1,53,20.1768
9,9,Neutral,144.4,406.99,404.6,163.69,356.23,1,33,68.838,1,33,69.041,1,66,50.9722,1,54,25.3046
9,9,Defensive,144.4,406.99,404.6,163.69,356.23,1,27,87.8079,1,27,87.8079,1,66,55.3055,1,55,33.3965
9,9,Dynamic,144.4,406.99,404.6,163.69,356.23,1,47,57.4891,1,39,57.757,1,66,48.8389,1,53,21.3338
9,10,Offensive,91.26,168.89,384.52,376.15,359.11,1,35,34.4852,1,34,34.5659,1,63,6.2,1,34,7.7441
9,10,Neutral,91.26,168.89,384.52,376.15,359.11,1,34,45.5659,1,34,45.5659,1,63,8.2667,1,34,8.217
9,10,Defensive,91.26,168.89,384.52,376.15,359.11,1,32,66.6835,1,32,66.6835,1,35,11.6521,1,35,10.2234
9,10,Dynamic,91.26,168.89,384.52,376.15,359.11,1,35,34.4852,1,34,34.5659,1,63,6.2,1,34,7.7441
9,11,Offensive,472.47,201.04,477.28,472.31,271.31,1,28,31.8652,1,28,31.8652,1,30,44.8094,1,30,6.7355
9,11,Neutral,472.47,201.04,477.28,472.31,271.31,1,28,40.8652,1,28,40.8652,1,30,45.7761,1,30,8.9807
9,11,Defensive,472.47,201.04,477.28,472.31,271.31,1,28,58.8652,1,28,58.8652,1,30,47.7094,1,30,13.4711
9,11,Dynamic,472.47,201.04,477.28,472.31,271.31,1,28,32.5319,1,28,32.5319,1,30,44.8428,1,30,7.6288
9,12,Offensive,195.09,116.8,54.89,55.21,153.13,1,15,14.0,1,15,14.0,1,15,1.4,1,15,0.6593
9,12,Neutral,195.09,116.8,54.89,55.21,153.13,1,15,18.6667,1,15,18.6667,1,15,1.8667,1,15,0.879
9,12,Defensive,195.09,116.8,54.89,55.21,153.13,1,15,28.0,1,15,28.0,1,15,2.8,1,15,1.3185
9,12,Dynamic,195.09,116.8,54.89,55.21,153.13,1,15,14.0,1,15,14.0,1,15,1.4,1,15,0.6593
9,13,Offensive,375.54,111.58,416.05,257.81,151.74,1,20,21.7462,1,20,22.0042,1,21,23.1012,1,19,5.5354
9,13,Neutral,375.54,111.58,416.05,257.81,151.74,1,19,27.801,1,19,27.801,1,21,23.7678,1,20,6.144
9,13,Defensive,375.54,111.58,416.05,257.81,151.74,1,15,37.5739,1,15,37.5739,1,21,25.1012,1,21,7.1694
9,13,Dynamic,375.54,111.58,416.05,257.81,151.74,1,20,22.0795,1,20,22.3376,1,21,23.1345,1,19,6.2172
9,14,Offensive,121.35,336.18,471.44,206.17,373.45,1,39,41.0391,1,39,41.2508,1,43,17.0463,1,39,9.4451
9,14,Neutral,121.35,336.18,471.44,206.17,373.45,1,39,53.7058,1,39,53.7058,1,43,18.4463,1,39,11.8736
9,14,Defensive,121.35,336.18,471.44,206.17,373.45,1,38,78.5976,1,38,78.5976,1,43,21.2463,1,42,15.1442
9,14,Dynamic,121.35,336.18,471.44,206.17,373.45,1,39,41.3725,1,39,41.5841,1,43,17.0463,1,41,9.8593
9,15,Offensive,244.53,290.04,268.97,459.88,171.59,1,17,16.718,1,17,16.8612,1,53,8.6878,1,17,1.726
9,15,Neutral,244.53,290.04,268.97,459.88,171.59,1,17,22.0513,1,17,22.0955,1,17,9.3133,1,17,2.3013
9,15,Defensive,244.53,290.04,268.97,459.88,171.59,1,17,32.718,1,17,32.718,1,17,10.38,1,17,3.452
9,15,Dynamic,244.53,290.04,268.97,459.88,171.59,1,17,16.718,1,17,16.8612,1,53,8.6878,1,17,1.726
9,16,Offensive,476.38,367.86,66.69,461.3,420.2,1,42,46.7064,1,42,46.7064,1,42,61.1638,1,42,11.554
9,16,Neutral,476.38,367.86,66.69,461.3,420.2,1,42,60.373,1,42,60.373,1,42,62.5305,1,42,15.4053
9,16,Defensive,476.38,367.86,66.69,461.3,420.2,1,42,87.7064,1,42,87.7064,1,42,65.2638,1,42,23.108
9,16,Dynamic,476.38,367.86,66.69,461.3,420.2,1,42,48.0397,1,42,48.0397,1,42,61.2971,1,42,16.0429
9,17,Offensive,419.2,180.85,478.39,332.14,162.45,1,16,21.4827,1,16,21.7164,1,17,60.9737,1,16,7.8183
9,17,Neutral,419.2,180.85,478.39,332.14,162.45,1,16,26.4827,1,16,26.4827,1,17,61.5071,1,16,10.4243
9,17,Defensive,419.2,180.85,478.39,332.14,162.45,1,16,36.4827,1,16,36.4827,1,17,62.5737,1,17,14.1165
9,17,Dynamic,419.2,180.85,478.39,332.14,162.45,1,16,22.6123,1,16,22.7164,1,17,61.0737,1,16,11.8364
9,18,Offensive,376.78,389.6,38.26,348.43,341.02,1,37,39.5418,1,37,39.8312,1,45,27.3228,1,37,16.6825
9,18,Neutral,376.78,389.6,38.26,348.43,341.02,1,36,51.2891,1,36,51.2891,1,45,28.7894,1,43,16.8791
9,18,Defensive,376.78,389.6,38.26,348.43,341.02,1,36,74.6224,1,36,74.6224,1,45,31.7228,1,44,15.8127
9,18,Dynamic,376.78,389.6,38.26,348.43,341.02,1,37,39.8751,1,37,40.1646,1,45,27.3561,1,37,17.4466
9,19,Offensive,471.5,418.11,351.37,174.42,271.69,1,26,33.4541,1,26,33.8384,1,27,80.3922,1,26,11.361
9,19,Neutral,471.5,418.11,351.37,174.42,271.69,1,26,41.7875,1,26,41.7875,1,27,81.2589,1,26,15.148
9,19,Defensive,471.5,418.11,351.37,174.42,271.69,1,26,58.4541,1,26,58.4541,1,27,82.9922,1,27,21.5914
9,19,Dynamic,471.5,418.11,351.37,174.42,271.69,1,26,34.1208,1,26,34.505,1,27,80.4589,1,26,13.1112
9,20,Offensive,431.76,364.57,90.65,193.16,381.76,1,36,48.5987,1,36,49.3039,1,64,91.6938,1,44,17.9284
9,20,Neutral,431.76,364.57,90.65,193.16,381.76,1,35,60.0127,1,35,60.0127,1,64,93.7938,1,44,22.4077
9,20,Defensive,431.76,364.57,90.65,193.16,381.76,1,35,82.6793,1,35,82.6793,1,64,97.9938,1,45,30.3211
9,20,Dynamic,431.76,364.57,90.65,193.16,381.76,1,36,51.2653,1,36,51.9706,1,64,91.8271,1,44,24.3525
9,21,Offensive,240.84,198.77,124.91,385.26,219.58,1,21,24.538,1,21,24.9607,1,43,8.5591,1,21,6.7064
9,21,Neutral,240.84,198.77,124.91,385.26,219.58,1,21,31.2046,1,21,31.2046,1,43,9.9591,1,21,8.529
9,21,Defensive,240.84,198.77,124.91,385.26,219.58,1,21,44.538,1,21,44.538,1,43,12.7591,1,21,12.7164
9,21,Dynamic,240.84,198.77,124.91,385.26,219.58,1,21,24.538,1,21,24.9607,1,43,8.5591,1,21,6.7064
9,22,Offensive,440.81,309.87,352.83,24.65,298.49,1,31,31.9684,1,30,32.3335,1,31,22.6838,1,30,14.1046
9,22,Neutral,440.81,309.87,352.83,24.65,298.49,1,30,41.7421,1,30,41.7801,1,31,23.6838,1,32,8.9554
9,22,Defensive,440.81,309.87,352.83,24.65,298.49,1,30,61.0754,1,30,61.0754,1,31,25.6838,1,31,11.7622
9,22,Dynamic,440.81,309.87,352.83,24.65,298.49,1,31,32.3017,1,30,32.6668,1,31,22.7171,1,30,8.2638
9,23,Offensive,151.81,352.29,89.78,243.76,125.01,1,12,17.3401,1,12,17.6519,1,32,47.7752,1,12,7.1876
9,23,Neutral,151.81,352.29,89.78,243.76,125.01,1,12,21.0068,1,12,21.0068,1,32,48.8085,1,12,9.5835
9,23,Defensive,151.81,352.29,89.78,243.76,125.01,1,12,28.3401,1,12,28.3401,1,32,50.8752,1,12,14.3752
9,23,Dynamic,151.81,352.29,89.78,243.76,125.01,1,12,17.6734,1,12,17.6734,1,32,47.8085,1,17,10.0621
9,24,Offensive,42.33,254.36,202.56,345.9,184.53,1,17,16.6265,1,17,16.7345,1,17,7.8651,1,17,1.8406
9,24,Neutral,42.33,254.36,202.56,345.9,184.53,1,17,21.9598,1,17,21.994,1,17,8.3984,1,17,2.4542
9,24,Defensive,42.33,254.36,202.56,345.9,184.53,1,17,32.6265,1,17,32.6265,1,17,9.4651,1,17,3.6813
9,24,Dynamic,42.33,254.36,202.56,345.9,184.53,1,17,16.6265,1,17,16.7345,1,17,7.8651,1,17,1.8406
9,25,Offensive,307.76,316.49,254.32,252.97,83.0,1,10,11.4234,1,9,11.5211,1,10,25.1337,1,9,3.7438
9,25,Neutral,307.76,316.49,254.32,252.97,83.0,1,8,14.0232,1,8,14.0232,1,10,25.4337,1,10,3.5903
9,25,Defensive,307.76,316.49,254.32,252.97,83.0,1,8,18.6898,1,8,18.6898,1,10,26.0337,1,10,5.3854
9,25,Dynamic,307.76,316.49,254.32,252.97,83.0,1,10,11.7567,1,9,11.8545,1,10,25.167,1,9,4.57
9,26,Offensive,460.03,73.57,369.66,278.38,223.86,1,28,30.7287,1,28,30.9868,1,29,33.8373,1,27,14.965
9,26,Neutral,460.03,73.57,369.66,278.38,223.86,1,28,39.7287,1,28,39.7287,1,29,34.7706,1,30,10.8434
9,26,Defensive,460.03,73.57,369.66,278.38,223.86,1,27,57.2872,1,27,57.2872,1,29,36.6373,1,29,11.7299
9,26,Dynamic,460.03,73.57,369.66,278.38,223.86,1,28,31.0621,1,28,31.3201,1,29,33.8706,1,29,9.7249
9,27,Offensive,168.18,121.76,87.3,163.76,91.13,1,9,8.3767,1,9,8.3767,1,11,4.4422,1,9,0.6247
9,27,Neutral,168.18,121.76,87.3,163.76,91.13,1,9,11.0434,1,9,11.0434,1,11,4.7756,1,9,0.8329
9,27,Defensive,168.18,121.76,87.3,163.76,91.13,1,9,16.3767,1,9,16.3767,1,9,5.3671,1,9,1.2494
9,27,Dynamic,168.18,121.76,87.3,163.76,91.13,1,9,8.3767,1,9,8.3767,1,11,4.4422,1,9,0.6247
9,28,Offensive,179.67,129.23,308.74,402.99,302.67,1,34,34.4415,1,34,34.6881,1,66,17.2228,1,33,8.2222
9,28,Neutral,179.67,129.23,308.74,402.99,302.67,1,34,45.4415,1,34,45.4415,1,34,18.8149,1,34,8.5593
9,28,Defensive,179.67,129.23,308.74,402.99,302.67,1,32,66.9889,1,32,66.9889,1,34,21.0149,1,34,11.2651
9,28,Dynamic,179.67,129.23,308.74,402.99,302.67,1,34,34.4415,1,34,34.6881,1,66,17.2228,1,33,8.2222
9,29,Offensive,137.06,293.3,58.22,418.63,148.06,1,21,20.534,1,21,20.534,1,23,2.2,1,21,2.9105
9,29,Neutral,137.06,293.3,58.22,418.63,148.06,1,13,26.2964,1,13,26.2964,1,23,2.9333,1,21,3.2181
9,29,Defensive,137.06,293.3,58.22,418.63,148.06,1,13,34.2964,1,13,34.2964,1,23,4.4,1,21,4.0883
9,29,Dynamic,137.06,293.3,58.22,418.63,148.06,1,21,20.534,1,21,20.534,1,23,2.2,1,21,2.9105
9,30,Offensive,356.89,353.4,367.15,163.48,190.2,1,23,35.0375,1,23,35.3584,1,45,89.4016,1,27,16.9981
9,30,Neutral,356.89,353.4,367.15,163.48,190.2,1,23,42.3709,1,23,42.4355,1,45,90.8682,1,38,20.0736
9,30,Defensive,356.89,353.4,367.15,163.48,190.2,1,22,56.909,1,22,56.909,1,45,93.8016,1,39,28.2355
9,30,Dynamic,356.89,353.4,367.15,163.48,190.2,1,23,36.3709,1,23,36.6918,1,45,89.5349,1,37,22.2141
9,31,Offensive,175.96,393.81,407.15,140.72,342.79,1,32,46.8872,1,32,47.0901,1,57,13.604,1,42,17.5716
9,31,Neutral,175.96,393.81,407.15,140.72,342.79,1,32,57.2205,1,32,57.4235,1,57,15.4706,1,53,14.2814
9,31,Defensive,175.96,393.81,407.15,140.72,342.79,1,31,77.6213,1,31,77.6213,1,57,19.204,1,55,16.1855
9,31,Dynamic,175.96,393.81,407.15,140.72,342.79,1,32,47.8872,1,32,48.0901,1,57,13.604,1,47,12.3204
9,32,Offensive,150.31,234.86,85.75,339.44,122.9,1,11,11.6655,1,11,11.6655,1,11,17.6546,1,11,2.0257
9,32,Neutral,150.31,234.86,85.75,339.44,122.9,1,11,14.9988,1,11,14.9988,1,11,17.9879,1,11,2.7009
9,32,Defensive,150.31,234.86,85.75,339.44,122.9,1,11,21.6655,1,11,21.6655,1,11,18.6546,1,11,4.0514
9,32,Dynamic,150.31,234.86,85.75,339.44,122.9,1,11,11.9988,1,11,11.9988,1,11,17.6879,1,11,2.5808
9,33,Offensive,323.57,157.91,269.65,365.98,214.94,1,22,28.9132,1,22,28.9132,1,28,53.382,1,22,9.4266
9,33,Neutral,323.57,157.91,269.65,365.98,214.94,1,22,35.9132,1,22,35.9132,1,28,54.282,1,22,12.5688
9,33,Defensive,323.57,157.91,269.65,365.98,214.94,1,22,49.9132,1,22,49.9132,1,28,56.082,1,22,18.8533
9,33,Dynamic,323.57,157.91,269.65,365.98,214.94,1,22,29.5799,1,22,29.5799,1,28,53.382,1,22,10.8555
9,34,Offensive,164.49,460.91,133.83,95.01,367.18,1,40,39.7874,1,39,40.2885,1,46,4.5,1,38,8.8408
9,34,Neutral,164.49,460.91,133.83,95.01,367.18,1,40,52.7874,1,40,52.7874,1,46,6.0,1,38,11.6185
9,34,Defensive,164.49,460.91,133.83,95.01,367.18,1,38,77.8152,1,38,77.8152,1,46,9.0,1,39,14.6732
9,34,Dynamic,164.49,460.91,133.83,95.01,367.18,1,40,39.7874,1,39,40.2885,1,46,4.5,1,38,8.8408
9,35,Offensive,464.68,48.02,170.79,142.06,308.57,1,30,40.6482,1,30,41.2068,1,63,67.0493,1,31,25.5693
9,35,Neutral,464.68,48.02,170.79,142.06,308.57,1,30,50.3149,1,30,50.8735,1,63,69.116,1,31,22.0537
9,35,Defensive,464.68,48.02,170.79,142.06,308.57,1,30,69.6482,1,30,69.6482,1,63,73.2493,1,42,27.4962
9,35,Dynamic,464.68,48.02,170.79,142.06,308.57,1,30,41.6482,1,30,42.2068,1,63,67.0827,1,31,29.1345
9,36,Offensive,441.22,350.4,46.92,306.16,396.77,1,44,44.858,1,44,44.858,1,54,11.1284,1,44,8.3981
9,36,Neutral,441.22,350.4,46.92,306.16,396.77,1,43,58.9387,1,43,58.9387,1,54,12.8951,1,45,10.242
9,36,Defensive,441.22,350.4,46.92,306.16,396.77,1,41,85.9412,1,41,85.9412,1,54,16.4284,1,45,15.363
9,36,Dynamic,441.22,350.4,46.92,306.16,396.77,1,44,44.858,1,44,44.858,1,54,11.1284,1,44,8.3981
9,37,Offensive,109.88,26.26,118.21,93.61,67.86,1,8,7.0,1,8,7.0,1,8,0.7,1,8,0.1485
9,37,Neutral,109.88,26.26,118.21,93.61,67.86,1,8,9.3333,1,8,9.3333,1,8,0.9333,1,8,0.198
9,37,Defensive,109.88,26.26,118.21,93.61,67.86,1,8,14.0,1,8,14.0,1,8,1.4,1,8,0.297
9,37,Dynamic,109.88,26.26,118.21,93.61,67.86,1,8,7.0,1,8,7.0,1,8,0.7,1,8,0.1485
9,38,Offensive,67.13,219.02,183.75,154.42,133.31,1,16,23.2165,1,16,23.2372,1,21,72.8842,1,20,8.8837
9,38,Neutral,67.13,219.02,183.75,154.42,133.31,1,16,28.2165,1,16,28.2165,1,21,73.5509,1,20,11.8449
9,38,Defensive,67.13,219.02,183.75,154.42,133.31,1,16,38.2165,1,16,38.2165,1,21,74.8842,1,20,17.7674
9,38,Dynamic,67.13,219.02,183.75,154.42,133.31,1,16,24.2165,1,16,24.2372,1,21,72.9509,1,20,10.769
9,39,Offensive,477.28,228.39,407.0,140.57,112.47,1,14,13.101,1,13,13.3758,1,14,2.3101,1,13,2.3294
9,39,Neutral,477.28,228.39,407.0,140.57,112.47,1,13,17.1558,1,13,17.1558,1,14,2.7434,1,13,2.4453
9,39,Defensive,477.28,228.39,407.0,140.57,112.47,1,13,25.1558,1,13,25.1558,1,14,3.6101,1,14,1.7325
9,39,Dynamic,477.28,228.39,407.0,140.57,112.47,1,14,13.101,1,13,13.3758,1,14,2.3101,1,13,2.3294
9,40,Offensive,181.71,292.56,261.92,421.05,151.47,1,15,18.9416,1,14,19.1304,1,49,27.3953,1,16,5.7055
9,40,Neutral,181.71,292.56,261.92,421.05,151.47,1,14,23.4637,1,14,23.4637,1,20,28.8208,1,16,6.6521
9,40,Defensive,181.71,292.56,261.92,421.05,151.47,1,14,32.1304,1,14,32.1304,1,20,30.0875,1,20,7.2437
9,40,Dynamic,181.71,292.56,261.92,421.05,151.47,1,15,19.275,1,14,19.4637,1,49,27.4286,1,16,6.4256
9,41,Offensive,228.51,242.48,118.2,387.46,182.17,1,19,23.9956,1,19,23.9956,1,41,25.1447,1,19,7.804
9,41,Neutral,228.51,242.48,118.2,387.46,182.17,1,19,29.9956,1,19,29.9956,1,41,26.478,1,19,9.3661
9,41,Defensive,228.51,242.48,118.2,387.46,182.17,1,15,41.7261,1,15,41.7261,1,41,29.1447,1,19,13.9696
9,41,Dynamic,228.51,242.48,118.2,387.46,182.17,1,19,24.3289,1,19,24.3289,1,41,25.178,1,19,8.4352
9,42,Offensive,240.8,208.9,240.78,465.65,256.75,1,27,30.1405,1,27,30.2713,1,53,37.2389,1,27,6.6261
9,42,Neutral,240.8,208.9,240.78,465.65,256.75,1,27,38.8072,1,27,38.8072,1,53,38.9722,1,27,8.8349
9,42,Defensive,240.8,208.9,240.78,465.65,256.75,1,27,56.1405,1,27,56.1405,1,29,41.3311,1,27,12.994
9,42,Dynamic,240.8,208.9,240.78,465.65,256.75,1,27,30.4738,1,27,30.6047,1,53,37.2722,1,27,7.467
9,43,Offensive,241.13,107.86,148.64,47.0,110.73,1,11,10.0,1,11,10.0,1,11,1.0,1,11,0.3414
9,43,Neutral,241.13,107.86,148.64,47.0,110.73,1,11,13.3333,1,11,13.3333,1,11,1.3333,1,11,0.4552
9,43,Defensive,241.13,107.86,148.64,47.0,110.73,1,11,20.0,1,11,20.0,1,11,2.0,1,11,0.6828
9,43,Dynamic,241.13,107.86,148.64,47.0,110.73,1,11,10.0,1,11,10.0,1,11,1.0,1,11,0.3414
9,44,Offensive,297.0,138.17,101.08,342.35,282.97,1,22,30.8188,1,22,30.8188,1,29,86.5403,1,22,12.0553
9,44,Neutral,297.0,138.17,101.08,342.35,282.97,1,22,37.8188,1,22,37.8188,1,29,87.4737,1,22,15.6606
9,44,Defensive,297.0,138.17,101.08,342.35,282.97,1,22,51.8188,1,22,51.8188,1,29,89.3403,1,22,23.491
9,44,Dynamic,297.0,138.17,101.08,342.35,282.97,1,22,32.1522,1,22,32.1522,1,29,86.6737,1,28,15.3777
9,45,Offensive,376.25,331.27,228.69,307.76,149.42,1,16,20.5069,1,16,20.5069,1,20,17.6186,1,18,4.9542
9,45,Neutral,376.25,331.27,228.69,307.76,149.42,1,16,25.5069,1,16,25.5069,1,20,18.2519,1,20,3.7166
9,45,Defensive,376.25,331.27,228.69,307.76,149.42,1,16,35.5069,1,16,35.5069,1,20,19.5186,1,20,5.5749
9,45,Dynamic,376.25,331.27,228.69,307.76,149.42,1,20,20.9052,1,20,20.9052,1,20,17.6519,1,19,4.3854
9,46,Offensive,256.83,286.19,316.17,149.66,148.87,1,15,22.182,1,15,22.182,1,21,55.3701,1,22,7.9171
9,46,Neutral,256.83,286.19,316.17,149.66,148.87,1,15,26.8487,1,15,26.8487,1,21,56.0368,1,22,9.8069
9,46,Defensive,256.83,286.19,316.17,149.66,148.87,1,15,36.182,1,15,36.182,1,21,57.3701,1,22,13.1922
9,46,Dynamic,256.83,286.19,316.17,149.66,148.87,1,15,22.8487,1,15,22.8487,1,21,55.3701,1,22,7.9171
9,47,Offensive,220.68,85.44,50.26,194.52,202.34,1,18,17.7194,1,18,17.8285,1,19,1.8,1,18,2.1211
9,47,Neutral,220.68,85.44,50.26,194.52,202.34,1,18,23.3861,1,18,23.4186,1,19,2.4,1,18,2.8281
9,47,Defensive,220.68,85.44,50.26,194.52,202.34,1,18,34.7194,1,18,34.7194,1,19,3.6,1,18,4.2422
9,47,Dynamic,220.68,85.44,50.26,194.52,202.34,1,18,17.7194,1,18,17.8285,1,19,1.8,1,18,2.1211
9,48,Offensive,472.6,204.58,203.35,258.13,274.52,1,31,30.0,1,31,30.0806,1,31,3.0,1,30,4.4771
9,48,Neutral,472.6,204.58,203.35,258.13,274.52,1,31,40.0,1,31,40.0,1,31,4.0,1,31,4.7805
9,48,Defensive,472.6,204.58,203.35,258.13,274.52,1,30,59.5585,1,30,59.5585,1,31,6.0,1,31,6.1708
9,48,Dynamic,472.6,204.58,203.35,258.13,274.52,1,31,30.0,1,31,30.0806,1,31,3.0,1,30,4.4771
9,49,Offensive,386.33,364.2,118.91,296.82,275.77,1,29,28.3692,1,29,28.3692,1,54,5.3,1,29,3.3005
9,49,Neutral,386.33,364.2,118.91,296.82,275.77,1,28,37.4499,1,28,37.4499,1,54,7.0667,1,29,4.0798
9,49,Defensive,386.33,364.2,118.91,296.82,275.77,1,28,55.4499,1,28,55.4499,1,29,9.2922,1,29,6.1196
9,49,Dynamic,386.33,364.2,118.91,296.82,275.77,1,29,28.3692,1,29,28.3692,1,54,5.3,1,29,3.3005
9,50,Offensive,309.43,443.35,80.12,186.71,344.16,1,36,38.5614,1,36,40.8352,1,53,32.5194,1,38,11.5641
9,50,Neutral,309.43,443.35,80.12,186.71,344.16,1,34,50.1373,1,34,50.1373,1,53,34.2527,1,39,12.5153
9,50,Defensive,309.43,443.35,80.12,186.71,344.16,1,29,70.7343,1,29,70.7343,1,53,37.7194,1,39,18.2918
9,50,Dynamic,309.43,443.35,80.12,186.71,344.16,1,36,38.8947,1,36,41.1686,1,53,32.5527,1,38,12.3497
9,51,Offensive,169.36,30.78,280.08,280.91,273.55,1,26,25.4101,1,26,26.4025,1,26,6.6012,1,26,4.6776
9,51,Neutral,169.36,30.78,280.08,280.91,273.55,1,26,33.7435,1,26,33.7435,1,26,7.4346,1,26,4.5197
9,51,Defensive,169.36,30.78,280.08,280.91,273.55,1,26,50.4101,1,26,50.4101,1,26,9.1012,1,26,5.9422
9,51,Dynamic,169.36,30.78,280.08,280.91,273.55,1,26,25.4101,1,26,26.4025,1,26,6.6012,1,26,4.6776
9,52,Offensive,295.1,322.27,348.01,70.16,257.6,1,35,46.6769,1,35,46.6769,1,58,90.1605,1,37,18.5005
9,52,Neutral,295.1,322.27,348.01,70.16,257.6,1,35,58.0102,1,35,58.0102,1,58,92.0605,1,38,23.2561
9,52,Defensive,295.1,322.27,348.01,70.16,257.6,1,26,77.9709,1,26,77.9709,1,58,95.8605,1,41,28.3621
9,52,Dynamic,295.1,322.27,348.01,70.16,257.6,1,35,48.3436,1,35,48.3436,1,58,90.2938,1,41,22.4758
9,53,Offensive,257.0,149.61,386.69,106.81,136.57,1,16,25.7796,1,16,25.7796,1,50,4.9,1,27,5.5796
9,53,Neutral,257.0,149.61,386.69,106.81,136.57,1,15,30.6116,1,15,30.6116,1,50,6.5333,1,28,5.7758
9,53,Defensive,257.0,149.61,386.69,106.81,136.57,1,15,39.945,1,15,39.945,1,50,9.8,1,29,7.3912
9,53,Dynamic,257.0,149.61,386.69,106.81,136.57,1,16,26.4463,1,17,26.4767,1,50,4.9,1,27,5.5796
9,54,Offensive,46.73,153.6,122.82,349.58,210.24,1,20,24.9592,1,20,25.4842,1,20,61.4919,1,20,8.2374
9,54,Neutral,46.73,153.6,122.82,349.58,210.24,1,20,31.2925,1,20,31.2925,1,20,62.1252,1,20,10.9832
9,54,Defensive,46.73,153.6,122.82,349.58,210.24,1,20,43.9592,1,20,43.9592,1,20,63.3919,1,20,15.9201
9,54,Dynamic,46.73,153.6,122.82,349.58,210.24,1,20,26.2925,1,20,26.8175,1,20,61.6252,1,20,12.6732
9,55,Offensive,79.32,233.36,28.0,387.84,162.78,1,16,17.517,1,16,17.517,1,18,17.2594,1,17,2.7721
9,55,Neutral,79.32,233.36,28.0,387.84,162.78,1,16,22.517,1,16,22.517,1,18,17.826,1,17,3.6961
9,55,Defensive,79.32,233.36,28.0,387.84,162.78,1,16,32.517,1,16,32.517,1,18,18.9594,1,17,5.5442
9,55,Dynamic,79.32,233.36,28.0,387.84,162.78,1,16,17.517,1,16,17.517,1,18,17.2594,1,17,2.7721
9,56,Offensive,462.03,73.18,74.54,103.62,388.69,1,40,42.9276,1,40,43.0327,1,67,30.1723,1,41,20.0004
9,56,Neutral,462.03,73.18,74.54,103.62,388.69,1,40,55.9276,1,40,55.9276,1,67,32.3723,1,43,14.8332
9,56,Defensive,462.03,73.18,74.54,103.62,388.69,1,40,81.9276,1,40,81.9276,1,67,36.7723,1,42,19.78
9,56,Dynamic,462.03,73.18,74.54,103.62,388.69,1,40,43.261,1,40,43.366,1,67,30.2056,1,43,11.9626
9,57,Offensive,460.62,84.45,251.1,333.29,325.29,1,41,41.9305,1,41,42.1886,1,41,23.3053,1,31,20.0238
9,57,Neutral,460.62,84.45,251.1,333.29,325.29,1,41,55.2639,1,41,55.2639,1,41,24.6386,1,41,11.7438
9,57,Defensive,460.62,84.45,251.1,333.29,325.29,1,31,76.5176,1,31,76.5176,1,41,27.3053,1,41,14.6294
9,57,Dynamic,460.62,84.45,251.1,333.29,325.29,1,41,41.9305,1,41,42.1886,1,41,23.3053,1,32,20.5607
9,58,Offensive,26.48,249.95,124.91,436.65,211.05,1,20,22.8152,1,20,22.8152,1,27,2.6,1,20,5.2636
9,58,Neutral,26.48,249.95,124.91,436.65,211.05,1,20,29.1486,1,20,29.1486,1,27,3.4667,1,20,7.0181
9,58,Defensive,26.48,249.95,124.91,436.65,211.05,1,20,41.8152,1,20,41.8152,1,27,5.2,1,20,10.1936
9,58,Dynamic,26.48,249.95,124.91,436.65,211.05,1,20,22.8152,1,20,22.8152,1,27,2.6,1,20,5.2636
9,59,Offensive,374.01,110.39,210.23,303.21,252.99,1,20,32.074,1,20,32.848,1,44,4.3,1,20,17.2168
9,59,Neutral,374.01,110.39,210.23,303.21,252.99,1,20,38.4073,1,20,38.4073,1,44,5.7333,1,21,20.576
9,59,Defensive,374.01,110.39,210.23,303.21,252.99,1,20,51.074,1,20,51.074,1,44,8.6,1,44,11.6063
9,59,Dynamic,374.01,110.39,210.23,303.21,252.99,1,20,33.4073,1,20,33.4073,1,44,4.3,1,27,13.8066
9,60,Offensive,69.15,427.14,184.11,306.4,166.71,1,21,25.9257,1,21,26.0453,1,29,2.8,1,21,9.684
9,60,Neutral,69.15,427.14,184.11,306.4,166.71,1,19,32.338,1,19,32.338,1,29,3.7333,1,21,10.1027
9,60,Defensive,69.15,427.14,184.11,306.4,166.71,1,16,43.137,1,16,43.137,1,29,5.6,1,28,8.3101
9,60,Dynamic,69.15,427.14,184.11,306.4,166.71,1,21,25.9257,1,21,26.0453,1,29,2.8,1,21,9.684
9,61,Offensive,392.67,107.3,388.69,79.68,27.9,1,4,4.4401,1,4,4.4401,1,4,14.7012,1,4,1.4643
9,61,Neutral,392.67,107.3,388.69,79.68,27.9,1,4,5.4401,1,4,5.4401,1,4,14.8012,1,4,1.9523
9,61,Defensive,392.67,107.3,388.69,79.68,27.9,1,4,7.4401,1,4,7.4401,1,4,15.0012,1,4,2.9285
9,61,Dynamic,392.67,107.3,388.69,79.68,27.9,1,4,4.4401,1,4,4.4401,1,4,14.7012,1,4,1.4643
9,62,Offensive,132.86,167.06,416.71,201.07,285.88,1,43,45.8656,1,43,45.9302,1,52,42.5962,1,33,21.3153
9,62,Neutral,132.86,167.06,416.71,201.07,285.88,1,33,59.7319,1,33,59.7319,1,43,44.2561,1,43,14.4909
9,62,Defensive,132.86,167.06,416.71,201.07,285.88,1,29,78.863,1,29,78.863,1,43,47.0561,1,43,18.0368
9,62,Dynamic,132.86,167.06,416.71,201.07,285.88,1,43,46.1989,1,43,46.2636,1,52,42.6295,1,33,23.8348
9,63,Offensive,117.67,68.13,478.69,77.67,361.15,1,37,44.4808,1,37,44.8031,1,63,50.6998,1,40,11.7871
9,63,Neutral,117.67,68.13,478.69,77.67,361.15,1,37,56.4808,1,37,56.4808,1,63,52.7665,1,40,14.5476
9,63,Defensive,117.67,68.13,478.69,77.67,361.15,1,37,80.4808,1,37,80.4808,1,63,56.8998,1,41,21.5502
9,63,Dynamic,117.67,68.13,478.69,77.67,361.15,1,37,45.1475,1,37,45.4697,1,63,50.7331,1,40,12.8677
9,64,Offensive,42.38,343.61,407.44,148.08,414.12,1,39,48.956,1,39,48.956,1,61,12.0485,1,39,16.7477
9,64,Neutral,42.38,343.61,407.44,148.08,414.12,1,39,61.6226,1,39,61.6226,1,61,14.0485,1,39,21.8491
9,64,Defensive,42.38,343.61,407.44,148.08,414.12,1,37,86.2181,1,37,86.2181,1,61,18.0485,1,62,18.6865
9,64,Dynamic,42.38,343.61,407.44,148.08,414.12,1,39,49.2893,1,39,49.2893,1,61,12.0485,1,39,17.4282
9,65,Offensive,108.35,224.07,382.22,409.13,330.54,1,30,29.8238,1,29,29.9044,1,55,9.9455,1,29,5.0743
9,65,Neutral,108.35,224.07,382.22,409.13,330.54,1,29,39.2378,1,29,39.2378,1,55,11.7455,1,30,5.9524
9,65,Defensive,108.35,224.07,382.22,409.13,330.54,1,29,57.9044,1,29,57.9044,1,30,14.0377,1,30,8.9285
9,65,Dynamic,108.35,224.07,382.22,409.13,330.54,1,30,29.8238,1,29,29.9044,1,55,9.9455,1,29,5.0743
9,66,Offensive,51.65,242.56,396.04,178.31,350.33,1,35,48.725,1,35,48.7623,1,61,59.4526,1,35,18.9268
9,66,Neutral,51.65,242.56,396.04,178.31,350.33,1,35,60.0583,1,35,60.0583,1,61,61.4526,1,49,17.8811
9,66,Defensive,51.65,242.56,396.04,178.31,350.33,1,35,82.725,1,35,82.725,1,61,65.4526,1,49,23.383
9,66,Dynamic,51.65,242.56,396.04,178.31,350.33,1,35,49.725,1,35,49.7623,1,61,59.5193,1,48,20.3835
9,67,Offensive,285.79,479.4,88.59,369.87,225.57,1,21,31.3965,1,21,31.5672,1,47,61.3238,1,21,13.2844
9,67,Neutral,285.79,479.4,88.59,369.87,225.57,1,21,38.0631,1,21,38.0631,1,47,62.8572,1,21,17.341
9,67,Defensive,285.79,479.4,88.59,369.87,225.57,1,21,51.3965,1,21,51.3965,1,47,65.9238,1,45,19.2994
9,67,Dynamic,285.79,479.4,88.59,369.87,225.57,1,21,31.7298,1,21,31.9005,1,47,61.3572,1,21,14.3351
9,68,Offensive,253.6,340.92,93.49,131.99,263.22,1,23,22.116,1,23,22.1337,1,34,3.3,1,23,2.5042
9,68,Neutral,253.6,340.92,93.49,131.99,263.22,1,23,29.4493,1,23,29.467,1,23,4.0932,1,23,3.3389
9,68,Defensive,253.6,340.92,93.49,131.99,263.22,1,22,43.8663,1,22,43.8663,1,23,5.5599,1,23,5.0083
9,68,Dynamic,253.6,340.92,93.49,131.99,263.22,1,23,22.116,1,23,22.1337,1,34,3.3,1,23,2.5042
9,69,Offensive,434.36,54.62,149.34,37.06,285.57,1,30,30.3961,1,30,30.3961,1,63,6.2,1,30,4.2728
9,69,Neutral,434.36,54.62,149.34,37.06,285.57,1,30,40.0628,1,30,40.0628,1,63,8.2667,1,30,5.6971
9,69,Defensive,434.36,54.62,149.34,37.06,285.57,1,30,59.3961,1,30,59.3961,1,63,12.4,1,30,8.5456
9,69,Dynamic,434.36,54.62,149.34,37.06,285.57,1,30,30.3961,1,30,30.3961,1,63,6.2,1,30,4.2728
9,70,Offensive,258.7,325.99,387.51,117.19,245.34,1,23,34.9884,1,23,34.9884,1,41,4.0,1,23,16.0564
9,70,Neutral,258.7,325.99,387.51,117.19,245.34,1,23,42.3217,1,23,42.3217,1,41,5.3333,1,47,10.538
9,70,Defensive,258.7,325.99,387.51,117.19,245.34,1,22,56.7224,1,22,56.7224,1,41,8.0,1,48,13.123
9,70,Dynamic,258.7,325.99,387.51,117.19,245.34,1,23,35.9884,1,23,35.9884,1,41,4.0,1,47,9.0764
9,71,Offensive,140.06,449.4,215.31,56.75,399.79,1,40,43.102,1,45,44.6714,1,51,5.0,1,40,10.3505
9,71,Neutral,140.06,449.4,215.31,56.75,399.79,1,40,56.102,1,40,56.102,1,51,6.6667,1,40,13.1496
9,71,Defensive,140.06,449.4,215.31,56.75,399.79,1,40,82.102,1,40,82.102,1,51,10.0,1,46,15.7503
9,71,Dynamic,140.06,449.4,215.31,56.75,399.79,1,40,43.102,1,45,44.6714,1,51,5.0,1,40,10.3505
9,72,Offensive,161.03,220.03,341.23,64.31,238.16,1,29,33.6714,1,29,34.035,1,62,37.0671,1,29,8.8082
9,72,Neutral,161.03,220.03,341.23,64.31,238.16,1,29,43.0047,1,29,43.0047,1,62,39.1005,1,29,11.1042
9,72,Defensive,161.03,220.03,341.23,64.31,238.16,1,28,61.1896,1,28,61.1896,1,62,43.1671,1,30,15.6569
9,72,Dynamic,161.03,220.03,341.23,64.31,238.16,1,29,34.0047,1,29,34.3683,1,62,37.1005,1,29,9.6071
9,73,Offensive,212.37,161.96,426.19,154.66,213.94,1,22,34.9553,1,22,34.9553,1,44,39.1737,1,24,15.1915
9,73,Neutral,212.37,161.96,426.19,154.66,213.94,1,22,41.9553,1,22,41.9553,1,44,40.607,1,24,20.2553
9,73,Defensive,212.37,161.96,426.19,154.66,213.94,1,22,55.9553,1,22,55.9553,1,44,43.4737,1,46,16.6539
9,73,Dynamic,212.37,161.96,426.19,154.66,213.94,1,22,35.6219,1,22,35.6219,1,44,39.207,1,24,16.6114
9,74,Offensive,374.94,214.92,417.16,118.68,105.1,1,11,16.2733,1,11,16.4793,1,22,30.7926,1,11,6.8213
9,74,Neutral,374.94,214.92,417.16,118.68,105.1,1,11,19.6066,1,11,19.6066,1,22,31.4926,1,11,9.0951
9,74,Defensive,374.94,214.92,417.16,118.68,105.1,1,11,26.2733,1,11,26.2733,1,22,32.8926,1,11,13.7664
9,74,Dynamic,374.94,214.92,417.16,118.68,105.1,1,11,16.9399,1,11,17.1459,1,22,30.7926,1,11,8.0873
9,75,Offensive,343.77,453.12,180.7,329.55,204.6,1,21,20.3692,1,21,21.5174,1,53,5.2,1,21,3.304
9,75,Neutral,343.77,453.12,180.7,329.55,204.6,1,21,27.0359,1,21,27.0359,1,21,6.3589,1,22,6.0732
9,75,Defensive,343.77,453.12,180.7,329.55,204.6,1,20,40.1196,1,20,40.1196,1,21,7.6922,1,21,3.4224
9,75,Dynamic,343.77,453.12,180.7,329.55,204.6,1,21,20.3692,1,21,21.5174,1,53,5.2,1,21,3.304
9,76,Offensive,293.35,97.68,112.03,315.29,283.25,1,23,28.7577,1,25,29.5794,1,26,46.1966,1,24,9.3641
9,76,Neutral,293.35,97.68,112.03,315.29,283.25,1,23,36.0911,1,23,36.0911,1,26,47.0299,1,25,10.7842
9,76,Defensive,293.35,97.68,112.03,315.29,283.25,1,23,50.7577,1,23,50.7577,1,26,48.6966,1,26,15.3351
9,76,Dynamic,293.35,97.68,112.03,315.29,283.25,1,25,29.3001,1,25,29.9127,1,26,46.2299,1,25,9.6449
9,77,Offensive,381.78,21.68,365.75,107.09,86.9,1,9,10.7527,1,9,11.0669,1,10,21.4178,1,9,3.4079
9,77,Neutral,381.78,21.68,365.75,107.09,86.9,1,9,13.4194,1,9,13.4194,1,10,21.7178,1,10,3.744
9,77,Defensive,381.78,21.68,365.75,107.09,86.9,1,9,18.7527,1,9,18.7527,1,10,22.3178,1,10,5.616
9,77,Dynamic,381.78,21.68,365.75,107.09,86.9,1,9,11.0861,1,9,11.4002,1,10,21.4511,1,9,4.0112
9,78,Offensive,368.82,90.15,273.13,231.82,170.96,1,15,28.6494,1,15,28.6494,1,39,21.287,1,15,16.5955
9,78,Neutral,368.82,90.15,273.13,231.82,170.96,1,15,33.3161,1,15,33.3161,1,39,22.5537,1,16,20.6536
9,78,Defensive,368.82,90.15,273.13,231.82,170.96,1,15,42.6494,1,15,42.6494,1,39,25.087,1,39,13.9978
9,78,Dynamic,368.82,90.15,273.13,231.82,170.96,1,15,30.3161,1,15,30.3161,1,39,21.3204,1,16,17.4899
9,79,Offensive,24.22,190.39,24.22,120.8,69.59,1,9,8.0,1,9,8.0,1,9,0.8,1,9,0.8431
9,79,Neutral,24.22,190.39,24.22,120.8,69.59,1,9,10.6667,1,9,10.6667,1,9,1.0667,1,9,0.3084
9,79,Defensive,24.22,190.39,24.22,120.8,69.59,1,8,15.6185,1,8,15.6185,1,9,1.6,1,9,0.4626
9,79,Dynamic,24.22,190.39,24.22,120.8,69.59,1,9,8.0,1,9,8.0,1,9,0.8,1,9,0.8431
9,80,Offensive,173.98,455.26,117.03,403.21,77.16,1,7,6.7671,1,7,6.7671,1,7,8.271,1,7,1.4618
9,80,Neutral,173.98,455.26,117.03,403.21,77.16,1,7,8.7671,1,7,8.7671,1,7,8.471,1,7,1.2228
9,80,Defensive,173.98,455.26,117.03,403.21,77.16,1,7,12.7671,1,7,12.7671,1,7,8.871,1,7,1.8342
9,80,Dynamic,173.98,455.26,117.03,403.21,77.16,1,7,6.7671,1,7,6.7671,1,7,8.271,1,7,1.4618
9,81,Offensive,86.53,38.35,434.59,478.61,561.22,1,51,53.5941,1,50,53.6748,1,76,33.2568,1,56,20.337
9,81,Neutral,86.53,38.35,434.59,478.61,561.22,1,50,70.0081,1,51,70.2608,1,76,35.7568,1,57,23.7685
9,81,Defensive,86.53,38.35,434.59,478.61,561.22,1,48,102.0098,1,48,102.0098,1,57,40.649,1,63,32.8356
9,81,Dynamic,86.53,38.35,434.59,478.61,561.22,1,51,53.9274,1,50,54.0081,1,76,33.2901,1,56,20.9183
9,82,Offensive,232.45,67.61,326.68,329.69,278.51,1,29,30.4748,1,29,30.4748,1,30,17.7248,1,28,8.0446
9,82,Neutral,232.45,67.61,326.68,329.69,278.51,1,29,39.8082,1,29,39.8082,1,30,18.6915,1,30,8.2801
9,82,Defensive,232.45,67.61,326.68,329.69,278.51,1,28,57.8328,1,28,57.8328,1,30,20.6248,1,30,9.5769
9,82,Dynamic,232.45,67.61,326.68,329.69,278.51,1,29,30.4748,1,29,30.4748,1,30,17.7248,1,28,8.0446
9,83,Offensive,444.66,231.4,58.34,381.4,414.42,1,47,49.3184,1,47,49.3664,1,56,22.6204,1,54,14.484
9,83,Neutral,444.66,231.4,58.34,381.4,414.42,1,47,64.6517,1,47,64.6517,1,56,24.4538,1,56,14.5536
9,83,Defensive,444.66,231.4,58.34,381.4,414.42,1,43,93.7326,1,43,93.7326,1,56,28.1204,1,56,20.0909
9,83,Dynamic,444.66,231.4,58.34,381.4,414.42,1,47,49.3184,1,47,49.3664,1,56,22.6204,1,54,14.484
9,84,Offensive,344.53,161.8,258.26,399.76,253.11,1,26,33.9367,1,26,34.2045,1,64,63.5249,1,25,13.0685
9,84,Neutral,344.53,161.8,258.26,399.76,253.11,1,26,42.27,1,26,42.27,1,32,65.0504,1,26,15.3449
9,84,Defensive,344.53,161.8,258.26,399.76,253.11,1,25,58.3674,1,25,58.3674,1,32,67.117,1,26,23.0173
9,84,Dynamic,344.53,161.8,258.26,399.76,253.11,1,26,34.6034,1,26,34.8712,1,64,63.5249,1,25,14.5121
9,85,Offensive,88.12,96.6,398.52,177.89,320.87,1,33,46.725,1,33,46.8341,1,68,60.1526,1,33,18.8396
9,85,Neutral,88.12,96.6,398.52,177.89,320.87,1,32,57.2237,1,32,57.2237,1,68,62.386,1,55,18.5688
9,85,Defensive,88.12,96.6,398.52,177.89,320.87,1,32,77.8904,1,32,77.8904,1,68,66.8526,1,56,24.6615
9,85,Dynamic,88.12,96.6,398.52,177.89,320.87,1,33,47.725,1,33,47.8341,1,68,60.2193,1,33,21.2901
9,86,Offensive,169.8,357.54,85.84,462.4,134.34,1,12,16.3152,1,12,16.5361,1,12,54.2518,1,12,5.9946
9,86,Neutral,169.8,357.54,85.84,462.4,134.34,1,12,19.9818,1,12,19.9818,1,12,54.6185,1,12,7.9928
9,86,Defensive,169.8,357.54,85.84,462.4,134.34,1,12,27.3152,1,12,27.3152,1,12,55.3518,1,12,11.9893
9,86,Dynamic,169.8,357.54,85.84,462.4,134.34,1,12,16.6485,1,12,16.8694,1,12,54.2852,1,12,7.0936
9,87,Offensive,478.62,324.65,414.49,67.19,265.32,1,27,26.1042,1,27,26.3786,1,28,2.7,1,27,3.7145
9,87,Neutral,478.62,324.65,414.49,67.19,265.32,1,27,34.7708,1,27,34.8088,1,28,3.6,1,27,4.5821
9,87,Defensive,478.62,324.65,414.49,67.19,265.32,1,27,52.1042,1,27,52.1042,1,28,5.4,1,28,6.1006
9,87,Dynamic,478.62,324.65,414.49,67.19,265.32,1,27,26.1042,1,27,26.3786,1,28,2.7,1,27,3.7145
9,88,Offensive,419.77,442.02,58.02,322.59,380.94,1,38,40.147,1,38,40.3058,1,51,31.4714,1,38,16.979
9,88,Neutral,419.77,442.02,58.02,322.59,380.94,1,37,52.2277,1,37,52.2277,1,51,33.1381,1,40,14.1476
9,88,Defensive,419.77,442.02,58.02,322.59,380.94,1,37,76.2277,1,37,76.2277,1,51,36.4714,1,38,15.6621
9,88,Dynamic,419.77,442.02,58.02,322.59,380.94,1,38,40.147,1,38,40.3058,1,51,31.4714,1,38,16.979
9,89,Offensive,217.43,290.21,55.82,428.95,212.99,1,23,27.97,1,23,28.0612,1,31,3.4424,1,29,4.861
9,89,Neutral,217.43,290.21,55.82,428.95,212.99,1,21,35.049,1,21,35.049,1,31,4.4424,1,29,4.7782
9,89,Defensive,217.43,290.21,55.82,428.95,212.99,1,18,47.3203,1,18,47.3203,1,31,6.4424,1,29,6.4285
9,89,Dynamic,217.43,290.21,55.82,428.95,212.99,1,23,27.97,1,23,28.0612,1,31,3.4424,1,29,4.861
9,90,Offensive,194.3,283.83,31.52,404.56,202.66,1,25,24.534,1,25,24.6646,1,27,2.6,1,25,4.0672
9,90,Neutral,194.3,283.83,31.52,404.56,202.66,1,25,32.534,1,25,32.534,1,27,3.4667,1,25,4.5954
9,90,Defensive,194.3,283.83,31.52,404.56,202.66,1,19,46.2964,1,19,46.2964,1,27,5.2,1,25,5.8996
9,90,Dynamic,194.3,283.83,31.52,404.56,202.66,1,25,24.534,1,25,24.6646,1,27,2.6,1,25,4.0672
9,91,Offensive,31.81,230.61,354.1,139.14,335.02,1,33,40.3126,1,33,40.7136,1,64,43.0294,1,37,13.7416
9,91,Neutral,31.81,230.61,354.1,139.14,335.02,1,33,50.9793,1,33,50.9793,1,64,45.1294,1,37,18.3221
9,91,Defensive,31.81,230.61,354.1,139.14,335.02,1,33,72.3126,1,33,72.3126,1,64,49.3294,1,56,23.5981
9,91,Dynamic,31.81,230.61,354.1,139.14,335.02,1,33,40.6459,1,33,41.0469,1,64,43.0627,1,37,14.4111
9,92,Offensive,406.45,197.3,57.45,209.63,349.22,1,38,49.6338,1,39,50.4308,1,51,25.299,1,39,19.4892
9,92,Neutral,406.45,197.3,57.45,209.63,349.22,1,37,61.7991,1,37,61.8316,1,51,26.9656,1,41,23.1675
9,92,Defensive,406.45,197.3,57.45,209.63,349.22,1,37,85.7991,1,37,85.7991,1,51,30.299,1,51,19.8259
9,92,Dynamic,406.45,197.3,57.45,209.63,349.22,1,38,50.3004,1,39,51.0975,1,51,25.299,1,39,21.1072
9,93,Offensive,403.69,371.89,434.3,262.1,113.97,1,12,11.9385,1,12,11.9385,1,20,1.9,1,12,1.3701
9,93,Neutral,403.69,371.89,434.3,262.1,113.97,1,12,15.6052,1,12,15.6052,1,20,2.5333,1,12,1.8268
9,93,Defensive,403.69,371.89,434.3,262.1,113.97,1,12,22.9385,1,12,22.9385,1,20,3.8,1,12,2.7401
9,93,Dynamic,403.69,371.89,434.3,262.1,113.97,1,12,11.9385,1,12,11.9385,1,20,1.9,1,12,1.3701
9,94,Offensive,204.41,371.79,427.84,283.01,240.43,1,26,26.6063,1,25,27.1651,1,41,4.0,1,26,4.9398
9,94,Neutral,204.41,371.79,427.84,283.01,240.43,1,25,34.6593,1,25,34.6593,1,41,5.3333,1,26,6.5864
9,94,Defensive,204.41,371.79,427.84,283.01,240.43,1,24,50.2775,1,24,50.2775,1,41,8.0,1,27,7.3223
9,94,Dynamic,204.41,371.79,427.84,283.01,240.43,1,26,26.6063,1,25,27.1651,1,41,4.0,1,26,4.9398
9,95,Offensive,221.84,412.87,327.7,27.33,399.81,1,42,43.3239,1,42,43.3239,1,64,6.3,1,45,11.6477
9,95,Neutral,221.84,412.87,327.7,27.33,399.81,1,42,56.9905,1,42,56.9905,1,64,8.4,1,45,12.8622
9,95,Defensive,221.84,412.87,327.7,27.33,399.81,1,42,84.3239,1,42,84.3239,1,64,12.6,1,44,15.5539
9,95,Dynamic,221.84,412.87,327.7,27.33,399.81,1,42,43.3239,1,42,43.3239,1,64,6.3,1,45,11.6477
9,96,Offensive,378.34,253.07,310.17,432.81,192.24,1,19,23.3236,1,19,24.4642,1,39,47.6507,1,19,7.5636
9,96,Neutral,378.34,253.07,310.17,432.81,192.24,1,19,29.3236,1,19,29.3236,1,39,48.9173,1,19,10.0847
9,96,Defensive,378.34,253.07,310.17,432.81,192.24,1,19,41.3236,1,19,41.3236,1,39,51.4507,1,19,15.1271
9,96,Dynamic,378.34,253.07,310.17,432.81,192.24,1,19,24.3236,1,19,25.4642,1,39,47.7507,1,19,11.3274
9,97,Offensive,398.74,348.66,93.88,198.1,340.01,1,32,43.8517,1,33,45.6967,1,47,85.9104,1,41,15.2106
9,97,Neutral,398.74,348.66,93.88,198.1,340.01,1,31,53.9324,1,31,53.9324,1,47,87.4438,1,42,18.5529
9,97,Defensive,398.74,348.66,93.88,198.1,340.01,1,31,73.9324,1,31,73.9324,1,47,90.5104,1,43,25.9058
9,97,Dynamic,398.74,348.66,93.88,198.1,340.01,1,32,46.185,1,33,48.03,1,47,86.0438,1,41,20.995
9,98,Offensive,42.48,196.29,373.03,139.47,335.4,1,35,43.9747,1,35,44.0513,1,65,9.0848,1,36,14.2166
9,98,Neutral,42.48,196.29,373.03,139.47,335.4,1,34,55.1401,1,34,55.1401,1,65,11.2182,1,36,18.8714
9,98,Defensive,42.48,196.29,373.03,139.47,335.4,1,34,77.1401,1,34,77.1401,1,65,15.4848,1,51,14.8676
9,98,Dynamic,42.48,196.29,373.03,139.47,335.4,1,35,44.308,1,35,44.3846,1,65,9.0848,1,36,14.8906
9,99,Offensive,318.99,439.86,78.84,364.16,251.81,1,30,36.633,1,30,36.6811,1,49,75.2292,1,25,15.2731
9,99,Neutral,318.99,439.86,78.84,364.16,251.81,1,25,44.9026,1,25,44.9026,1,49,76.8292,1,30,19.1535
9,99,Defensive,318.99,439.86,78.84,364.16,251.81,1,25,60.9026,1,25,60.9026,1,49,80.0292,1,31,22.2073
9,99,Dynamic,318.99,439.86,78.84,364.16,251.81,1,30,37.2997,1,30,37.3478,1,49,75.2958,1,25,17.2204
9,100,Offensive,48.87,290.37,449.35,23.69,481.15,1,50,59.2949,1,51,60.535,1,70,88.694,1,51,19.8847
9,100,Neutral,48.87,290.37,449.35,23.69,481.15,1,50,75.6282,1,50,75.6282,1,70,90.994,1,52,25.1898
9,100,Defensive,48.87,290.37,449.35,23.69,481.15,1,43,103.6393,1,43,103.6393,1,70,95.594,1,51,36.4528
9,100,Dynamic,48.87,290.37,449.35,23.69,481.15,1,50,60.6282,1,51,61.8683,1,70,88.8274,1,51,25.5573
10,1,Offensive,312.45,270.97,431.2,22.18,275.68,1,26,27.8411,1,26,28.2218,1,28,20.9917,1,28,6.1452
10,1,Neutral,312.45,270.97,431.2,22.18,275.68,1,26,36.1744,1,26,36.1744,1,28,21.8917,1,28,7.4652
10,1,Defensive,312.45,270.97,431.2,22.18,275.68,1,26,52.8411,1,26,52.8411,1,28,23.6917,1,29,8.6975
10,1,Dynamic,312.45,270.97,431.2,22.18,275.68,1,26,28.1744,1,26,28.5552,1,28,21.0251,1,28,6.7549
10,2,Offensive,257.01,299.56,354.37,219.41,126.11,1,13,20.1196,1,13,20.1196,1,59,5.8,1,17,10.678
10,2,Neutral,257.01,299.56,354.37,219.41,126.11,1,13,24.1196,1,13,24.1196,1,59,7.7333,1,13,12.2193
10,2,Defensive,257.01,299.56,354.37,219.41,126.11,1,13,32.1196,1,13,32.1196,1,44,10.8466,1,34,9.3897
10,2,Dynamic,257.01,299.56,354.37,219.41,126.11,1,13,21.1196,1,13,21.1196,1,59,5.8,1,13,10.948
10,3,Offensive,60.04,344.76,423.4,419.39,370.94,1,37,46.4799,1,37,46.8841,1,72,25.2996,1,39,17.7281
10,3,Neutral,60.04,344.76,423.4,419.39,370.94,1,37,58.4799,1,37,58.4799,1,72,27.6663,1,40,22.701
10,3,Defensive,60.04,344.76,423.4,419.39,370.94,1,37,82.4799,1,37,82.4799,1,57,31.6462,1,39,30.3795
10,3,Dynamic,60.04,344.76,423.4,419.39,370.94,1,37,47.4799,1,37,47.8841,1,72,25.333,1,41,20.386
10,4,Offensive,159.33,246.79,148.31,249.76,11.42,1,2,4.803,1,2,4.803,1,2,38.1304,1,2,3.803
10,4,Neutral,159.33,246.79,148.31,249.76,11.42,1,2,5.1364,1,2,5.1364,1,2,38.1637,1,2,5.0707
10,4,Defensive,159.33,246.79,148.31,249.76,11.42,1,2,5.803,1,2,5.803,1,2,38.2304,1,2,7.6061
10,4,Dynamic,159.33,246.79,148.31,249.76,11.42,1,2,5.803,1,2,5.803,1,2,38.2304,1,2,7.6061
10,5,Offensive,30.77,21.49,248.12,186.29,272.77,1,24,31.7604,1,24,34.1808,1,26,82.5474,1,26,13.6285
10,5,Neutral,30.77,21.49,248.12,186.29,272.77,1,24,39.4271,1,24,39.4271,1,26,83.3807,1,26,13.8769
10,5,Defensive,30.77,21.49,248.12,186.29,272.77,1,24,54.7604,1,24,54.7604,1,26,85.0474,1,25,20.835
10,5,Dynamic,30.77,21.49,248.12,186.29,272.77,1,24,33.0938,1,24,35.5141,1,26,82.6807,1,26,15.9097
10,6,Offensive,169.47,351.75,90.89,72.51,290.09,1,29,28.4573,1,30,29.9333,1,30,2.9,1,29,5.8411
10,6,Neutral,169.47,351.75,90.89,72.51,290.09,1,29,37.7906,1,29,37.7906,1,30,3.8667,1,29,6.4114
10,6,Defensive,169.47,351.75,90.89,72.51,290.09,1,29,56.4573,1,29,56.4573,1,30,5.8,1,30,7.5006
10,6,Dynamic,169.47,351.75,90.89,72.51,290.09,1,29,28.4573,1,30,29.9333,1,30,2.9,1,29,5.8411
10,7,Offensive,403.34,313.06,285.14,440.53,173.84,1,21,43.3084,1,21,43.9349,1,27,209.6193,1,27,25.0543
10,7,Neutral,403.34,313.06,285.14,440.53,173.84,1,21,49.975,1,21,49.975,1,27,210.4859,1,28,31.0854
10,7,Defensive,403.34,313.06,285.14,440.53,173.84,1,20,63.0921,1,20,63.0921,1,27,212.2193,1,27,46.4928
10,7,Dynamic,403.34,313.06,285.14,440.53,173.84,1,21,45.975,1,21,46.6016,1,27,209.8859,1,27,38.0125
10,8,Offensive,379.91,100.52,142.02,140.1,241.16,1,24,28.3528,1,24,28.4094,1,25,55.4459,1,24,7.2168
10,8,Neutral,379.91,100.52,142.02,140.1,241.16,1,24,36.0194,1,24,36.0194,1,25,56.2459,1,24,9.6224
10,8,Defensive,379.91,100.52,142.02,140.1,241.16,1,24,51.3528,1,24,51.3528,1,25,57.8459,1,24,14.4335
10,8,Dynamic,379.91,100.52,142.02,140.1,241.16,1,24,29.0194,1,24,29.0761,1,25,55.5126,1,24,8.9134
10,9,Offensive,233.79,189.17,310.84,143.79,89.42,1,9,10.0006,1,9,10.0006,1,9,20.8056,1,9,2.2059
10,9,Neutral,233.79,189.17,310.84,143.79,89.42,1,9,12.6672,1,9,12.6672,1,9,21.0723,1,9,2.9412
10,9,Defensive,233.79,189.17,310.84,143.79,89.42,1,9,18.0006,1,9,18.0006,1,9,21.6056,1,9,4.4118
10,9,Dynamic,233.79,189.17,310.84,143.79,89.42,1,9,10.3339,1,9,10.3339,1,9,20.8389,1,9,2.8786
10,10,Offensive,73.69,441.93,359.83,199.61,374.97,1,32,39.8779,1,32,39.8779,1,64,6.3,1,32,13.4357
10,10,Neutral,73.69,441.93,359.83,199.61,374.97,1,32,50.2113,1,32,50.2113,1,64,8.4,1,32,17.9143
10,10,Defensive,73.69,441.93,359.83,199.61,374.97,1,31,70.2761,1,31,70.2761,1,49,11.8466,1,49,14.7515
10,10,Dynamic,73.69,441.93,359.83,199.61,374.97,1,32,40.8779,1,32,40.8779,1,64,6.3,1,32,16.1578
10,11,Offensive,89.71,233.73,226.68,440.96,248.4,1,24,30.7156,1,25,32.027,1,38,49.3825,1,31,9.9073
10,11,Neutral,89.71,233.73,226.68,440.96,248.4,1,23,38.0938,1,23,38.0938,1,38,50.6158,1,30,11.2629
10,11,Defensive,89.71,233.73,226.68,440.96,248.4,1,23,52.7604,1,23,52.7604,1,38,53.0825,1,30,16.8943
10,11,Dynamic,89.71,233.73,226.68,440.96,248.4,1,24,31.3822,1,25,32.6937,1,38,49.4158,1,31,10.6277
10,12,Offensive,390.54,190.91,343.18,241.44,69.25,1,6,5.0,1,6,5.0,1,6,0.5,1,6,0.1
10,12,Neutral,390.54,190.91,343.18,241.44,69.25,1,6,6.6667,1,6,6.6667,1,6,0.6667,1,6,0.1333
10,12,Defensive,390.54,190.91,343.18,241.44,69.25,1,6,10.0,1,6,10.0,1,6,1.0,1,6,0.2
10,12,Dynamic,390.54,190.91,343.18,241.44,69.25,1,6,5.0,1,6,5.0,1,6,0.5,1,6,0.1
10,13,Offensive,155.58,51.07,39.26,415.87,382.89,1,37,36.2247,1,37,36.7058,1,41,4.0,1,37,5.8827
10,13,Neutral,155.58,51.07,39.26,415.87,382.89,1,37,48.2247,1,37,48.2247,1,41,5.3333,1,38,8.1481
10,13,Defensive,155.58,51.07,39.26,415.87,382.89,1,37,72.2247,1,37,72.2247,1,41,8.0,1,37,11.7655
10,13,Dynamic,155.58,51.07,39.26,415.87,382.89,1,37,36.2247,1,37,36.7058,1,41,4.0,1,37,5.8827
10,14,Offensive,27.6,157.52,193.9,455.14,340.92,1,35,39.1906,1,35,39.6479,1,45,36.6508,1,35,11.5926
10,14,Neutral,27.6,157.52,193.9,455.14,340.92,1,35,50.5239,1,35,50.5239,1,45,38.1174,1,36,12.8787
10,14,Defensive,27.6,157.52,193.9,455.14,340.92,1,32,72.3817,1,32,72.3817,1,45,41.0508,1,37,17.0372
10,14,Dynamic,27.6,157.52,193.9,455.14,340.92,1,35,39.5239,1,35,39.9812,1,45,36.6841,1,35,12.3772
10,15,Offensive,275.46,75.28,343.49,372.51,304.92,1,31,32.9915,1,31,32.9915,1,31,32.9149,1,31,6.1068
10,15,Neutral,275.46,75.28,343.49,372.51,304.92,1,31,42.9915,1,31,42.9915,1,31,33.9149,1,31,8.1423
10,15,Defensive,275.46,75.28,343.49,372.51,304.92,1,31,62.9915,1,31,62.9915,1,31,35.9149,1,31,12.2135
10,15,Dynamic,275.46,75.28,343.49,372.51,304.92,1,31,33.3248,1,31,33.3248,1,31,32.9482,1,31,6.8301
10,16,Offensive,231.37,331.08,145.11,292.98,94.3,1,10,9.2197,1,10,9.2197,1,10,3.0972,1,10,0.4807
10,16,Neutral,231.37,331.08,145.11,292.98,94.3,1,10,12.2197,1,10,12.2197,1,10,3.3972,1,10,0.6409
10,16,Defensive,231.37,331.08,145.11,292.98,94.3,1,10,18.2197,1,10,18.2197,1,10,3.9972,1,10,0.9614
10,16,Dynamic,231.37,331.08,145.11,292.98,94.3,1,10,9.2197,1,10,9.2197,1,10,3.0972,1,10,0.4807
10,17,Offensive,124.17,305.77,113.65,20.49,285.47,1,29,28.0,1,29,28.1283,1,29,2.8,1,30,3.626
10,17,Neutral,124.17,305.77,113.65,20.49,285.47,1,29,37.3333,1,29,37.3333,1,29,3.7333,1,30,4.8347
10,17,Defensive,124.17,305.77,113.65,20.49,285.47,1,29,56.0,1,29,56.0,1,29,5.6,1,31,6.4728
10,17,Dynamic,124.17,305.77,113.65,20.49,285.47,1,29,28.0,1,29,28.1283,1,29,2.8,1,30,3.626
10,18,Offensive,352.65,393.31,430.11,123.32,280.88,1,28,27.0,1,28,27.0,1,28,2.7,1,28,3.2964
10,18,Neutral,352.65,393.31,430.11,123.32,280.88,1,28,36.0,1,28,36.0,1,28,3.6,1,28,3.8962
10,18,Defensive,352.65,393.31,430.11,123.32,280.88,1,28,54.0,1,28,54.0,1,28,5.4,1,28,5.3344
10,18,Dynamic,352.65,393.31,430.11,123.32,280.88,1,28,27.0,1,28,27.0,1,28,2.7,1,28,3.2964
10,19,Offensive,306.84,42.15,263.21,469.62,429.69,1,44,54.0118,1,44,54.2194,1,81,64.1647,1,43,21.1275
10,19,Neutral,306.84,42.15,263.21,469.62,429.69,1,44,68.3451,1,44,68.3451,1,81,66.8314,1,45,24.0936
10,19,Defensive,306.84,42.15,263.21,469.62,429.69,1,43,96.4088,1,43,96.4088,1,66,71.4113,1,45,35.729
10,19,Dynamic,306.84,42.15,263.21,469.62,429.69,1,44,55.0118,1,44,55.2194,1,81,64.1981,1,43,23.3846
10,20,Offensive,392.25,346.41,445.9,281.32,84.35,1,11,12.8111,1,11,13.1275,1,12,21.0679,1,11,5.5748
10,20,Neutral,392.25,346.41,445.9,281.32,84.35,1,11,16.1444,1,11,16.1444,1,12,21.4346,1,11,4.607
10,20,Defensive,392.25,346.41,445.9,281.32,84.35,1,11,22.8111,1,11,22.8111,1,12,22.1679,1,12,5.2206
10,20,Dynamic,392.25,346.41,445.9,281.32,84.35,1,11,13.1444,1,11,13.4608,1,12,21.1012,1,11,5.4785
10,21,Offensive,370.0,353.25,455.16,83.7,282.69,1,28,28.7079,1,28,28.7079,1,28,19.7789,1,28,5.0397
10,21,Neutral,370.0,353.25,455.16,83.7,282.69,1,28,37.7079,1,28,37.7079,1,28,20.6789,1,28,6.2204
10,21,Defensive,370.0,353.25,455.16,83.7,282.69,1,28,55.7079,1,28,55.7079,1,28,22.4789,1,28,8.8209
10,21,Dynamic,370.0,353.25,455.16,83.7,282.69,1,28,29.0412,1,28,29.0412,1,28,19.8123,1,28,5.609
10,22,Offensive,269.83,439.92,116.0,421.64,154.91,1,16,20.2982,1,16,20.3106,1,80,50.9102,1,16,6.2348
10,22,Neutral,269.83,439.92,116.0,421.64,154.91,1,16,25.2982,1,16,25.2982,1,25,52.7492,1,16,8.313
10,22,Defensive,269.83,439.92,116.0,421.64,154.91,1,16,35.2982,1,16,35.2982,1,25,54.3492,1,16,12.1277
10,22,Dynamic,269.83,439.92,116.0,421.64,154.91,1,16,20.9649,1,16,20.9773,1,80,50.9102,1,16,7.3664
10,23,Offensive,307.77,292.29,383.11,60.02,244.19,1,24,23.0,1,24,23.1543,1,24,2.3,1,24,2.0705
10,23,Neutral,307.77,292.29,383.11,60.02,244.19,1,24,30.6667,1,24,30.6667,1,24,3.0667,1,24,2.7607
10,23,Defensive,307.77,292.29,383.11,60.02,244.19,1,24,46.0,1,24,46.0,1,24,4.6,1,24,3.6362
10,23,Dynamic,307.77,292.29,383.11,60.02,244.19,1,24,23.0,1,24,23.1543,1,24,2.3,1,24,2.0705
10,24,Offensive,230.05,119.29,192.87,156.23,52.41,1,5,7.8131,1,5,7.8131,1,7,29.2513,1,7,2.9551
10,24,Neutral,230.05,119.29,192.87,156.23,52.41,1,5,9.1464,1,5,9.1464,1,7,29.4513,1,7,3.9401
10,24,Defensive,230.05,119.29,192.87,156.23,52.41,1,5,11.8131,1,5,11.8131,1,7,29.8513,1,7,5.9102
10,24,Dynamic,230.05,119.29,192.87,156.23,52.41,1,5,8.1464,1,5,8.1464,1,7,29.2846,1,7,3.771
10,25,Offensive,84.83,368.62,336.95,241.53,282.34,1,27,34.4931,1,27,34.4931,1,55,5.4,1,27,11.9218
10,25,Neutral,84.83,368.62,336.95,241.53,282.34,1,27,43.1598,1,27,43.1598,1,55,7.2,1,27,15.8957
10,25,Defensive,84.83,368.62,336.95,241.53,282.34,1,27,60.4931,1,27,60.4931,1,40,10.0466,1,41,11.0135
10,25,Dynamic,84.83,368.62,336.95,241.53,282.34,1,27,35.4931,1,27,35.4931,1,55,5.4,1,27,13.6801
10,26,Offensive,247.43,249.3,88.79,216.11,162.07,1,18,17.0,1,17,17.0763,1,18,1.7,1,17,1.9311
10,26,Neutral,247.43,249.3,88.79,216.11,162.07,1,17,22.4096,1,17,22.4096,1,18,2.2667,1,17,2.5748
10,26,Defensive,247.43,249.3,88.79,216.11,162.07,1,17,33.0763,1,17,33.0763,1,18,3.4,1,17,3.8622
10,26,Dynamic,247.43,249.3,88.79,216.11,162.07,1,18,17.0,1,17,17.0763,1,18,1.7,1,17,1.9311
10,27,Offensive,216.21,390.66,408.91,316.99,206.31,1,22,41.6782,1,22,41.6782,1,29,177.9088,1,31,21.9026
10,27,Neutral,216.21,390.66,408.91,316.99,206.31,1,22,48.6782,1,22,48.6782,1,29,178.8421,1,32,26.7422
10,27,Defensive,216.21,390.66,408.91,316.99,206.31,1,21,62.462,1,21,62.462,1,29,180.7088,1,32,39.0794
10,27,Dynamic,216.21,390.66,408.91,316.99,206.31,1,22,44.0116,1,22,44.0116,1,29,178.1421,1,31,32.9775
10,28,Offensive,261.3,140.46,101.11,93.15,167.03,1,17,16.5564,1,17,16.5564,1,17,7.1641,1,17,1.4456
10,28,Neutral,261.3,140.46,101.11,93.15,167.03,1,17,21.8897,1,17,21.8897,1,17,7.6975,1,17,1.9275
10,28,Defensive,261.3,140.46,101.11,93.15,167.03,1,17,32.5564,1,17,32.5564,1,17,8.7641,1,17,2.8913
10,28,Dynamic,261.3,140.46,101.11,93.15,167.03,1,17,16.5564,1,17,16.5564,1,17,7.1641,1,17,1.4456
10,29,Offensive,248.12,61.77,383.25,258.46,238.64,1,20,19.2577,1,20,19.6119,1,20,4.4767,1,20,2.0462
10,29,Neutral,248.12,61.77,383.25,258.46,238.64,1,20,25.591,1,20,25.591,1,20,5.1101,1,20,2.7283
10,29,Defensive,248.12,61.77,383.25,258.46,238.64,1,20,38.2577,1,20,38.2577,1,20,6.3767,1,20,3.3924
10,29,Dynamic,248.12,61.77,383.25,258.46,238.64,1,20,19.2577,1,20,19.6119,1,20,4.4767,1,20,2.0462
10,30,Offensive,184.62,238.84,98.23,81.06,179.89,1,19,19.6815,1,19,19.8216,1,21,16.5683,1,19,5.8305
10,30,Neutral,184.62,238.84,98.23,81.06,179.89,1,19,25.6815,1,19,25.6815,1,21,17.235,1,19,7.031
10,30,Defensive,184.62,238.84,98.23,81.06,179.89,1,19,37.6815,1,19,37.6815,1,21,18.5683,1,21,6.8589
10,30,Dynamic,184.62,238.84,98.23,81.06,179.89,1,19,19.6815,1,19,19.6815,1,21,16.5683,1,19,5.694
10,31,Offensive,353.4,352.42,235.5,104.47,274.55,1,26,25.0,1,26,25.0551,1,26,2.5,1,26,3.8579
10,31,Neutral,353.4,352.42,235.5,104.47,274.55,1,26,33.3333,1,26,33.3885,1,26,3.3333,1,26,3.9099
10,31,Defensive,353.4,352.42,235.5,104.47,274.55,1,26,50.0,1,26,50.0,1,26,5.0,1,26,5.316
10,31,Dynamic,353.4,352.42,235.5,104.47,274.55,1,26,25.0,1,26,25.0551,1,26,2.5,1,26,3.8579
10,32,Offensive,407.27,102.39,344.78,218.79,132.11,1,12,11.0,1,12,11.2552,1,12,1.1,1,12,0.7188
10,32,Neutral,407.27,102.39,344.78,218.79,132.11,1,12,14.6667,1,12,14.6667,1,12,1.4667,1,12,0.9585
10,32,Defensive,407.27,102.39,344.78,218.79,132.11,1,12,22.0,1,12,22.0,1,12,2.2,1,12,1.4377
10,32,Dynamic,407.27,102.39,344.78,218.79,132.11,1,12,11.0,1,12,11.2552,1,12,1.1,1,12,0.7188
10,33,Offensive,46.97,364.39,203.97,432.69,171.22,1,17,23.6694,1,17,23.6694,1,17,78.2939,1,17,8.7517
10,33,Neutral,46.97,364.39,203.97,432.69,171.22,1,17,29.0027,1,17,29.0027,1,17,78.8272,1,17,11.4408
10,33,Defensive,46.97,364.39,203.97,432.69,171.22,1,17,39.6694,1,17,39.6694,1,17,79.8939,1,17,17.1612
10,33,Dynamic,46.97,364.39,203.97,432.69,171.22,1,17,24.6694,1,17,24.6694,1,17,78.3939,1,17,11.3182
10,34,Offensive,375.1,443.5,62.73,216.85,385.94,1,39,46.2463,1,39,46.6587,1,60,5.9,1,48,10.8808
10,34,Neutral,375.1,443.5,62.73,216.85,385.94,1,39,58.913,1,39,58.937,1,60,7.8667,1,49,13.0289
10,34,Defensive,375.1,443.5,62.73,216.85,385.94,1,38,84.0455,1,38,84.0455,1,60,11.8,1,50,16.2452
10,34,Dynamic,375.1,443.5,62.73,216.85,385.94,1,39,46.913,1,39,46.913,1,60,5.9,1,48,10.8808
10,35,Offensive,478.34,193.23,41.52,193.15,436.82,1,44,48.2099,1,44,48.2099,1,51,50.9719,1,44,12.6494
10,35,Neutral,478.34,193.23,41.52,193.15,436.82,1,44,62.5433,1,44,62.5433,1,51,52.6386,1,44,16.8658
10,35,Defensive,478.34,193.23,41.52,193.15,436.82,1,44,91.2099,1,44,91.2099,1,51,55.9719,1,45,23.9895
10,35,Dynamic,478.34,193.23,41.52,193.15,436.82,1,44,48.5433,1,44,48.5433,1,51,51.0052,1,44,13.7076
10,36,Offensive,216.45,367.02,120.99,31.73,348.61,1,35,34.1525,1,35,34.3772,1,35,4.9252,1,35,6.8759
10,36,Neutral,216.45,367.02,120.99,31.73,348.61,1,34,45.3519,1,34,45.5765,1,35,6.0585,1,35,8.1647
10,36,Defensive,216.45,367.02,120.99,31.73,348.61,1,34,67.3519,1,34,67.3519,1,35,8.3252,1,37,9.4017
10,36,Dynamic,216.45,367.02,120.99,31.73,348.61,1,35,34.1525,1,35,34.3772,1,35,4.9252,1,35,6.8759
10,37,Offensive,434.27,298.32,163.78,67.99,355.27,1,28,28.4021,1,28,28.6598,1,46,4.5,1,28,4.8256
10,37,Neutral,434.27,298.32,163.78,67.99,355.27,1,28,37.4021,1,28,37.6598,1,46,6.0,1,28,6.4342
10,37,Defensive,434.27,298.32,163.78,67.99,355.27,1,28,55.4021,1,28,55.4021,1,46,9.0,1,30,8.8459
10,37,Dynamic,434.27,298.32,163.78,67.99,355.27,1,28,28.4021,1,28,28.6598,1,46,4.5,1,28,4.8256
10,38,Offensive,400.8,138.28,365.32,207.52,77.8,1,8,7.0,1,8,7.1009,1,8,0.7,1,8,0.2648
10,38,Neutral,400.8,138.28,365.32,207.52,77.8,1,8,9.3333,1,8,9.3333,1,8,0.9333,1,8,0.353
10,38,Defensive,400.8,138.28,365.32,207.52,77.8,1,8,14.0,1,8,14.0,1,8,1.4,1,8,0.5296
10,38,Dynamic,400.8,138.28,365.32,207.52,77.8,1,8,7.0,1,8,7.1009,1,8,0.7,1,8,0.2648
10,39,Offensive,437.83,72.9,78.62,224.65,389.95,1,37,40.0684,1,37,40.1251,1,50,39.163,1,37,9.458
10,39,Neutral,437.83,72.9,78.62,224.65,389.95,1,37,52.0684,1,37,52.0684,1,50,40.7963,1,37,12.6107
10,39,Defensive,437.83,72.9,78.62,224.65,389.95,1,37,76.0684,1,37,76.0684,1,38,43.9095,1,38,18.3558
10,39,Dynamic,437.83,72.9,78.62,224.65,389.95,1,37,40.4017,1,37,40.4584,1,50,39.1963,1,37,10.4614
10,40,Offensive,385.25,209.53,384.3,247.33,37.82,1,5,4.7733,1,5,4.7733,1,5,8.1329,1,5,0.8203
10,40,Neutral,385.25,209.53,384.3,247.33,37.82,1,5,6.1066,1,5,6.1066,1,5,8.2663,1,5,1.0938
10,40,Defensive,385.25,209.53,384.3,247.33,37.82,1,5,8.7733,1,5,8.7733,1,5,8.5329,1,5,1.6406
10,40,Dynamic,385.25,209.53,384.3,247.33,37.82,1,5,4.7733,1,5,4.7733,1,5,8.1329,1,5,0.8203
10,41,Offensive,461.47,394.7,116.38,146.46,425.1,1,47,51.9645,1,47,52.5386,1,62,46.6025,1,46,18.7146
10,41,Neutral,461.47,394.7,116.38,146.46,425.1,1,47,67.2979,1,47,67.2979,1,62,48.6359,1,50,19.1066
10,41,Defensive,461.47,394.7,116.38,146.46,425.1,1,36,92.4782,1,36,92.4782,1,62,52.7025,1,52,24.7823
10,41,Dynamic,461.47,394.7,116.38,146.46,425.1,1,47,52.2979,1,47,52.8719,1,62,46.6359,1,46,19.8034
10,42,Offensive,155.69,125.49,282.87,83.87,133.82,1,14,16.6069,1,14,16.6069,1,14,37.3694,1,14,4.1673
10,42,Neutral,155.69,125.49,282.87,83.87,133.82,1,14,20.9403,1,14,20.9403,1,14,37.8028,1,14,5.5564
10,42,Defensive,155.69,125.49,282.87,83.87,133.82,1,14,29.6069,1,14,29.6069,1,14,38.6694,1,14,8.3346
10,42,Dynamic,155.69,125.49,282.87,83.87,133.82,1,14,16.9403,1,14,16.9403,1,14,37.4028,1,14,5.1118
10,43,Offensive,182.67,333.59,280.9,307.31,101.69,1,11,17.1351,1,11,17.1351,1,60,40.7006,1,11,7.4581
10,43,Neutral,182.67,333.59,280.9,307.31,101.69,1,11,20.4684,1,11,20.4684,1,60,42.6673,1,11,9.9441
10,43,Defensive,182.67,333.59,280.9,307.31,101.69,1,11,27.1351,1,11,27.1351,1,45,45.8472,1,11,14.9162
10,43,Dynamic,182.67,333.59,280.9,307.31,101.69,1,11,18.1351,1,11,18.1351,1,60,40.734,1,11,9.7196
10,44,Offensive,214.81,135.94,392.29,439.87,351.95,1,33,32.0,1,33,32.5897,1,33,3.2,1,33,5.3807
10,44,Neutral,214.81,135.94,392.29,439.87,351.95,1,33,42.6667,1,33,42.6667,1,33,4.2667,1,33,7.1742
10,44,Defensive,214.81,135.94,392.29,439.87,351.95,1,33,64.0,1,33,64.0,1,33,6.4,1,33,8.6218
10,44,Dynamic,214.81,135.94,392.29,439.87,351.95,1,33,32.0,1,33,32.5897,1,33,3.2,1,33,5.3807
10,45,Offensive,202.25,90.09,184.87,68.05,28.06,1,4,3.0,1,4,3.0,1,4,0.3,1,4,0.0229
10,45,Neutral,202.25,90.09,184.87,68.05,28.06,1,4,4.0,1,4,4.0,1,4,0.4,1,4,0.0305
10,45,Defensive,202.25,90.09,184.87,68.05,28.06,1,4,6.0,1,4,6.0,1,4,0.6,1,4,0.0458
10,45,Dynamic,202.25,90.09,184.87,68.05,28.06,1,4,3.0,1,4,3.0,1,4,0.3,1,4,0.0229
10,46,Offensive,175.72,396.06,261.26,440.03,96.18,1,10,17.0801,1,10,17.0801,1,80,78.7288,1,10,8.966
10,46,Neutral,175.72,396.06,261.26,440.03,96.18,1,10,20.0801,1,10,20.0801,1,80,81.3621,1,17,13.3006
10,46,Defensive,175.72,396.06,261.26,440.03,96.18,1,10,26.0801,1,10,26.0801,1,10,82.6006,1,10,16.7459
10,46,Dynamic,175.72,396.06,261.26,440.03,96.18,1,10,18.0801,1,10,18.0801,1,80,78.7621,1,17,11.5248
10,47,Offensive,128.75,237.65,459.55,333.92,344.52,1,41,41.1524,1,41,41.9834,1,63,6.2,1,38,14.8691
10,47,Neutral,128.75,237.65,459.55,333.92,344.52,1,41,54.4858,1,41,54.5222,1,63,8.2667,1,38,19.8255
10,47,Defensive,128.75,237.65,459.55,333.92,344.52,1,36,79.4457,1,36,79.4457,1,48,11.6466,1,42,14.7494
10,47,Dynamic,128.75,237.65,459.55,333.92,344.52,1,41,41.1524,1,41,41.9834,1,63,6.2,1,38,17.2012
10,48,Offensive,301.31,218.88,105.16,203.44,196.76,1,21,21.5586,1,21,21.5586,1,36,3.5,1,21,3.2945
10,48,Neutral,301.31,218.88,105.16,203.44,196.76,1,21,28.2253,1,21,28.2253,1,36,4.6667,1,21,4.3927
10,48,Defensive,301.31,218.88,105.16,203.44,196.76,1,21,41.5586,1,21,41.5586,1,23,6.6466,1,23,5.065
10,48,Dynamic,301.31,218.88,105.16,203.44,196.76,1,21,21.5586,1,21,21.5586,1,36,3.5,1,21,3.2945
10,49,Offensive,376.37,384.92,87.06,429.56,292.74,1,31,38.2463,1,31,38.5203,1,75,7.4,1,32,14.7471
10,49,Neutral,376.37,384.92,87.06,429.56,292.74,1,31,48.2463,1,31,48.2463,1,75,9.8667,1,33,17.5418
10,49,Defensive,376.37,384.92,87.06,429.56,292.74,1,30,68.0455,1,30,68.0455,1,60,14.0466,1,33,26.3127
10,49,Dynamic,376.37,384.92,87.06,429.56,292.74,1,31,38.913,1,31,39.187,1,75,7.4,1,32,15.8928
10,50,Offensive,450.13,402.0,475.82,293.14,111.85,1,12,12.5984,1,12,12.5984,1,12,17.0844,1,12,1.9877
10,50,Neutral,450.13,402.0,475.82,293.14,111.85,1,12,16.2651,1,12,16.2651,1,12,17.451,1,12,2.6503
10,50,Defensive,450.13,402.0,475.82,293.14,111.85,1,12,23.5984,1,12,23.5984,1,12,18.1844,1,12,3.9754
10,50,Dynamic,450.13,402.0,475.82,293.14,111.85,1,12,12.9318,1,12,12.9318,1,12,17.1177,1,12,2.5442
10,51,Offensive,313.95,130.67,187.51,21.73,166.9,1,16,19.1714,1,17,19.5107,1,17,34.2894,1,19,4.8368
10,51,Neutral,313.95,130.67,187.51,21.73,166.9,1,16,24.1714,1,16,24.1714,1,17,34.8227,1,17,5.9517
10,51,Defensive,313.95,130.67,187.51,21.73,166.9,1,14,32.9759,1,14,32.9759,1,17,35.8894,1,17,8.9275
10,51,Dynamic,313.95,130.67,187.51,21.73,166.9,1,16,19.5048,1,17,19.844,1,17,34.3227,1,19,5.6938
10,52,Offensive,196.69,340.59,285.57,350.83,89.48,1,10,17.2463,1,10,17.2463,1,66,17.5163,1,10,8.6918
10,52,Neutral,196.69,340.59,285.57,350.83,89.48,1,10,20.2463,1,10,20.2463,1,66,19.683,1,10,11.3748
10,52,Defensive,196.69,340.59,285.57,350.83,89.48,1,10,26.2463,1,10,26.2463,1,51,23.2629,1,10,17.0622
10,52,Dynamic,196.69,340.59,285.57,350.83,89.48,1,10,17.913,1,10,17.913,1,66,17.5163,1,10,10.6137
10,53,Offensive,79.02,402.68,282.15,272.33,241.36,1,22,30.6652,1,22,30.6652,1,66,67.5559,1,22,11.6583
10,53,Neutral,79.02,402.68,282.15,272.33,241.36,1,22,37.6652,1,22,37.6652,1,66,69.7226,1,22,15.5444
10,53,Defensive,79.02,402.68,282.15,272.33,241.36,1,22,51.6652,1,22,51.6652,1,51,73.3025,1,22,23.1783
10,53,Dynamic,79.02,402.68,282.15,272.33,241.36,1,22,32.3319,1,22,32.3319,1,66,67.6892,1,22,17.8131
10,54,Offensive,129.88,85.71,217.31,141.58,103.76,1,10,10.0389,1,10,10.0389,1,10,11.2893,1,10,1.3255
10,54,Neutral,129.88,85.71,217.31,141.58,103.76,1,10,13.0389,1,10,13.0389,1,10,11.5893,1,10,1.7673
10,54,Defensive,129.88,85.71,217.31,141.58,103.76,1,10,19.0389,1,10,19.0389,1,10,12.1893,1,10,2.651
10,54,Dynamic,129.88,85.71,217.31,141.58,103.76,1,10,10.0389,1,10,10.0389,1,10,11.2893,1,10,1.3255
10,55,Offensive,370.65,84.61,364.25,404.19,319.64,1,33,32.0,1,33,32.1009,1,33,3.2,1,33,4.8472
10,55,Neutral,370.65,84.61,364.25,404.19,319.64,1,33,42.6667,1,33,42.6667,1,33,4.2667,1,33,5.0582
10,55,Defensive,370.65,84.61,364.25,404.19,319.64,1,33,64.0,1,33,64.0,1,33,6.4,1,33,7.3873
10,55,Dynamic,370.65,84.61,364.25,404.19,319.64,1,33,32.0,1,33,32.1009,1,33,3.2,1,33,4.8472
10,56,Offensive,89.29,275.51,369.12,447.87,328.65,1,37,45.5601,1,37,46.4353,1,66,19.6379,1,36,17.5862
10,56,Neutral,89.29,275.51,369.12,447.87,328.65,1,37,57.5601,1,37,57.5601,1,66,21.8045,1,37,20.4153
10,56,Defensive,89.29,275.51,369.12,447.87,328.65,1,36,81.3592,1,36,81.3592,1,51,25.3844,1,37,28.7721
10,56,Dynamic,89.29,275.51,369.12,447.87,328.65,1,37,46.2268,1,37,46.6822,1,66,19.6379,1,36,19.2385
10,57,Offensive,166.46,152.19,379.12,198.51,217.65,1,22,21.0,1,22,21.308,1,22,2.1,1,22,1.8468
10,57,Neutral,166.46,152.19,379.12,198.51,217.65,1,22,28.0,1,22,28.0,1,22,2.8,1,22,2.1065
10,57,Defensive,166.46,152.19,379.12,198.51,217.65,1,22,42.0,1,22,42.0,1,22,4.2,1,22,3.1597
10,57,Dynamic,166.46,152.19,379.12,198.51,217.65,1,22,21.0,1,22,21.308,1,22,2.1,1,22,1.8468
10,58,Offensive,162.34,302.96,288.5,373.23,144.41,1,15,24.5492,1,15,24.5806,1,62,29.1287,1,15,11.3516
10,58,Neutral,162.34,302.96,288.5,373.23,144.41,1,15,29.2159,1,15,29.2473,1,62,31.1621,1,15,15.1354
10,58,Defensive,162.34,302.96,288.5,373.23,144.41,1,15,38.5492,1,15,38.5492,1,47,34.4753,1,15,22.7032
10,58,Dynamic,162.34,302.96,288.5,373.23,144.41,1,15,25.5492,1,15,25.5806,1,62,29.1621,1,15,13.9474
10,59,Offensive,159.28,340.76,299.99,353.51,141.28,1,15,22.2463,1,15,22.2463,1,67,6.6,1,15,9.0773
10,59,Neutral,159.28,340.76,299.99,353.51,141.28,1,15,26.913,1,15,26.913,1,67,8.8,1,15,11.8886
10,59,Defensive,159.28,340.76,299.99,353.51,141.28,1,15,36.2463,1,15,36.2463,1,52,12.4466,1,15,17.8329
10,59,Dynamic,159.28,340.76,299.99,353.51,141.28,1,15,22.913,1,15,22.913,1,67,6.6,1,15,11.0029
10,60,Offensive,108.04,172.09,341.37,68.02,255.49,1,25,25.0119,1,26,25.7356,1,37,3.6,1,26,3.8253
10,60,Neutral,108.04,172.09,341.37,68.02,255.49,1,25,33.0119,1,25,33.0119,1,37,4.8,1,26,5.1004
10,60,Defensive,108.04,172.09,341.37,68.02,255.49,1,25,49.0119,1,25,49.0119,1,37,7.2,1,26,6.1199
10,60,Dynamic,108.04,172.09,341.37,68.02,255.49,1,25,25.0119,1,26,25.7356,1,37,3.6,1,26,3.8253
10,61,Offensive,153.68,450.64,206.05,389.13,80.78,1,9,22.1296,1,9,22.1296,1,24,141.2494,1,9,14.371
10,61,Neutral,153.68,450.64,206.05,389.13,80.78,1,9,24.7963,1,9,24.7963,1,24,142.0161,1,9,19.1613
10,61,Defensive,153.68,450.64,206.05,389.13,80.78,1,8,29.9345,1,8,29.9345,1,9,142.8963,1,9,28.742
10,61,Dynamic,153.68,450.64,206.05,389.13,80.78,1,9,24.1296,1,9,24.1296,1,24,141.4494,1,9,26.8747
10,62,Offensive,366.17,220.41,467.0,361.45,173.37,1,18,17.768,1,18,17.768,1,25,2.4,1,17,3.4978
10,62,Neutral,366.17,220.41,467.0,361.45,173.37,1,18,23.4346,1,18,23.4346,1,25,3.2,1,18,3.0576
10,62,Defensive,366.17,220.41,467.0,361.45,173.37,1,17,34.6176,1,17,34.6176,1,25,4.8,1,19,3.7697
10,62,Dynamic,366.17,220.41,467.0,361.45,173.37,1,18,17.768,1,18,17.768,1,25,2.4,1,17,3.4978
10,63,Offensive,250.55,119.56,351.08,441.22,337.0,1,34,33.0,1,34,33.0,1,34,3.3,1,34,3.7682
10,63,Neutral,250.55,119.56,351.08,441.22,337.0,1,34,44.0,1,34,44.0,1,34,4.4,1,34,5.0243
10,63,Defensive,250.55,119.56,351.08,441.22,337.0,1,34,66.0,1,34,66.0,1,34,6.6,1,34,7.5364
10,63,Dynamic,250.55,119.56,351.08,441.22,337.0,1,34,33.0,1,34,33.0,1,34,3.3,1,34,3.7682
10,64,Offensive,161.31,132.58,416.55,415.46,381.01,1,36,35.4136,1,36,36.9716,1,36,7.6359,1,36,18.6341
10,64,Neutral,161.31,132.58,416.55,415.46,381.01,1,36,47.0803,1,36,47.1167,1,36,8.8025,1,36,22.6376
10,64,Defensive,161.31,132.58,416.55,415.46,381.01,1,36,70.4136,1,36,70.4136,1,36,11.1359,1,36,11.5173
10,64,Dynamic,161.31,132.58,416.55,415.46,381.01,1,36,35.4136,1,36,36.9716,1,36,7.6359,1,36,20.6229
10,65,Offensive,380.82,188.0,242.88,384.92,240.43,1,25,34.9513,1,25,35.1589,1,29,90.2945,1,29,13.4804
10,65,Neutral,380.82,188.0,242.88,384.92,240.43,1,25,42.9513,1,25,42.9513,1,29,91.2278,1,28,15.3087
10,65,Defensive,380.82,188.0,242.88,384.92,240.43,1,25,58.9513,1,25,58.9513,1,29,93.0945,1,28,22.2606
10,65,Dynamic,380.82,188.0,242.88,384.92,240.43,1,25,36.2846,1,25,36.4923,1,29,90.3945,1,29,17.2855
10,66,Offensive,161.29,221.63,369.52,48.38,270.88,1,28,27.2247,1,28,27.6421,1,47,4.6,1,28,4.5375
10,66,Neutral,161.29,221.63,369.52,48.38,270.88,1,28,36.2247,1,28,36.2247,1,28,5.8466,1,28,5.14
10,66,Defensive,161.29,221.63,369.52,48.38,270.88,1,21,50.0648,1,21,50.0648,1,28,7.6466,1,28,7.2937
10,66,Dynamic,161.29,221.63,369.52,48.38,270.88,1,28,27.2247,1,28,27.6421,1,47,4.6,1,28,4.5375
10,67,Offensive,302.15,435.21,201.68,114.26,336.3,1,34,41.8197,1,34,41.8748,1,36,90.8072,1,34,15.0327
10,67,Neutral,302.15,435.21,201.68,114.26,336.3,1,34,52.8197,1,34,52.8748,1,36,91.9739,1,34,17.9909
10,67,Defensive,302.15,435.21,201.68,114.26,336.3,1,34,74.8197,1,34,74.8197,1,36,94.3072,1,34,26.4351
10,67,Dynamic,302.15,435.21,201.68,114.26,336.3,1,34,42.8197,1,34,42.8748,1,36,90.9405,1,34,19.1179
10,68,Offensive,318.8,283.71,100.76,263.09,219.01,1,22,29.0084,1,22,29.104,1,49,4.8,1,33,5.6289
10,68,Neutral,318.8,283.71,100.76,263.09,219.01,1,22,36.0084,1,22,36.0084,1,49,6.4,1,33,6.0561
10,68,Defensive,318.8,283.71,100.76,263.09,219.01,1,22,50.0084,1,22,50.0084,1,34,8.8466,1,33,7.9702
10,68,Dynamic,318.8,283.71,100.76,263.09,219.01,1,22,30.0084,1,22,30.104,1,49,4.8,1,33,5.6289
10,69,Offensive,414.34,163.47,252.75,184.69,162.98,1,17,19.8811,1,17,19.8811,1,17,40.4113,1,17,4.7328
10,69,Neutral,414.34,163.47,252.75,184.69,162.98,1,17,25.2145,1,17,25.2145,1,17,40.9446,1,17,6.3104
10,69,Defensive,414.34,163.47,252.75,184.69,162.98,1,17,35.8811,1,17,35.8811,1,17,42.0113,1,17,9.4656
10,69,Dynamic,414.34,163.47,252.75,184.69,162.98,1,17,20.8811,1,17,20.8811,1,17,40.5113,1,17,8.3322
10,70,Offensive,200.15,196.25,303.96,30.22,195.81,1,21,20.8372,1,21,21.2547,1,43,4.2,1,21,3.9725
10,70,Neutral,200.15,196.25,303.96,30.22,195.81,1,21,27.5039,1,21,27.9214,1,22,5.0466,1,22,4.0557
10,70,Defensive,200.15,196.25,303.96,30.22,195.81,1,21,40.8372,1,21,40.8372,1,22,6.4466,1,22,4.4333
10,70,Dynamic,200.15,196.25,303.96,30.22,195.81,1,21,20.8372,1,21,21.2547,1,43,4.2,1,21,3.9725
10,71,Offensive,375.2,181.2,284.47,59.33,151.93,1,18,18.8936,1,18,19.7516,1,18,20.6363,1,17,5.9635
10,71,Neutral,375.2,181.2,284.47,59.33,151.93,1,16,24.3635,1,16,24.3635,1,18,21.203,1,18,6.1215
10,71,Defensive,375.2,181.2,284.47,59.33,151.93,1,16,34.3635,1,16,34.3635,1,18,22.3363,1,18,8.4829
10,71,Dynamic,375.2,181.2,284.47,59.33,151.93,1,18,19.227,1,18,20.0849,1,18,20.6696,1,17,6.5948
10,72,Offensive,478.5,222.94,348.85,262.8,135.64,1,14,16.2943,1,14,16.3153,1,18,8.3971,1,14,4.2766
10,72,Neutral,478.5,222.94,348.85,262.8,135.64,1,14,20.6276,1,14,20.6486,1,18,8.9638,1,15,4.4727
10,72,Defensive,478.5,222.94,348.85,262.8,135.64,1,14,29.2943,1,14,29.2943,1,18,10.0971,1,17,3.7221
10,72,Dynamic,478.5,222.94,348.85,262.8,135.64,1,14,16.6276,1,14,16.6486,1,18,8.3971,1,16,3.4114
10,73,Offensive,92.21,93.51,165.79,470.52,384.13,1,40,40.4182,1,40,41.0038,1,48,4.7,1,40,7.3693
10,73,Neutral,92.21,93.51,165.79,470.52,384.13,1,40,53.4182,1,40,53.4182,1,48,6.2667,1,44,11.9097
10,73,Defensive,92.21,93.51,165.79,470.52,384.13,1,40,79.4182,1,40,79.4182,1,48,9.4,1,45,16.0069
10,73,Dynamic,92.21,93.51,165.79,470.52,384.13,1,40,40.4182,1,40,41.0038,1,48,4.7,1,40,7.3693
10,74,Offensive,354.02,477.72,33.52,89.95,503.08,1,55,54.9163,1,55,54.9714,1,55,14.5629,1,55,13.1191
10,74,Neutral,354.02,477.72,33.52,89.95,503.08,1,55,72.9163,1,55,72.9163,1,55,16.3629,1,55,16.8876
10,74,Defensive,354.02,477.72,33.52,89.95,503.08,1,47,106.6675,1,47,106.6675,1,55,19.9629,1,55,22.1379
10,74,Dynamic,354.02,477.72,33.52,89.95,503.08,1,55,54.9163,1,55,54.9714,1,55,14.5629,1,55,13.1191
10,75,Offensive,155.5,253.27,250.09,224.25,98.94,1,12,16.2762,1,12,16.2762,1,13,53.7218,1,12,6.4085
10,75,Neutral,155.5,253.27,250.09,224.25,98.94,1,12,19.9428,1,12,19.9428,1,13,54.1218,1,12,7.6332
10,75,Defensive,155.5,253.27,250.09,224.25,98.94,1,12,27.2762,1,12,27.2762,1,13,54.9218,1,12,11.4498
10,75,Dynamic,155.5,253.27,250.09,224.25,98.94,1,12,16.6095,1,12,16.6095,1,13,53.7552,1,12,7.4615
10,76,Offensive,91.89,26.67,398.14,34.82,306.36,1,31,30.0,1,31,30.1113,1,31,3.0,1,31,3.2453
10,76,Neutral,91.89,26.67,398.14,34.82,306.36,1,31,40.0,1,31,40.0,1,31,4.0,1,31,4.1799
10,76,Defensive,91.89,26.67,398.14,34.82,306.36,1,31,60.0,1,31,60.0,1,31,6.0,1,31,6.2699
10,76,Dynamic,91.89,26.67,398.14,34.82,306.36,1,31,30.0,1,31,30.1113,1,31,3.0,1,31,3.2453
10,77,Offensive,412.88,196.74,28.08,314.53,402.43,1,42,51.9942,1,42,51.9942,1,69,78.5687,1,45,17.1458
10,77,Neutral,412.88,196.74,28.08,314.53,402.43,1,42,65.6609,1,42,65.6609,1,69,80.8354,1,54,21.842
10,77,Defensive,412.88,196.74,28.08,314.53,402.43,1,42,92.9942,1,42,92.9942,1,54,84.6153,1,54,30.7344
10,77,Dynamic,412.88,196.74,28.08,314.53,402.43,1,42,53.6609,1,42,53.6609,1,69,78.702,1,54,20.9978
10,78,Offensive,468.68,158.9,232.65,273.8,262.52,1,24,31.08,1,24,31.101,1,68,6.7,1,24,10.0292
10,78,Neutral,468.68,158.9,232.65,273.8,262.52,1,24,38.7467,1,24,38.7467,1,68,8.9333,1,24,13.3723
10,78,Defensive,468.68,158.9,232.65,273.8,262.52,1,24,54.08,1,24,54.08,1,53,12.6466,1,45,11.2489
10,78,Dynamic,468.68,158.9,232.65,273.8,262.52,1,24,32.08,1,24,32.101,1,68,6.7,1,24,12.2643
10,79,Offensive,39.69,397.35,464.15,169.91,481.55,1,44,51.0084,1,44,53.1473,1,70,6.9,1,44,17.0223
10,79,Neutral,39.69,397.35,464.15,169.91,481.55,1,44,65.3417,1,44,65.8265,1,70,9.2,1,45,21.9665
10,79,Defensive,39.69,397.35,464.15,169.91,481.55,1,44,94.0084,1,44,94.0084,1,55,13.0466,1,54,19.5611
10,79,Dynamic,39.69,397.35,464.15,169.91,481.55,1,44,52.0084,1,54,53.6421,1,70,6.9,1,44,19.8249
10,80,Offensive,180.95,335.05,409.98,169.09,282.84,1,25,32.4931,1,26,33.8779,1,59,5.8,1,26,12.0313
10,80,Neutral,180.95,335.05,409.98,169.09,282.84,1,25,40.4931,1,25,40.4931,1,59,7.7333,1,26,16.0418
10,80,Defensive,180.95,335.05,409.98,169.09,282.84,1,25,56.4931,1,25,56.4931,1,44,10.8466,1,43,12.9485
10,80,Dynamic,180.95,335.05,409.98,169.09,282.84,1,25,33.4931,1,26,34.8779,1,59,5.8,1,26,14.794
10,81,Offensive,52.83,141.91,35.87,322.0,180.89,1,23,28.5437,1,23,28.7786,1,24,66.5931,1,23,8.8842
10,81,Neutral,52.83,141.91,35.87,322.0,180.89,1,23,35.8771,1,23,35.8771,1,24,67.3598,1,23,11.5023
10,81,Defensive,52.83,141.91,35.87,322.0,180.89,1,19,48.7405,1,19,48.7405,1,24,68.8931,1,23,17.2534
10,81,Dynamic,52.83,141.91,35.87,322.0,180.89,1,23,29.8771,1,23,30.1119,1,24,66.7264,1,23,13.8035
10,82,Offensive,222.89,441.34,418.06,406.96,198.17,1,22,26.5147,1,22,26.919,1,96,45.5286,1,22,8.0148
10,82,Neutral,222.89,441.34,418.06,406.96,198.17,1,21,33.3386,1,21,33.3386,1,96,48.6953,1,23,9.7372
10,82,Defensive,222.89,441.34,418.06,406.96,198.17,1,21,46.6719,1,21,46.6719,1,24,51.6973,1,23,13.1134
10,82,Dynamic,222.89,441.34,418.06,406.96,198.17,1,22,26.5147,1,22,26.919,1,96,45.562,1,22,8.0148
10,83,Offensive,72.32,329.63,54.32,82.93,247.35,1,25,24.1144,1,25,24.5194,1,26,2.5,1,25,2.7981
10,83,Neutral,72.32,329.63,54.32,82.93,247.35,1,25,32.1144,1,25,32.1144,1,26,3.3333,1,25,3.1085
10,83,Defensive,72.32,329.63,54.32,82.93,247.35,1,25,48.1144,1,25,48.1144,1,26,5.0,1,25,4.6627
10,83,Dynamic,72.32,329.63,54.32,82.93,247.35,1,25,24.1144,1,25,24.5194,1,26,2.5,1,25,2.7981
10,84,Offensive,82.58,430.96,245.43,256.38,238.74,1,19,18.0,1,19,18.0,1,19,1.8,1,19,1.3875
10,84,Neutral,82.58,430.96,245.43,256.38,238.74,1,19,24.0,1,19,24.0,1,19,2.4,1,19,1.85
10,84,Defensive,82.58,430.96,245.43,256.38,238.74,1,19,36.0,1,19,36.0,1,19,3.6,1,19,2.775
10,84,Dynamic,82.58,430.96,245.43,256.38,238.74,1,19,18.0,1,19,18.0,1,19,1.8,1,19,1.3875
10,85,Offensive,106.77,333.43,328.92,455.74,253.6,1,36,51.2863,1,36,51.3304,1,75,78.6421,1,33,24.4157
10,85,Neutral,106.77,333.43,328.92,455.74,253.6,1,23,59.3827,1,23,59.3827,1,75,81.1088,1,36,29.3377
10,85,Defensive,106.77,333.43,328.92,455.74,253.6,1,23,74.0494,1,23,74.0494,1,60,85.2887,1,38,38.1416
10,85,Dynamic,106.77,333.43,328.92,455.74,253.6,1,36,53.2863,1,36,53.3304,1,75,78.7755,1,33,32.7276
10,86,Offensive,119.64,118.32,79.31,300.61,186.7,1,26,26.8482,1,26,27.1313,1,32,18.1912,1,26,4.9682
10,86,Neutral,119.64,118.32,79.31,300.61,186.7,1,26,35.1815,1,26,35.2297,1,32,19.2245,1,26,6.0063
10,86,Defensive,119.64,118.32,79.31,300.61,186.7,1,24,51.8074,1,24,51.8074,1,32,21.2912,1,26,9.0094
10,86,Dynamic,119.64,118.32,79.31,300.61,186.7,1,26,26.8482,1,26,27.1313,1,32,18.1912,1,26,4.9682
10,87,Offensive,332.27,296.07,383.3,80.51,221.52,1,22,21.0,1,22,21.1543,1,22,2.1,1,22,1.7501
10,87,Neutral,332.27,296.07,383.3,80.51,221.52,1,22,28.0,1,22,28.0,1,22,2.8,1,22,2.3335
10,87,Defensive,332.27,296.07,383.3,80.51,221.52,1,22,42.0,1,22,42.0,1,22,4.2,1,22,3.1957
10,87,Dynamic,332.27,296.07,383.3,80.51,221.52,1,22,21.0,1,22,21.1543,1,22,2.1,1,22,1.7501
10,88,Offensive,288.93,367.75,37.4,325.88,255.0,1,26,40.2368,1,26,40.3081,1,68,70.9931,1,28,19.1315
10,88,Neutral,288.93,367.75,37.4,325.88,255.0,1,26,48.5702,1,26,48.5702,1,68,73.2264,1,28,25.5087
10,88,Defensive,288.93,367.75,37.4,325.88,255.0,1,26,65.2368,1,26,65.2368,1,53,76.9396,1,52,29.56
10,88,Dynamic,288.93,367.75,37.4,325.88,255.0,1,27,42.6756,1,27,42.7469,1,68,71.1264,1,28,25.2308
10,89,Offensive,231.52,366.81,152.21,457.26,120.3,1,18,17.8869,1,18,17.8869,1,28,9.3464,1,17,3.9582
10,89,Neutral,231.52,366.81,152.21,457.26,120.3,1,18,23.5536,1,18,23.5536,1,28,10.2464,1,18,3.547
10,89,Defensive,231.52,366.81,152.21,457.26,120.3,1,17,34.5365,1,17,34.5365,1,28,12.0464,1,18,4.1322
10,89,Dynamic,231.52,366.81,152.21,457.26,120.3,1,18,17.8869,1,18,17.8869,1,28,9.3464,1,17,3.9582
10,90,Offensive,266.04,340.96,204.56,442.73,118.9,1,14,25.7208,1,14,25.7208,1,35,76.1731,1,25,12.0673
10,90,Neutral,266.04,340.96,204.56,442.73,118.9,1,13,29.9411,1,13,29.9411,1,35,77.3064,1,26,13.7592
10,90,Defensive,266.04,340.96,204.56,442.73,118.9,1,13,37.9411,1,13,37.9411,1,35,79.5731,1,26,19.6634
10,90,Dynamic,266.04,340.96,204.56,442.73,118.9,1,14,26.3874,1,14,26.3874,1,35,76.2731,1,25,14.2173
10,91,Offensive,366.86,67.6,64.05,32.16,304.88,1,31,30.1454,1,31,30.1994,1,31,4.4539,1,31,3.5464
10,91,Neutral,366.86,67.6,64.05,32.16,304.88,1,31,40.1454,1,31,40.1454,1,31,5.4539,1,31,4.7286
10,91,Defensive,366.86,67.6,64.05,32.16,304.88,1,31,60.1454,1,31,60.1454,1,31,7.4539,1,31,6.8727
10,91,Dynamic,366.86,67.6,64.05,32.16,304.88,1,31,30.1454,1,31,30.1994,1,31,4.4539,1,31,3.5464
10,92,Offensive,157.85,368.47,98.21,45.16,328.76,1,33,32.4573,1,34,33.1598,1,34,3.3,1,33,5.8953
10,92,Neutral,157.85,368.47,98.21,45.16,328.76,1,33,43.1239,1,33,43.1239,1,34,4.4,1,33,7.4993
10,92,Defensive,157.85,368.47,98.21,45.16,328.76,1,33,64.4573,1,33,64.4573,1,34,6.6,1,34,9.1751
10,92,Dynamic,157.85,368.47,98.21,45.16,328.76,1,33,32.4573,1,34,33.1598,1,34,3.3,1,33,5.8953
10,93,Offensive,172.14,38.24,410.62,127.54,254.65,1,25,24.9025,1,25,25.1343,1,26,2.5,1,25,3.1311
10,93,Neutral,172.14,38.24,410.62,127.54,254.65,1,25,32.9025,1,25,32.9025,1,26,3.3333,1,26,3.1958
10,93,Defensive,172.14,38.24,410.62,127.54,254.65,1,25,48.9025,1,25,48.9025,1,26,5.0,1,26,4.7937
10,93,Dynamic,172.14,38.24,410.62,127.54,254.65,1,25,24.9025,1,25,25.1343,1,26,2.5,1,25,3.1311
10,94,Offensive,209.81,143.93,456.71,112.63,248.88,1,26,25.0,1,26,25.0566,1,26,2.5,1,26,2.1807
10,94,Neutral,209.81,143.93,456.71,112.63,248.88,1,26,33.3333,1,26,33.3333,1,26,3.3333,1,26,2.9076
10,94,Defensive,209.81,143.93,456.71,112.63,248.88,1,26,50.0,1,26,50.0,1,26,5.0,1,26,4.3614
10,94,Dynamic,209.81,143.93,456.71,112.63,248.88,1,26,25.0,1,26,25.0566,1,26,2.5,1,26,2.1807
10,95,Offensive,326.55,401.53,471.38,254.74,206.22,1,21,23.7179,1,21,23.762,1,22,31.1361,1,21,5.9879
10,95,Neutral,326.55,401.53,471.38,254.74,206.22,1,21,30.3846,1,21,30.4287,1,22,31.8361,1,21,6.9619
10,95,Defensive,326.55,401.53,471.38,254.74,206.22,1,21,43.7179,1,21,43.7179,1,22,33.2361,1,22,9.1121
10,95,Dynamic,326.55,401.53,471.38,254.74,206.22,1,21,24.0513,1,21,24.0953,1,22,31.1694,1,21,6.5651
10,96,Offensive,204.83,203.84,76.93,260.64,139.95,1,14,16.7312,1,14,16.7312,1,14,38.6123,1,14,6.0196
10,96,Neutral,204.83,203.84,76.93,260.64,139.95,1,14,21.0646,1,14,21.0646,1,14,39.0457,1,14,6.4013
10,96,Defensive,204.83,203.84,76.93,260.64,139.95,1,14,29.7312,1,14,29.7312,1,14,39.9123,1,14,9.0027
10,96,Dynamic,204.83,203.84,76.93,260.64,139.95,1,14,17.0646,1,14,17.0646,1,14,38.6457,1,14,6.9498
10,97,Offensive,357.22,113.27,442.87,263.11,172.59,1,23,22.768,1,23,23.2647,1,44,4.3,1,24,3.8914
10,97,Neutral,357.22,113.27,442.87,263.11,172.59,1,22,30.0944,1,22,30.0944,1,44,5.7333,1,25,3.6163
10,97,Defensive,357.22,113.27,442.87,263.11,172.59,1,21,43.6109,1,21,43.6109,1,44,8.6,1,25,4.9683
10,97,Dynamic,357.22,113.27,442.87,263.11,172.59,1,23,22.768,1,23,23.2647,1,44,4.3,1,24,3.8914
10,98,Offensive,28.41,61.57,162.24,460.48,420.76,1,41,40.6447,1,41,41.2303,1,49,4.8,1,41,6.9114
10,98,Neutral,28.41,61.57,162.24,460.48,420.76,1,41,53.978,1,41,53.978,1,49,6.4,1,41,9.2152
10,98,Defensive,28.41,61.57,162.24,460.48,420.76,1,41,80.6447,1,41,80.6447,1,49,9.6,1,41,13.8229
10,98,Dynamic,28.41,61.57,162.24,460.48,420.76,1,41,40.6447,1,41,41.2303,1,49,4.8,1,41,6.9114
10,99,Offensive,30.29,59.34,409.38,115.7,383.26,1,38,37.0,1,38,37.2652,1,38,3.7,1,38,4.9875
10,99,Neutral,30.29,59.34,409.38,115.7,383.26,1,38,49.3333,1,38,49.3333,1,38,4.9333,1,38,6.6501
10,99,Defensive,30.29,59.34,409.38,115.7,383.26,1,38,74.0,1,38,74.0,1,38,7.4,1,38,9.6282
10,99,Dynamic,30.29,59.34,409.38,115.7,383.26,1,38,37.0,1,38,37.2652,1,38,3.7,1,38,4.9875
10,100,Offensive,59.02,26.34,38.49,308.01,282.41,1,29,35.2474,1,29,35.2474,1,38,50.8802,1,29,11.5845
10,100,Neutral,59.02,26.34,38.49,308.01,282.41,1,29,44.5807,1,29,44.5807,1,38,52.1135,1,35,12.8528
10,100,Defensive,59.02,26.34,38.49,308.01,282.41,1,29,63.2474,1,29,63.2474,1,38,54.5802,1,35,17.4278
10,100,Dynamic,59.02,26.34,38.49,308.01,282.41,1,29,35.9141,1,29,35.9141,1,38,50.9135,1,35,12.1265
